mtllib tabletennispaddle.mtl
o BAKE
usemtl __DEFAULT
v 1.9107833504676819 13.329510326143815 -0.3966032823496791
v -1.914859190583229 13.329510325372652 -0.4013366362029047
v -0.9407024830579758 13.49324726499929 -0.4001311589384559
v -0.9407024830579758 13.49324726499929 -0.4001311589384559
v 0.9366266429424286 13.493247265377647 -0.39780881296639475
v 1.9107833504676819 13.329510326143815 -0.3966032823496791
v -1.2481512501835823 -1.4251930360339309 -0.4005101981425858
v -3.8767077028751373 -1.4251930365636565 -0.4037616315150833
v -5.713009834289551 -0.09553781340771775 -0.406033530167418
v -5.713009834289551 -0.09553781340771775 -0.406033530167418
v 5.708932876586914 -0.09553706604746322 -0.3919027590074139
v 3.8726307451725006 -1.425193035001791 -0.39417496946102154
v 3.8726307451725006 -1.425193035001791 -0.39417496946102154
v 1.2674816884100437 -1.425193035526904 -0.39739809062725073
v -1.2481512501835823 -1.4251930360339309 -0.4005101981425858
v -1.2481512501835823 -1.4251930360339309 -0.4005101981425858
v -5.713009834289551 -0.09553781340771775 -0.406033530167418
v 3.8726307451725006 -1.425193035001791 -0.39417496946102154
v 5.708932876586914 -0.09553706604746322 -0.3919027590074139
v -5.713009834289551 -0.09553781340771775 -0.406033530167418
v -6.515340507030487 0.949150536951611 -0.40702611770426433
v -6.515340507030487 0.949150536951611 -0.40702611770426433
v 6.511262804269791 0.9491520296932959 -0.39091051187336107
v 5.708932876586914 -0.09553706604746322 -0.3919027590074139
v 6.511262804269791 0.9491520296932959 -0.39091051187336107
v -6.515340507030487 0.949150536951611 -0.40702611770426433
v -7.113571465015411 2.11844772907666 -0.4077668959182918
v -7.113571465015411 2.11844772907666 -0.4077668959182918
v 7.109495997428894 2.118447731943418 -0.390170859722537
v 6.511262804269791 0.9491520296932959 -0.39091051187336107
v 7.109495997428894 2.118447731943418 -0.390170859722537
v -7.113571465015411 2.11844772907666 -0.4077668959182918
v -7.3420800268650055 3.3923941930923753 -0.4080494804751389
v -7.3420800268650055 3.3923941930923753 -0.4080494804751389
v 7.338004559278488 3.3923956861673843 -0.3898879452123204
v 7.109495997428894 2.118447731943418 -0.390170859722537
v 7.338004559278488 3.3923956861673843 -0.3898879452123204
v -7.3420800268650055 3.3923941930923753 -0.4080494804751389
v -7.389674335718155 5.795204945474569 -0.40810873152941535
v -7.389674335718155 5.795204945474569 -0.40810873152941535
v 7.385598868131638 5.795204948452637 -0.38982947709292265
v 7.338004559278488 3.3923956861673843 -0.3898879452123204
v 7.385598868131638 5.795204948452637 -0.38982947709292265
v -7.389674335718155 5.795204945474569 -0.40810873152941535
v -7.049225270748138 7.961046629288506 -0.4076881265860882
v -7.049225270748138 7.961046629288506 -0.4076881265860882
v 7.045148313045502 7.96104663212941 -0.3902507877570479
v 7.385598868131638 5.795204948452637 -0.38982947709292265
v 7.045148313045502 7.96104663212941 -0.3902507877570479
v -7.049225270748138 7.961046629288506 -0.4076881265860882
v -6.63401335477829 9.304636650505667 -0.40717425542349983
v -6.63401335477829 9.304636650505667 -0.40717425542349983
v 6.629936397075653 9.30463665317906 -0.390765096716835
v 7.045148313045502 7.96104663212941 -0.3902507877570479
v 6.629936397075653 9.30463665317906 -0.390765096716835
v -6.63401335477829 9.304636650505667 -0.40717425542349983
v -5.951052159070969 10.698497229180289 -0.40632958667252145
v -5.951052159070969 10.698497229180289 -0.40632958667252145
v 5.946975946426392 10.698497231578378 -0.39161021964523895
v 6.629936397075653 9.30463665317906 -0.390765096716835
v 5.946975946426392 10.698497231578378 -0.39161021964523895
v -5.951052159070969 10.698497229180289 -0.40632958667252145
v -4.689837247133255 12.127318912364442 -0.40476966788012525
v -4.689837247133255 12.127318912364442 -0.40476966788012525
v 4.685761034488678 12.12731891425417 -0.39317060400683435
v 5.946975946426392 10.698497231578378 -0.39161021964523895
v 4.685761034488678 12.12731891425417 -0.39317060400683435
v -4.689837247133255 12.127318912364442 -0.40476966788012525
v -3.3848077058792114 12.928779357554689 -0.40315525763925225
v -3.3848077058792114 12.928779357554689 -0.40315525763925225
v 3.380732238292694 12.928779358918332 -0.39478527539666813
v 4.685761034488678 12.12731891425417 -0.39317060400683435
v 3.380732238292694 12.928779358918332 -0.39478527539666813
v -3.3848077058792114 12.928779357554689 -0.40315525763925225
v -1.914859190583229 13.329510325372652 -0.4013366362029047
v -1.914859190583229 13.329510325372652 -0.4013366362029047
v 1.9107833504676819 13.329510326143815 -0.3966032823496791
v 3.380732238292694 12.928779358918332 -0.39478527539666813
v -3.384927660226822 12.928779373333331 -0.30630665057596007
v -1.9149789586663246 13.329510341151295 -0.3044880291396126
v -1.914859190583229 13.329510325372652 -0.4013366362029047
v -1.914859190583229 13.329510325372652 -0.4013366362029047
v -3.3848077058792114 12.928779357554689 -0.40315525763925225
v -3.384927660226822 12.928779373333331 -0.30630665057596007
v 7.337885349988937 3.392395701946025 -0.2930393381490282
v 7.109376788139343 2.118447747722059 -0.29332225265924483
v 7.109495997428894 2.118447731943418 -0.390170859722537
v 7.109495997428894 2.118447731943418 -0.390170859722537
v 7.338004559278488 3.3923956861673843 -0.3898879452123204
v 7.337885349988937 3.392395701946025 -0.2930393381490282
v 1.9106635823845863 13.329510341922333 -0.29975542034444663
v 3.3806122839450836 12.928779374696973 -0.29793666833337595
v 3.380732238292694 12.928779358918332 -0.39478527539666813
v 3.380732238292694 12.928779358918332 -0.39478527539666813
v 1.9107833504676819 13.329510326143815 -0.3966032823496791
v 1.9106635823845863 13.329510341922333 -0.29975542034444663
v -7.342199236154556 3.392394208871016 -0.3112008734118467
v -7.389793545007706 5.7952049612532095 -0.31126012446612317
v -7.389674335718155 5.795204945474569 -0.40810873152941535
v -7.389674335718155 5.795204945474569 -0.40810873152941535
v -7.3420800268650055 3.3923941930923753 -0.4080494804751389
v -7.342199236154556 3.392394208871016 -0.3112008734118467
v -1.9149789586663246 13.329510341151295 -0.3044880291396126
v -0.9408223442733288 13.493247280777931 -0.30328255187516373
v -0.9407024830579758 13.49324726499929 -0.4001311589384559
v -0.9407024830579758 13.49324726499929 -0.4001311589384559
v -1.914859190583229 13.329510325372652 -0.4013366362029047
v -1.9149789586663246 13.329510341151295 -0.3044880291396126
v 7.385479658842087 5.795204964231278 -0.29298087002963047
v 7.337885349988937 3.392395701946025 -0.2930393381490282
v 7.338004559278488 3.3923956861673843 -0.3898879452123204
v 7.338004559278488 3.3923956861673843 -0.3898879452123204
v 7.385598868131638 5.795204948452637 -0.38982947709292265
v 7.385479658842087 5.795204964231278 -0.29298087002963047
v -7.389793545007706 5.7952049612532095 -0.31126012446612317
v -7.049344480037689 7.961046645067148 -0.31083951952279604
v -7.049225270748138 7.961046629288506 -0.4076881265860882
v -7.049225270748138 7.961046629288506 -0.4076881265860882
v -7.389674335718155 5.795204945474569 -0.40810873152941535
v -7.389793545007706 5.7952049612532095 -0.31126012446612317
v 1.2673618271946907 -1.4251930197482632 -0.3005494835639586
v -1.2482711113989353 -1.4251930202552898 -0.30366159107929364
v -1.2481512501835823 -1.4251930360339309 -0.4005101981425858
v -1.2481512501835823 -1.4251930360339309 -0.4005101981425858
v 1.2674816884100437 -1.425193035526904 -0.39739809062725073
v 1.2673618271946907 -1.4251930197482632 -0.3005494835639586
v 3.87251079082489 -1.4251930192231501 -0.29732636239772936
v 1.2673618271946907 -1.4251930197482632 -0.3005494835639586
v 1.2674816884100437 -1.425193035526904 -0.39739809062725073
v 1.2674816884100437 -1.425193035526904 -0.39739809062725073
v 3.8726307451725006 -1.425193035001791 -0.39417496946102154
v 3.87251079082489 -1.4251930192231501 -0.29732636239772936
v 7.045029103755951 7.96104664790805 -0.29340218069375573
v 7.385479658842087 5.795204964231278 -0.29298087002963047
v 7.385598868131638 5.795204948452637 -0.38982947709292265
v 7.385598868131638 5.795204948452637 -0.38982947709292265
v 7.045148313045502 7.96104663212941 -0.3902507877570479
v 7.045029103755951 7.96104664790805 -0.29340218069375573
v 0.9365067817270756 13.493247281156288 -0.30096020590310263
v 1.9106635823845863 13.329510341922333 -0.29975542034444663
v 1.9107833504676819 13.329510326143815 -0.3966032823496791
v 1.9107833504676819 13.329510326143815 -0.3966032823496791
v 0.9366266429424286 13.493247265377647 -0.39780881296639475
v 0.9365067817270756 13.493247281156288 -0.30096020590310263
v -1.2482711113989353 -1.4251930202552898 -0.30366159107929364
v -3.876827657222748 -1.4251930207850156 -0.30691302445179114
v -3.8767077028751373 -1.4251930365636565 -0.4037616315150833
v -3.8767077028751373 -1.4251930365636565 -0.4037616315150833
v -1.2481512501835823 -1.4251930360339309 -0.4005101981425858
v -1.2482711113989353 -1.4251930202552898 -0.30366159107929364
v -7.049344480037689 7.961046645067148 -0.31083951952279604
v -6.634132564067841 9.304636666284308 -0.31032564836020765
v -6.63401335477829 9.304636650505667 -0.40717425542349983
v -6.63401335477829 9.304636650505667 -0.40717425542349983
v -7.049225270748138 7.961046629288506 -0.4076881265860882
v -7.049344480037689 7.961046645067148 -0.31083951952279604
v -0.9408223442733288 13.493247280777931 -0.30328255187516373
v 0.9365067817270756 13.493247281156288 -0.30096020590310263
v 0.9366266429424286 13.493247265377647 -0.39780881296639475
v 0.9366266429424286 13.493247265377647 -0.39780881296639475
v -0.9407024830579758 13.49324726499929 -0.4001311589384559
v -0.9408223442733288 13.493247280777931 -0.30328255187516373
v 6.629817187786102 9.3046366689577 -0.29391648965354283
v 7.045029103755951 7.96104664790805 -0.29340218069375573
v 7.045148313045502 7.96104663212941 -0.3902507877570479
v 7.045148313045502 7.96104663212941 -0.3902507877570479
v 6.629936397075653 9.30463665317906 -0.390765096716835
v 6.629817187786102 9.3046366689577 -0.29391648965354283
v -3.876827657222748 -1.4251930207850156 -0.30691302445179114
v -5.713129788637161 -0.09553780344984296 -0.30918492310412493
v -5.713009834289551 -0.09553781340771775 -0.406033530167418
v -5.713009834289551 -0.09553781340771775 -0.406033530167418
v -3.8767077028751373 -1.4251930365636565 -0.4037616315150833
v -3.876827657222748 -1.4251930207850156 -0.30691302445179114
v -6.634132564067841 9.304636666284308 -0.31032564836020765
v -5.951172113418579 10.69849724495893 -0.3094809796092293
v -5.951052159070969 10.698497229180289 -0.40632958667252145
v -5.951052159070969 10.698497229180289 -0.40632958667252145
v -6.63401335477829 9.304636650505667 -0.40717425542349983
v -6.634132564067841 9.304636666284308 -0.31032564836020765
v 5.708812922239304 -0.0955370560897098 -0.29505489700218046
v 3.87251079082489 -1.4251930192231501 -0.29732636239772936
v 3.8726307451725006 -1.425193035001791 -0.39417496946102154
v 3.8726307451725006 -1.425193035001791 -0.39417496946102154
v 5.708932876586914 -0.09553706604746322 -0.3919027590074139
v 5.708812922239304 -0.0955370560897098 -0.29505489700218046
v 5.946855992078781 10.698497247357018 -0.2947616125819468
v 6.629817187786102 9.3046366689577 -0.29391648965354283
v 6.629936397075653 9.30463665317906 -0.390765096716835
v 6.629936397075653 9.30463665317906 -0.390765096716835
v 5.946975946426392 10.698497231578378 -0.39161021964523895
v 5.946855992078781 10.698497247357018 -0.2947616125819468
v -5.713129788637161 -0.09553780344984296 -0.30918492310412493
v -6.515459716320038 0.9491505527301306 -0.31017825569903185
v -6.515340507030487 0.949150536951611 -0.40702611770426433
v -6.515340507030487 0.949150536951611 -0.40702611770426433
v -5.713009834289551 -0.09553781340771775 -0.406033530167418
v -5.713129788637161 -0.09553780344984296 -0.30918492310412493
v -5.951172113418579 10.69849724495893 -0.3094809796092293
v -4.6899572014808655 12.127318928143083 -0.30792106081683307
v -4.689837247133255 12.127318912364442 -0.40476966788012525
v -4.689837247133255 12.127318912364442 -0.40476966788012525
v -5.951052159070969 10.698497229180289 -0.40632958667252145
v -5.951172113418579 10.69849724495893 -0.3094809796092293
v 6.51114359498024 0.9491520454719368 -0.2940619048100689
v 5.708812922239304 -0.0955370560897098 -0.29505489700218046
v 5.708932876586914 -0.09553706604746322 -0.3919027590074139
v 5.708932876586914 -0.09553706604746322 -0.3919027590074139
v 6.511262804269791 0.9491520296932959 -0.39091051187336107
v 6.51114359498024 0.9491520454719368 -0.2940619048100689
v 4.6856410801410675 12.12731893003281 -0.2963219969435422
v 5.946855992078781 10.698497247357018 -0.2947616125819468
v 5.946975946426392 10.698497231578378 -0.39161021964523895
v 5.946975946426392 10.698497231578378 -0.39161021964523895
v 4.685761034488678 12.12731891425417 -0.39317060400683435
v 4.6856410801410675 12.12731893003281 -0.2963219969435422
v -6.515459716320038 0.9491505527301306 -0.31017825569903185
v -7.113690674304962 2.1184477448553007 -0.3109182888549996
v -7.113571465015411 2.11844772907666 -0.4077668959182918
v -7.113571465015411 2.11844772907666 -0.4077668959182918
v -6.515340507030487 0.949150536951611 -0.40702611770426433
v -6.515459716320038 0.9491505527301306 -0.31017825569903185
v -4.6899572014808655 12.127318928143083 -0.30792106081683307
v -3.384927660226822 12.928779373333331 -0.30630665057596007
v -3.3848077058792114 12.928779357554689 -0.40315525763925225
v -3.3848077058792114 12.928779357554689 -0.40315525763925225
v -4.689837247133255 12.127318912364442 -0.40476966788012525
v -4.6899572014808655 12.127318928143083 -0.30792106081683307
v 7.109376788139343 2.118447747722059 -0.29332225265924483
v 6.51114359498024 0.9491520454719368 -0.2940619048100689
v 6.511262804269791 0.9491520296932959 -0.39091051187336107
v 6.511262804269791 0.9491520296932959 -0.39091051187336107
v 7.109495997428894 2.118447731943418 -0.390170859722537
v 7.109376788139343 2.118447747722059 -0.29332225265924483
v 3.3806122839450836 12.928779374696973 -0.29793666833337595
v 4.6856410801410675 12.12731893003281 -0.2963219969435422
v 4.685761034488678 12.12731891425417 -0.39317060400683435
v 4.685761034488678 12.12731891425417 -0.39317060400683435
v 3.380732238292694 12.928779358918332 -0.39478527539666813
v 3.3806122839450836 12.928779374696973 -0.29793666833337595
v -7.113690674304962 2.1184477448553007 -0.3109182888549996
v -7.342199236154556 3.392394208871016 -0.3112008734118467
v -7.3420800268650055 3.3923941930923753 -0.4080494804751389
v -7.3420800268650055 3.3923941930923753 -0.4080494804751389
v -7.113571465015411 2.11844772907666 -0.4077668959182918
v -7.113690674304962 2.1184477448553007 -0.3109182888549996
v 1.9097954034805298 13.329510456240522 0.4019246140545766
v 0.9356386959552765 13.493247395474476 0.40071982849592064
v -0.9416904300451279 13.493247395096118 0.3983974825238595
v -0.9416904300451279 13.493247395096118 0.3983974825238595
v -1.9158471375703812 13.329510455469482 0.3971920052594106
v 1.9097954034805298 13.329510456240522 0.4019246140545766
v 3.8716427981853485 -1.425192904904962 0.40435367200129385
v 5.707944929599762 -0.09553697087535219 0.4066251373968475
v -5.713997781276703 -0.09553771823548533 0.39249511129490305
v -5.713997781276703 -0.09553771823548533 0.39249511129490305
v -3.8776956498622894 -1.4251929064668276 0.3947670099472321
v -1.2491391971707344 -1.4251929059371018 0.3980184433197296
v -1.2491391971707344 -1.4251929059371018 0.3980184433197296
v 1.2664937414228916 -1.4251929054300752 0.4011305508350646
v 3.8716427981853485 -1.425192904904962 0.40435367200129385
v 3.8716427981853485 -1.425192904904962 0.40435367200129385
v -5.713997781276703 -0.09553771823548533 0.39249511129490305
v -1.2491391971707344 -1.4251929059371018 0.3980184433197296
v 5.707944929599762 -0.09553697087535219 0.4066251373968475
v 6.510275602340698 0.9491521597901249 0.4076181295889543
v -6.5163277089595795 0.9491506670483186 0.39150177869999137
v -6.5163277089595795 0.9491506670483186 0.39150177869999137
v -5.713997781276703 -0.09553771823548533 0.39249511129490305
v 5.707944929599762 -0.09553697087535219 0.4066251373968475
v 6.510275602340698 0.9491521597901249 0.4076181295889543
v 7.108508795499802 2.1184478620402474 0.4083577817397784
v -7.114558666944504 2.118447859173489 0.3907617455440236
v -7.114558666944504 2.118447859173489 0.3907617455440236
v -6.5163277089595795 0.9491506670483186 0.39150177869999137
v 6.510275602340698 0.9491521597901249 0.4076181295889543
v 7.108508795499802 2.1184478620402474 0.4083577817397784
v 7.337017357349396 3.392395816264213 0.408640696249995
v -7.343067228794098 3.392394323189204 0.3904791609871765
v -7.343067228794098 3.392394323189204 0.3904791609871765
v -7.114558666944504 2.118447859173489 0.3907617455440236
v 7.108508795499802 2.1184478620402474 0.4083577817397784
v 7.337017357349396 3.392395816264213 0.408640696249995
v 7.384611666202545 5.795205078549467 0.40869916436939274
v -7.390661537647247 5.795205075571398 0.39041990993290004
v -7.390661537647247 5.795205075571398 0.39041990993290004
v -7.343067228794098 3.392394323189204 0.3904791609871765
v 7.337017357349396 3.392395816264213 0.408640696249995
v 7.384611666202545 5.795205078549467 0.40869916436939274
v 7.044161111116409 7.961046762226239 0.4082778537052675
v -7.050212472677231 7.961046759385336 0.3908405148762272
v -7.050212472677231 7.961046759385336 0.3908405148762272
v -7.390661537647247 5.795205075571398 0.39041990993290004
v 7.384611666202545 5.795205078549467 0.40869916436939274
v 7.044161111116409 7.961046762226239 0.4082778537052675
v 6.628949195146561 9.304636783275887 0.4077635447454804
v -6.635000556707382 9.304636780602497 0.39135438603881556
v -6.635000556707382 9.304636780602497 0.39135438603881556
v -7.050212472677231 7.961046759385336 0.3908405148762272
v 7.044161111116409 7.961046762226239 0.4082778537052675
v 6.628949195146561 9.304636783275887 0.4077635447454804
v 5.9459879994392395 10.698497361675207 0.40691842181707644
v -5.952040106058121 10.698497359277116 0.39219905478979394
v -5.952040106058121 10.698497359277116 0.39219905478979394
v -6.635000556707382 9.304636780602497 0.39135438603881556
v 6.628949195146561 9.304636783275887 0.4077635447454804
v 5.9459879994392395 10.698497361675207 0.40691842181707644
v 4.684773087501526 12.127319044351 0.405358037455481
v -4.690825194120407 12.127319042461272 0.39375897358219014
v -4.690825194120407 12.127319042461272 0.39375897358219014
v -5.952040106058121 10.698497359277116 0.39219905478979394
v 5.9459879994392395 10.698497361675207 0.40691842181707644
v 4.684773087501526 12.127319044351 0.405358037455481
v 3.379744291305542 12.928779489015161 0.40374336606564726
v -3.3857956528663635 12.928779487651518 0.39537338382306314
v -3.3857956528663635 12.928779487651518 0.39537338382306314
v -4.690825194120407 12.127319042461272 0.39375897358219014
v 4.684773087501526 12.127319044351 0.405358037455481
v 3.379744291305542 12.928779489015161 0.40374336606564726
v 1.9097954034805298 13.329510456240522 0.4019246140545766
v -1.9158471375703812 13.329510455469482 0.3971920052594106
v -1.9158471375703812 13.329510455469482 0.3971920052594106
v -3.3857956528663635 12.928779487651518 0.39537338382306314
v 3.379744291305542 12.928779489015161 0.40374336606564726
v -3.3857956528663635 12.928779487651518 0.39537338382306314
v -1.9158471375703812 13.329510455469482 0.3971920052594106
v -1.9157273694872856 13.329510439690841 0.3003433981961185
v -1.9157273694872856 13.329510439690841 0.3003433981961185
v -3.385675698518753 12.928779471872877 0.29852477675977096
v -3.3857956528663635 12.928779487651518 0.39537338382306314
v 7.337017357349396 3.392395816264213 0.408640696249995
v 7.108508795499802 2.1184478620402474 0.4083577817397784
v 7.108628004789352 2.1184478462616063 0.3115091746764862
v 7.108628004789352 2.1184478462616063 0.3115091746764862
v 7.3371365666389465 3.392395800485572 0.3117920891867028
v 7.337017357349396 3.392395816264213 0.408640696249995
v 1.9097954034805298 13.329510456240522 0.4019246140545766
v 3.379744291305542 12.928779489015161 0.40374336606564726
v 3.3798642456531525 12.92877947323652 0.3068947590023551
v 3.3798642456531525 12.92877947323652 0.3068947590023551
v 1.9099151715636253 13.329510440462002 0.30507675204934415
v 1.9097954034805298 13.329510456240522 0.4019246140545766
v -7.343067228794098 3.392394323189204 0.3904791609871765
v -7.390661537647247 5.795205075571398 0.39041990993290004
v -7.3905423283576965 5.795205059792757 0.29357130286960786
v -7.3905423283576965 5.795205059792757 0.29357130286960786
v -7.342948019504547 3.392394307410563 0.2936305539238843
v -7.343067228794098 3.392394323189204 0.3904791609871765
v -1.9158471375703812 13.329510455469482 0.3971920052594106
v -0.9416904300451279 13.493247395096118 0.3983974825238595
v -0.9415705688297749 13.493247379317477 0.3015488754605673
v -0.9415705688297749 13.493247379317477 0.3015488754605673
v -1.9157273694872856 13.329510439690841 0.3003433981961185
v -1.9158471375703812 13.329510455469482 0.3971920052594106
v 7.384611666202545 5.795205078549467 0.40869916436939274
v 7.337017357349396 3.392395816264213 0.408640696249995
v 7.3371365666389465 3.392395800485572 0.3117920891867028
v 7.3371365666389465 3.392395800485572 0.3117920891867028
v 7.384730875492096 5.795205062770825 0.31185055730610056
v 7.384611666202545 5.795205078549467 0.40869916436939274
v -7.390661537647247 5.795205075571398 0.39041990993290004
v -7.050212472677231 7.961046759385336 0.3908405148762272
v -7.05009326338768 7.961046743606695 0.293991907812935
v -7.05009326338768 7.961046743606695 0.293991907812935
v -7.3905423283576965 5.795205059792757 0.29357130286960786
v -7.390661537647247 5.795205075571398 0.39041990993290004
v 1.2664937414228916 -1.4251929054300752 0.4011305508350646
v -1.2491391971707344 -1.4251929059371018 0.3980184433197296
v -1.2490193359553814 -1.4251929217157426 0.30116983625643745
v -1.2490193359553814 -1.4251929217157426 0.30116983625643745
v 1.2666136026382446 -1.4251929212085948 0.30428268882983217
v 1.2664937414228916 -1.4251929054300752 0.4011305508350646
v 3.8716427981853485 -1.425192904904962 0.40435367200129385
v 1.2664937414228916 -1.4251929054300752 0.4011305508350646
v 1.2666136026382446 -1.4251929212085948 0.30428268882983217
v 1.2666136026382446 -1.4251929212085948 0.30428268882983217
v 3.871762752532959 -1.425192920683603 0.30750506493800167
v 3.8716427981853485 -1.425192904904962 0.40435367200129385
v 7.044161111116409 7.961046762226239 0.4082778537052675
v 7.384611666202545 5.795205078549467 0.40869916436939274
v 7.384730875492096 5.795205062770825 0.31185055730610056
v 7.384730875492096 5.795205062770825 0.31185055730610056
v 7.04428032040596 7.961046746447598 0.3114292466419753
v 7.044161111116409 7.961046762226239 0.4082778537052675
v 0.9356386959552765 13.493247395474476 0.40071982849592064
v 1.9097954034805298 13.329510456240522 0.4019246140545766
v 1.9099151715636253 13.329510440462002 0.30507675204934415
v 1.9099151715636253 13.329510440462002 0.30507675204934415
v 0.9357585571706295 13.493247379695836 0.30387122143262846
v 0.9356386959552765 13.493247395474476 0.40071982849592064
v -1.2491391971707344 -1.4251929059371018 0.3980184433197296
v -3.8776956498622894 -1.4251929064668276 0.3947670099472321
v -3.877575695514679 -1.4251929222454685 0.2979184028839399
v -3.877575695514679 -1.4251929222454685 0.2979184028839399
v -1.2490193359553814 -1.4251929217157426 0.30116983625643745
v -1.2491391971707344 -1.4251929059371018 0.3980184433197296
v -7.050212472677231 7.961046759385336 0.3908405148762272
v -6.635000556707382 9.304636780602497 0.39135438603881556
v -6.634881347417831 9.304636764823856 0.2945057789755234
v -6.634881347417831 9.304636764823856 0.2945057789755234
v -7.05009326338768 7.961046743606695 0.293991907812935
v -7.050212472677231 7.961046759385336 0.3908405148762272
v -0.9416904300451279 13.493247395096118 0.3983974825238595
v 0.9356386959552765 13.493247395474476 0.40071982849592064
v 0.9357585571706295 13.493247379695836 0.30387122143262846
v 0.9357585571706295 13.493247379695836 0.30387122143262846
v -0.9415705688297749 13.493247379317477 0.3015488754605673
v -0.9416904300451279 13.493247395096118 0.3983974825238595
v 6.628949195146561 9.304636783275887 0.4077635447454804
v 7.044161111116409 7.961046762226239 0.4082778537052675
v 7.04428032040596 7.961046746447598 0.3114292466419753
v 7.04428032040596 7.961046746447598 0.3114292466419753
v 6.6290684044361115 9.304636767497247 0.3109149376821882
v 6.628949195146561 9.304636783275887 0.4077635447454804
v -3.8776956498622894 -1.4251929064668276 0.3947670099472321
v -5.713997781276703 -0.09553771823548533 0.39249511129490305
v -5.713877826929092 -0.09553772819336012 0.29564650423160993
v -5.713877826929092 -0.09553772819336012 0.29564650423160993
v -3.877575695514679 -1.4251929222454685 0.2979184028839399
v -3.8776956498622894 -1.4251929064668276 0.3947670099472321
v -6.635000556707382 9.304636780602497 0.39135438603881556
v -5.952040106058121 10.698497359277116 0.39219905478979394
v -5.95192015171051 10.698497343498476 0.29535044772650176
v -5.95192015171051 10.698497343498476 0.29535044772650176
v -6.634881347417831 9.304636764823856 0.2945057789755234
v -6.635000556707382 9.304636780602497 0.39135438603881556
v 5.707944929599762 -0.09553697087535219 0.4066251373968475
v 3.8716427981853485 -1.425192904904962 0.40435367200129385
v 3.871762752532959 -1.425192920683603 0.30750506493800167
v 3.871762752532959 -1.425192920683603 0.30750506493800167
v 5.708064883947372 -0.09553698083322698 0.30977653033355435
v 5.707944929599762 -0.09553697087535219 0.4066251373968475
v 5.9459879994392395 10.698497361675207 0.40691842181707644
v 6.628949195146561 9.304636783275887 0.4077635447454804
v 6.6290684044361115 9.304636767497247 0.3109149376821882
v 6.6290684044361115 9.304636767497247 0.3109149376821882
v 5.94610795378685 10.698497345896566 0.31006981475378426
v 5.9459879994392395 10.698497361675207 0.40691842181707644
v -5.713997781276703 -0.09553771823548533 0.39249511129490305
v -6.5163277089595795 0.9491506670483186 0.39150177869999137
v -6.516208499670029 0.9491506512696778 0.2946531716366992
v -6.516208499670029 0.9491506512696778 0.2946531716366992
v -5.713877826929092 -0.09553772819336012 0.29564650423160993
v -5.713997781276703 -0.09553771823548533 0.39249511129490305
v -5.952040106058121 10.698497359277116 0.39219905478979394
v -4.690825194120407 12.127319042461272 0.39375897358219014
v -4.690705239772797 12.127319026682631 0.296910366518898
v -4.690705239772797 12.127319026682631 0.296910366518898
v -5.95192015171051 10.698497343498476 0.29535044772650176
v -5.952040106058121 10.698497359277116 0.39219905478979394
v 6.510275602340698 0.9491521597901249 0.4076181295889543
v 5.707944929599762 -0.09553697087535219 0.4066251373968475
v 5.708064883947372 -0.09553698083322698 0.30977653033355435
v 5.708064883947372 -0.09553698083322698 0.30977653033355435
v 6.510394811630249 0.949152144011484 0.31076952252566215
v 6.510275602340698 0.9491521597901249 0.4076181295889543
v 4.684773087501526 12.127319044351 0.405358037455481
v 5.9459879994392395 10.698497361675207 0.40691842181707644
v 5.94610795378685 10.698497345896566 0.31006981475378426
v 5.94610795378685 10.698497345896566 0.31006981475378426
v 4.684893041849136 12.127319028572357 0.30850943039218887
v 4.684773087501526 12.127319044351 0.405358037455481
v -6.5163277089595795 0.9491506670483186 0.39150177869999137
v -7.114558666944504 2.118447859173489 0.3907617455440236
v -7.114439457654953 2.118447843394848 0.2939131384807314
v -7.114439457654953 2.118447843394848 0.2939131384807314
v -6.516208499670029 0.9491506512696778 0.2946531716366992
v -6.5163277089595795 0.9491506670483186 0.39150177869999137
v -4.690825194120407 12.127319042461272 0.39375897358219014
v -3.3857956528663635 12.928779487651518 0.39537338382306314
v -3.385675698518753 12.928779471872877 0.29852477675977096
v -3.385675698518753 12.928779471872877 0.29852477675977096
v -4.690705239772797 12.127319026682631 0.296910366518898
v -4.690825194120407 12.127319042461272 0.39375897358219014
v 7.108508795499802 2.1184478620402474 0.4083577817397784
v 6.510275602340698 0.9491521597901249 0.4076181295889543
v 6.510394811630249 0.949152144011484 0.31076952252566215
v 6.510394811630249 0.949152144011484 0.31076952252566215
v 7.108628004789352 2.1184478462616063 0.3115091746764862
v 7.108508795499802 2.1184478620402474 0.4083577817397784
v 3.379744291305542 12.928779489015161 0.40374336606564726
v 4.684773087501526 12.127319044351 0.405358037455481
v 4.684893041849136 12.127319028572357 0.30850943039218887
v 4.684893041849136 12.127319028572357 0.30850943039218887
v 3.3798642456531525 12.92877947323652 0.3068947590023551
v 3.379744291305542 12.928779489015161 0.40374336606564726
v -7.114558666944504 2.118447859173489 0.3907617455440236
v -7.343067228794098 3.392394323189204 0.3904791609871765
v -7.342948019504547 3.392394307410563 0.2936305539238843
v -7.342948019504547 3.392394307410563 0.2936305539238843
v -7.114439457654953 2.118447843394848 0.2939131384807314
v -7.114558666944504 2.118447859173489 0.3907617455440236
v -1.4421232976019382 -8.67432137370794 -0.30735589802244995
v -1.6572518274188042 -10.610918750813092 -0.3076215682379993
v -1.6580058261752129 -10.610918651522534 0.30181953331304845
v -1.6580058261752129 -10.610918651522534 0.30181953331304845
v -1.442877296358347 -8.674321274417382 0.3020852035285978
v -1.4421232976019382 -8.67432137370794 -0.30735589802244995
v -1.6175990924239159 -11.095731755537207 -0.3075723154199954
v -1.162064727395773 -11.269762417028383 -0.3070090231736743
v -1.1628187261521816 -11.269762317737825 0.30243207837737346
v -1.1628187261521816 -11.269762317737825 0.30243207837737346
v -1.6183530911803246 -11.095731656246649 0.30186878613105234
v -1.6175990924239159 -11.095731755537207 -0.3075723154199954
v 1.437816582620144 -8.674321373127354 -0.30379228532294134
v 1.3403198681771755 -6.737724741143261 -0.3039133002402509
v 1.3395658694207668 -6.737724641852823 0.30552705625273713
v 1.3395658694207668 -6.737724641852823 0.30552705625273713
v 1.4370625838637352 -8.674321273836917 0.3056480711700467
v 1.437816582620144 -8.674321373127354 -0.30379228532294134
v -1.162064727395773 -11.269762417028383 -0.3070090231736743
v 1.1577576398849487 -11.269762416560807 -0.3041390595277393
v 1.15700364112854 -11.26976231727025 0.3053020420233085
v 1.15700364112854 -11.26976231727025 0.3053020420233085
v -1.1628187261521816 -11.269762317737825 0.30243207837737346
v -1.162064727395773 -11.269762417028383 -0.3070090231736743
v -1.337449997663498 -5.239931916580274 -0.3072268174531279
v -1.3446265831589699 -6.737724741684517 -0.3072355141284192
v -1.3453805819153786 -6.737724642393959 0.30220558742262854
v -1.3453805819153786 -6.737724642393959 0.30220558742262854
v -1.3382039964199066 -5.239931817289716 0.30221428409791984
v -1.337449997663498 -5.239931916580274 -0.3072268174531279
v -1.3446265831589699 -6.737724741684517 -0.3072355141284192
v -1.4421232976019382 -8.67432137370794 -0.30735589802244995
v -1.442877296358347 -8.674321274417382 0.3020852035285978
v -1.442877296358347 -8.674321274417382 0.3020852035285978
v -1.3453805819153786 -6.737724642393959 0.30220558742262854
v -1.3446265831589699 -6.737724741684517 -0.3072355141284192
v 1.6529450193047523 -10.610918750145837 -0.3035259840838703
v 1.437816582620144 -8.674321373127354 -0.30379228532294134
v 1.4370625838637352 -8.674321273836917 0.3056480711700467
v 1.4370625838637352 -8.674321273836917 0.3056480711700467
v 1.6521910205483437 -10.6109186508554 0.30591437240911773
v 1.6529450193047523 -10.610918750145837 -0.3035259840838703
v -1.6747647896409035 -10.92289765720966 -0.307643124093915
v -1.6175990924239159 -11.095731755537207 -0.3075723154199954
v -1.6183530911803246 -11.095731656246649 0.30186878613105234
v -1.6183530911803246 -11.095731656246649 0.30186878613105234
v -1.6755187883973122 -10.922897557919102 0.30179797745713277
v -1.6747647896409035 -10.92289765720966 -0.307643124093915
v 1.1577576398849487 -11.269762416560807 -0.3041390595277393
v 1.613292284309864 -11.095731754885975 -0.30357507892974583
v 1.6125382855534554 -11.095731655595538 0.3058652775632422
v 1.6125382855534554 -11.095731655595538 0.3058652775632422
v 1.15700364112854 -11.26976231727025 0.3053020420233085
v 1.1577576398849487 -11.269762416560807 -0.3041390595277393
v 1.3403198681771755 -6.737724741143261 -0.3039133002402509
v 1.3331429101526737 -5.239931916041931 -0.30392248495839225
v 1.332388911396265 -5.239931816751372 0.3055186165926555
v 1.332388911396265 -5.239931816751372 0.3055186165926555
v 1.3395658694207668 -6.737724641852823 0.30552705625273713
v 1.3403198681771755 -6.737724741143261 -0.3039133002402509
v 1.613292284309864 -11.095731754885975 -0.30357507892974583
v 1.6704579815268517 -10.922897656535364 -0.30350432657232385
v 1.669703982770443 -10.922897557244927 0.3059360299206642
v 1.669703982770443 -10.922897557244927 0.3059360299206642
v 1.6125382855534554 -11.095731655595538 0.3058652775632422
v 1.613292284309864 -11.095731754885975 -0.30357507892974583
v -1.6572518274188042 -10.610918750813092 -0.3076215682379993
v -1.6747647896409035 -10.92289765720966 -0.307643124093915
v -1.6755187883973122 -10.922897557919102 0.30179797745713277
v -1.6755187883973122 -10.922897557919102 0.30179797745713277
v -1.6580058261752129 -10.610918651522534 0.30181953331304845
v -1.6572518274188042 -10.610918750813092 -0.3076215682379993
v 1.6704579815268517 -10.922897656535364 -0.30350432657232385
v 1.6529450193047523 -10.610918750145837 -0.3035259840838703
v 1.6521910205483437 -10.6109186508554 0.30591437240911773
v 1.6521910205483437 -10.6109186508554 0.30591437240911773
v 1.669703982770443 -10.922897557244927 0.3059360299206642
v 1.6704579815268517 -10.922897656535364 -0.30350432657232385
v -1.1290055699646473 -11.2697622006898 1.0208677234808186
v -1.5865514054894447 -11.095731539202509 1.0202805893765874
v -1.6191011294722557 -11.095731557751044 0.9064305024491748
v -1.6191011294722557 -11.095731557751044 0.9064305024491748
v -1.1635666713118553 -11.26976221923518 0.9070370080629581
v -1.1290055699646473 -11.2697622006898 1.0208677234808186
v -1.0342967696487904 -11.269762187099618 1.104283678785917
v -1.4973422512412071 -11.09573152561087 1.103705485378402
v -1.5865514054894447 -11.095731539202509 1.0202805893765874
v -1.5865514054894447 -11.095731539202509 1.0202805893765874
v -1.1290055699646473 -11.2697622006898 1.0208677234808186
v -1.0342967696487904 -11.269762187099618 1.104283678785917
v -0.9048177860677242 -11.269762182106188 1.134933132187482
v -1.3753771781921387 -11.095731520618047 1.1343512134896687
v -1.4973422512412071 -11.09573152561087 1.103705485378402
v -1.4973422512412071 -11.09573152561087 1.103705485378402
v -1.0342967696487904 -11.269762187099618 1.104283678785917
v -0.9048177860677242 -11.269762182106188 1.134933132187482
v -1.5865514054894447 -11.095731539202509 1.0202805893765874
v -1.64426788687706 -10.922897440885887 1.0201427254772955
v -1.6762666404247284 -10.92289745944498 0.9062278184986897
v -1.6762666404247284 -10.92289745944498 0.9062278184986897
v -1.6191011294722557 -11.095731557751044 0.9064305024491748
v -1.5865514054894447 -11.095731539202509 1.0202805893765874
v -1.4973422512412071 -11.09573152561087 1.103705485378402
v -1.556564588099718 -10.92289742728672 1.103613815078811
v -1.64426788687706 -10.922897440885887 1.0201427254772955
v -1.64426788687706 -10.922897440885887 1.0201427254772955
v -1.5865514054894447 -11.095731539202509 1.0202805893765874
v -1.4973422512412071 -11.09573152561087 1.103705485378402
v -1.3753771781921387 -11.095731520618047 1.1343512134896687
v -1.4366566203534603 -10.92289742229135 1.1342751894093313
v -1.556564588099718 -10.92289742728672 1.103613815078811
v -1.556564588099718 -10.92289742728672 1.103613815078811
v -1.4973422512412071 -11.09573152561087 1.103705485378402
v -1.3753771781921387 -11.095731520618047 1.1343512134896687
v 1.5789609402418137 -11.09573153856451 1.0241966145383303
v 1.1214124970138073 -11.269762200236185 1.0236520054498888
v 1.1562556959688663 -11.269762218767603 0.9099069717088931
v 1.1562556959688663 -11.269762218767603 0.9099069717088931
v 1.6117902472615242 -11.09573155709981 0.9104277389394243
v 1.5789609402418137 -11.09573153856451 1.0241966145383303
v 1.4895502477884293 -11.095731525008919 1.1074002282964164
v 1.0265015065670013 -11.269762186684236 1.106833267466184
v 1.1214124970138073 -11.269762200236185 1.0236520054498888
v 1.1214124970138073 -11.269762200236185 1.0236520054498888
v 1.5789609402418137 -11.09573153856451 1.0241966145383303
v 1.4895502477884293 -11.095731525008919 1.1074002282964164
v 1.3675153255462646 -11.095731520065257 1.1377442078935078
v 0.8969541639089584 -11.269762181743003 1.1371623459020817
v 1.0265015065670013 -11.269762186684236 1.106833267466184
v 1.0265015065670013 -11.269762186684236 1.106833267466184
v 1.4895502477884293 -11.095731525008919 1.1074002282964164
v 1.3675153255462646 -11.095731520065257 1.1377442078935078
v 1.6366776078939438 -10.92289744022458 1.0242018017864993
v 1.5789609402418137 -11.09573153856451 1.0241966145383303
v 1.6117902472615242 -11.09573155709981 0.9104277389394243
v 1.6117902472615242 -11.09573155709981 0.9104277389394243
v 1.6689561307430267 -10.922897458770807 0.9103658709622211
v 1.6366776078939438 -10.92289744022458 1.0242018017864993
v 1.5487725846469402 -10.922897426660736 1.1074560794926445
v 1.4895502477884293 -11.095731525008919 1.1074002282964164
v 1.5789609402418137 -11.09573153856451 1.0241966145383303
v 1.5789609402418137 -11.09573153856451 1.0241966145383303
v 1.6366776078939438 -10.92289744022458 1.0242018017864993
v 1.5487725846469402 -10.922897426660736 1.1074560794926445
v 1.4287951402366161 -10.922897421713797 1.1378201756573476
v 1.3675153255462646 -11.095731520065257 1.1377442078935078
v 1.4895502477884293 -11.095731525008919 1.1074002282964164
v 1.4895502477884293 -11.095731525008919 1.1074002282964164
v 1.5487725846469402 -10.922897426660736 1.1074560794926445
v 1.4287951402366161 -10.922897421713797 1.1378201756573476
v -1.64426788687706 -10.922897440885887 1.0201427254772955
v -1.6271771863102913 -10.610918534508256 1.020048052275899
v -1.6587533056735992 -10.610918553086286 0.9060169162399813
v -1.6587533056735992 -10.610918553086286 0.9060169162399813
v -1.6762666404247284 -10.92289745944498 0.9062278184986897
v -1.64426788687706 -10.922897440885887 1.0201427254772955
v -1.556564588099718 -10.92289742728672 1.103613815078811
v -1.5406269580125809 -10.610918520895494 1.1036025883801002
v -1.6271771863102913 -10.610918534508256 1.020048052275899
v -1.6271771863102913 -10.610918534508256 1.020048052275899
v -1.64426788687706 -10.922897440885887 1.0201427254772955
v -1.556564588099718 -10.92289742728672 1.103613815078811
v -1.4366566203534603 -10.92289742229135 1.1342751894093313
v -1.4222939498722553 -10.610918515895388 1.1342930199749484
v -1.5406269580125809 -10.610918520895494 1.1036025883801002
v -1.5406269580125809 -10.610918520895494 1.1036025883801002
v -1.556564588099718 -10.92289742728672 1.103613815078811
v -1.4366566203534603 -10.92289742229135 1.1342751894093313
v 1.61958709359169 -10.610918533853868 1.0240646602757004
v 1.6366776078939438 -10.92289744022458 1.0242018017864993
v 1.6689561307430267 -10.922897458770807 0.9103658709622211
v 1.6689561307430267 -10.922897458770807 0.9103658709622211
v 1.6514435410499573 -10.610918552419152 0.9101117553360505
v 1.61958709359169 -10.610918533853868 1.0240646602757004
v 1.5328356064856052 -10.610918520276064 1.1074046196587102
v 1.5487725846469402 -10.922897426660736 1.1074560794926445
v 1.6366776078939438 -10.92289744022458 1.0242018017864993
v 1.6366776078939438 -10.92289744022458 1.0242018017864993
v 1.61958709359169 -10.610918533853868 1.0240646602757004
v 1.5328356064856052 -10.610918520276064 1.1074046196587102
v 1.4144341461360455 -10.610918515323663 1.1378022434360995
v 1.4287951402366161 -10.922897421713797 1.1378201756573476
v 1.5487725846469402 -10.922897426660736 1.1074560794926445
v 1.5487725846469402 -10.922897426660736 1.1074560794926445
v 1.5328356064856052 -10.610918520276064 1.1074046196587102
v 1.4144341461360455 -10.610918515323663 1.1378022434360995
v -1.6271771863102913 -10.610918534508256 1.020048052275899
v -1.4123733155429363 -8.67432115743175 1.020137888789361
v -1.443624310195446 -8.674321176038307 0.9059316641094155
v -1.443624310195446 -8.674321176038307 0.9059316641094155
v -1.6587533056735992 -10.610918553086286 0.9060169162399813
v -1.6271771863102913 -10.610918534508256 1.020048052275899
v -1.5406269580125809 -10.610918520895494 1.1036025883801002
v -1.3267114758491516 -8.674321143798231 1.1038198298217696
v -1.4123733155429363 -8.67432115743175 1.020137888789361
v -1.4123733155429363 -8.67432115743175 1.020137888789361
v -1.6271771863102913 -10.610918534508256 1.020048052275899
v -1.5406269580125809 -10.610918520895494 1.1036025883801002
v -1.4222939498722553 -10.610918515895388 1.1342930199749484
v -1.209591794759035 -8.674321138790722 1.134555709958259
v -1.3267114758491516 -8.674321143798231 1.1038198298217696
v -1.3267114758491516 -8.674321143798231 1.1038198298217696
v -1.5406269580125809 -10.610918520895494 1.1036025883801002
v -1.4222939498722553 -10.610918515895388 1.1342930199749484
v 1.3075359165668488 -6.737724524920237 1.0232541511414146
v 1.4047842472791672 -8.67432115686391 1.0236232703926018
v 1.4363155700266361 -8.674321175457841 0.9094945317508645
v 1.4363155700266361 -8.674321175457841 0.9094945317508645
v 1.33881950750947 -6.7377245435547115 0.9088765631077401
v 1.3075359165668488 -6.737724524920237 1.0232541511414146
v 1.2223510071635246 -6.737724511291574 1.1069062898514355
v 1.3189218007028103 -8.674321143264986 1.107092869877998
v 1.4047842472791672 -8.67432115686391 1.0236232703926018
v 1.4047842472791672 -8.67432115686391 1.0236232703926018
v 1.3075359165668488 -6.737724524920237 1.0232541511414146
v 1.2223510071635246 -6.737724511291574 1.1069062898514355
v 1.1060898192226887 -6.737724506320115 1.1374208877441965
v 1.201734971255064 -8.674321138304695 1.1375389224292674
v 1.3189218007028103 -8.674321143264986 1.107092869877998
v 1.3189218007028103 -8.674321143264986 1.107092869877998
v 1.2223510071635246 -6.737724511291574 1.1069062898514355
v 1.1060898192226887 -6.737724506320115 1.1374208877441965
v -1.315123587846756 -6.73772452544887 1.0200094232914545
v -1.308131404221058 -5.239931700400343 1.019676138317347
v -1.3389495201408863 -5.239931719103036 0.9048798276541252
v -1.3389495201408863 -5.239931719103036 0.9048798276541252
v -1.3461269438266754 -6.7377245440958475 0.9055550942776315
v -1.315123587846756 -6.73772452544887 1.0200094232914545
v -1.2301381677389145 -6.7377245117858555 1.1038724134323683
v -1.2236506678164005 -5.239931686696663 1.1037887229082577
v -1.308131404221058 -5.239931700400343 1.019676138317347
v -1.308131404221058 -5.239931700400343 1.019676138317347
v -1.315123587846756 -6.73772452544887 1.0200094232914545
v -1.2301381677389145 -6.7377245117858555 1.1038724134323683
v -1.113942638039589 -6.7377245067676625 1.1346738586781107
v -1.1081438511610031 -5.239931681663663 1.1346810652372825
v -1.2236506678164005 -5.239931686696663 1.1037887229082577
v -1.2236506678164005 -5.239931686696663 1.1037887229082577
v -1.2301381677389145 -6.7377245117858555 1.1038724134323683
v -1.113942638039589 -6.7377245067676625 1.1346738586781107
v -1.4123733155429363 -8.67432115743175 1.020137888789361
v -1.315123587846756 -6.73772452544887 1.0200094232914545
v -1.3461269438266754 -6.7377245440958475 0.9055550942776315
v -1.3461269438266754 -6.7377245440958475 0.9055550942776315
v -1.443624310195446 -8.674321176038307 0.9059316641094155
v -1.4123733155429363 -8.67432115743175 1.020137888789361
v -1.3267114758491516 -8.674321143798231 1.1038198298217696
v -1.2301381677389145 -6.7377245117858555 1.1038724134323683
v -1.315123587846756 -6.73772452544887 1.0200094232914545
v -1.315123587846756 -6.73772452544887 1.0200094232914545
v -1.4123733155429363 -8.67432115743175 1.020137888789361
v -1.3267114758491516 -8.674321143798231 1.1038198298217696
v -1.209591794759035 -8.674321138790722 1.134555709958259
v -1.113942638039589 -6.7377245067676625 1.1346738586781107
v -1.2301381677389145 -6.7377245117858555 1.1038724134323683
v -1.2301381677389145 -6.7377245117858555 1.1038724134323683
v -1.3267114758491516 -8.674321143798231 1.1038198298217696
v -1.209591794759035 -8.674321138790722 1.134555709958259
v 1.4047842472791672 -8.67432115686391 1.0236232703926018
v 1.61958709359169 -10.610918533853868 1.0240646602757004
v 1.6514435410499573 -10.610918552419152 0.9101117553360505
v 1.6514435410499573 -10.610918552419152 0.9101117553360505
v 1.4363155700266361 -8.674321175457841 0.9094945317508645
v 1.4047842472791672 -8.67432115686391 1.0236232703926018
v 1.3189218007028103 -8.674321143264986 1.107092869877998
v 1.5328356064856052 -10.610918520276064 1.1074046196587102
v 1.61958709359169 -10.610918533853868 1.0240646602757004
v 1.61958709359169 -10.610918533853868 1.0240646602757004
v 1.4047842472791672 -8.67432115686391 1.0236232703926018
v 1.3189218007028103 -8.674321143264986 1.107092869877998
v 1.201734971255064 -8.674321138304695 1.1375389224292674
v 1.4144341461360455 -10.610918515323663 1.1378022434360995
v 1.5328356064856052 -10.610918520276064 1.1074046196587102
v 1.5328356064856052 -10.610918520276064 1.1074046196587102
v 1.3189218007028103 -8.674321143264986 1.107092869877998
v 1.201734971255064 -8.674321138304695 1.1375389224292674
v 1.3005446642637253 -5.2399316998746235 1.0229029847738744
v 1.3075359165668488 -6.737724524920237 1.0232541511414146
v 1.33881950750947 -6.7377245435547115 0.9088765631077401
v 1.33881950750947 -6.7377245435547115 0.9088765631077401
v 1.3316433876752853 -5.239931718564813 0.9081834150908012
v 1.3005446642637253 -5.2399316998746235 1.0229029847738744
v 1.2158658355474472 -5.239931686204931 1.1068069531080713
v 1.2223510071635246 -6.737724511291574 1.1069062898514355
v 1.3075359165668488 -6.737724524920237 1.0232541511414146
v 1.3075359165668488 -6.737724524920237 1.0232541511414146
v 1.3005446642637253 -5.2399316998746235 1.0229029847738744
v 1.2158658355474472 -5.239931686204931 1.1068069531080713
v 1.1002963408827782 -5.239931681218542 1.1374131931421745
v 1.1060898192226887 -6.737724506320115 1.1374208877441965
v 1.2223510071635246 -6.737724511291574 1.1069062898514355
v 1.2223510071635246 -6.737724511291574 1.1069062898514355
v 1.2158658355474472 -5.239931686204931 1.1068069531080713
v 1.1002963408827782 -5.239931681218542 1.1374131931421745
v -1.2191089801490307 -2.9023731526713368 0.8981754143963828
v -1.2189715169370174 -2.5228152693063928 0.7495362696499221
v -1.2494276277720928 -2.522815288397883 0.6323535380215057
v -1.2494276277720928 -2.522815288397883 0.6323535380215057
v -1.2496133334934711 -2.902373171668389 0.7815723379384071
v -1.2191089801490307 -2.9023731526713368 0.8981754143963828
v -1.135481335222721 -2.9023731387523197 0.9836097319851879
v -1.1354741640388966 -2.5228152553180645 0.8353960153908114
v -1.2189715169370174 -2.5228152693063928 0.7495362696499221
v -1.2189715169370174 -2.5228152693063928 0.7495362696499221
v -1.2191089801490307 -2.9023731526713368 0.8981754143963828
v -1.135481335222721 -2.9023731387523197 0.9836097319851879
v -1.0211382061243057 -2.9023731336406606 1.0149848719368932
v -1.021308545023203 -2.522815250181036 0.8669268724769927
v -1.1354741640388966 -2.5228152553180645 0.8353960153908114
v -1.1354741640388966 -2.5228152553180645 0.8353960153908114
v -1.135481335222721 -2.9023731387523197 0.9836097319851879
v -1.0211382061243057 -2.9023731336406606 1.0149848719368932
v -1.2189715169370174 -2.5228152693063928 0.7495362696499221
v -1.2187750078737736 -2.0688111900527453 0.5675326678035516
v -1.2492036446928978 -2.0688112091790734 0.45013610451200353
v -1.2492036446928978 -2.0688112091790734 0.45013610451200353
v -1.2494276277720928 -2.522815288397883 0.6323535380215057
v -1.2189715169370174 -2.5228152693063928 0.7495362696499221
v -1.1354741640388966 -2.5228152553180645 0.8353960153908114
v -1.135351788252592 -2.0688111760390475 0.6535481306789166
v -1.2187750078737736 -2.0688111900527453 0.5675326678035516
v -1.2187750078737736 -2.0688111900527453 0.5675326678035516
v -1.2189715169370174 -2.5228152693063928 0.7495362696499221
v -1.1354741640388966 -2.5228152553180645 0.8353960153908114
v -1.021308545023203 -2.522815250181036 0.8669268724769927
v -1.0212872177362442 -2.068811170892915 0.6851348671195748
v -1.135351788252592 -2.0688111760390475 0.6535481306789166
v -1.135351788252592 -2.0688111760390475 0.6535481306789166
v -1.1354741640388966 -2.5228152553180645 0.8353960153908114
v -1.021308545023203 -2.522815250181036 0.8669268724769927
v -1.2187750078737736 -2.0688111900527453 0.5675326678035516
v -1.218579988926649 -1.4251929051779577 0.4026780364250457
v -1.2490208260715008 -1.4251929215277168 0.3023239311909009
v -1.2490208260715008 -1.4251929215277168 0.3023239311909009
v -1.2492036446928978 -2.0688112091790734 0.45013610451200353
v -1.2187750078737736 -2.0688111900527453 0.5675326678035516
v -1.135351788252592 -2.0688111760390475 0.6535481306789166
v -1.1350798420608044 -1.4251929044377498 0.4072214004730498
v -1.218579988926649 -1.4251929051779577 0.4026780364250457
v -1.218579988926649 -1.4251929051779577 0.4026780364250457
v -1.2187750078737736 -2.0688111900527453 0.5675326678035516
v -1.135351788252592 -2.0688111760390475 0.6535481306789166
v -1.0212872177362442 -2.068811170892915 0.6851348671195748
v -1.0210142470896244 -1.4251929037431827 0.41148462269060954
v -1.1350798420608044 -1.4251929044377498 0.4072214004730498
v -1.1350798420608044 -1.4251929044377498 0.4072214004730498
v -1.135351788252592 -2.0688111760390475 0.6535481306789166
v -1.0212872177362442 -2.068811170892915 0.6851348671195748
v -1.2190855108201504 -3.742137012709823 1.019323481833384
v -1.2191682122647762 -3.3222550753449447 1.0038366365971674
v -1.2497449293732643 -3.322255094223525 0.8879607368054513
v -1.2497449293732643 -3.322255094223525 0.8879607368054513
v -1.249764859676361 -3.742137031487775 0.904065235173153
v -1.2190855108201504 -3.742137012709823 1.019323481833384
v -1.134982518851757 -3.7421369989509135 1.1037750678414548
v -1.135343685746193 -3.3222550615124753 1.0887397277894117
v -1.2191682122647762 -3.3222550753449447 1.0038366365971674
v -1.2191682122647762 -3.3222550753449447 1.0038366365971674
v -1.2190855108201504 -3.742137012709823 1.019323481833384
v -1.134982518851757 -3.7421369989509135 1.1037750678414548
v -1.0199914686381817 -3.7421369938978835 1.134790344750329
v -1.0207325220108032 -3.322255056432498 1.1199204075875375
v -1.135343685746193 -3.3222550615124753 1.0887397277894117
v -1.135343685746193 -3.3222550615124753 1.0887397277894117
v -1.134982518851757 -3.7421369989509135 1.1037750678414548
v -1.0199914686381817 -3.7421369938978835 1.134790344750329
v -1.308131404221058 -5.239931700400343 1.019676138317347
v -1.2190855108201504 -3.742137012709823 1.019323481833384
v -1.249764859676361 -3.742137031487775 0.904065235173153
v -1.249764859676361 -3.742137031487775 0.904065235173153
v -1.3389495201408863 -5.239931719103036 0.9048798276541252
v -1.308131404221058 -5.239931700400343 1.019676138317347
v -1.2236506678164005 -5.239931686696663 1.1037887229082577
v -1.134982518851757 -3.7421369989509135 1.1037750678414548
v -1.2190855108201504 -3.742137012709823 1.019323481833384
v -1.2190855108201504 -3.742137012709823 1.019323481833384
v -1.308131404221058 -5.239931700400343 1.019676138317347
v -1.2236506678164005 -5.239931686696663 1.1037887229082577
v -1.1081438511610031 -5.239931681663663 1.1346810652372825
v -1.0199914686381817 -3.7421369938978835 1.134790344750329
v -1.134982518851757 -3.7421369989509135 1.1037750678414548
v -1.134982518851757 -3.7421369989509135 1.1037750678414548
v -1.2236506678164005 -5.239931686696663 1.1037887229082577
v -1.1081438511610031 -5.239931681663663 1.1346810652372825
v 1.235924568027258 -1.4251929046833125 0.4057141480182921
v 1.2357120402157307 -2.0688111895581 0.570568779396798
v 1.2664294801652431 -2.0688112086720465 0.45324821202733856
v 1.2664294801652431 -2.0688112086720465 0.45324821202733856
v 1.2666121125221252 -1.4251929210205687 0.3054367837642956
v 1.235924568027258 -1.4251929046833125 0.4057141480182921
v 1.152417715638876 -1.4251929039766067 0.4100518760418211
v 1.1520805768668652 -2.068811175578026 0.6563778611896283
v 1.2357120402157307 -2.0688111895581 0.570568779396798
v 1.2357120402157307 -2.0688111895581 0.570568779396798
v 1.235924568027258 -1.4251929046833125 0.4057141480182921
v 1.152417715638876 -1.4251929039766067 0.4100518760418211
v 1.0383477434515953 -1.4251929033281663 0.41403197619669774
v 1.0379442013800144 -2.068811170477777 0.6876829656837227
v 1.1520805768668652 -2.068811175578026 0.6563778611896283
v 1.1520805768668652 -2.068811175578026 0.6563778611896283
v 1.152417715638876 -1.4251929039766067 0.4100518760418211
v 1.0383477434515953 -1.4251929033281663 0.41403197619669774
v 1.2352289631962776 -2.9023731521766916 0.9012115259896293
v 1.2350269593298435 -3.322255074850299 1.0068727481904136
v 1.2658878229558468 -3.3222550937164983 0.8910728443207864
v 1.2658878229558468 -3.3222550937164983 0.8910728443207864
v 1.26601941883564 -2.9023731711613627 0.7846844454537422
v 1.2352289631962776 -2.9023731521766916 0.9012115259896293
v 1.1513958685100079 -2.9023731382914195 0.9864387174378397
v 1.1509998701512814 -3.3222550610516963 1.0915679681840038
v 1.2350269593298435 -3.322255074850299 1.0068727481904136
v 1.2350269593298435 -3.322255074850299 1.0068727481904136
v 1.2352289631962776 -2.9023731521766916 0.9012115259896293
v 1.1513958685100079 -2.9023731382914195 0.9864387174378397
v 1.036983449012041 -2.902373133225887 1.0175307353268621
v 1.0363217443227768 -3.322255056017967 1.1224647808613868
v 1.1509998701512814 -3.3222550610516963 1.0915679681840038
v 1.1509998701512814 -3.3222550610516963 1.0915679681840038
v 1.1513958685100079 -2.9023731382914195 0.9864387174378397
v 1.036983449012041 -2.902373133225887 1.0175307353268621
v 1.2349067255854607 -3.742137012215178 1.0223595934266303
v 1.3005446642637253 -5.2399316998746235 1.0229029847738744
v 1.3316433876752853 -5.239931718564813 0.9081834150908012
v 1.3316433876752853 -5.239931718564813 0.9081834150908012
v 1.26586789265275 -3.7421370309807482 0.907177342688488
v 1.2349067255854607 -3.742137012215178 1.0223595934266303
v 1.1506042443215847 -3.7421369984903774 1.1066018181199275
v 1.2158658355474472 -5.239931686204931 1.1068069531080713
v 1.3005446642637253 -5.2399316998746235 1.0229029847738744
v 1.3005446642637253 -5.2399316998746235 1.0229029847738744
v 1.2349067255854607 -3.742137012215178 1.0223595934266303
v 1.1506042443215847 -3.7421369984903774 1.1066018181199275
v 1.0355493053793907 -3.7421369934835953 1.137333227908059
v 1.1002963408827782 -5.239931681218542 1.1374131931421745
v 1.2158658355474472 -5.239931686204931 1.1068069531080713
v 1.2158658355474472 -5.239931686204931 1.1068069531080713
v 1.1506042443215847 -3.7421369984903774 1.1066018181199275
v 1.0355493053793907 -3.7421369934835953 1.137333227908059
v 1.2354597449302673 -2.522815268811626 0.7525731263012282
v 1.2352289631962776 -2.9023731521766916 0.9012115259896293
v 1.26601941883564 -2.9023731711613627 0.7846844454537422
v 1.26601941883564 -2.9023731711613627 0.7846844454537422
v 1.2662038207054138 -2.5228152878908565 0.6354656455368408
v 1.2354597449302673 -2.522815268811626 0.7525731263012282
v 1.151755079627037 -2.522815254857043 0.8382257459015231
v 1.1513958685100079 -2.9023731382914195 0.9864387174378397
v 1.2352289631962776 -2.9023731521766916 0.9012115259896293
v 1.2352289631962776 -2.9023731521766916 0.9012115259896293
v 1.2354597449302673 -2.522815268811626 0.7525731263012282
v 1.151755079627037 -2.522815254857043 0.8382257459015231
v 1.0375184938311577 -2.5228152497661407 0.8694734809250212
v 1.036983449012041 -2.902373133225887 1.0175307353268621
v 1.1513958685100079 -2.9023731382914195 0.9864387174378397
v 1.1513958685100079 -2.9023731382914195 0.9864387174378397
v 1.151755079627037 -2.522815254857043 0.8382257459015231
v 1.0375184938311577 -2.5228152497661407 0.8694734809250212
v 1.2357120402157307 -2.0688111895581 0.570568779396798
v 1.2354597449302673 -2.522815268811626 0.7525731263012282
v 1.2662038207054138 -2.5228152878908565 0.6354656455368408
v 1.2662038207054138 -2.5228152878908565 0.6354656455368408
v 1.2664294801652431 -2.0688112086720465 0.45324821202733856
v 1.2357120402157307 -2.0688111895581 0.570568779396798
v 1.1520805768668652 -2.068811175578026 0.6563778611896283
v 1.151755079627037 -2.522815254857043 0.8382257459015231
v 1.2354597449302673 -2.522815268811626 0.7525731263012282
v 1.2354597449302673 -2.522815268811626 0.7525731263012282
v 1.2357120402157307 -2.0688111895581 0.570568779396798
v 1.1520805768668652 -2.068811175578026 0.6563778611896283
v 1.0379442013800144 -2.068811170477777 0.6876829656837227
v 1.0375184938311577 -2.5228152497661407 0.8694734809250212
v 1.151755079627037 -2.522815254857043 0.8382257459015231
v 1.151755079627037 -2.522815254857043 0.8382257459015231
v 1.1520805768668652 -2.068811175578026 0.6563778611896283
v 1.0379442013800144 -2.068811170477777 0.6876829656837227
v -1.0315591469407082 -11.269762547614395 -1.1085402486165499
v -1.494604628533125 -11.095731886123826 -1.1091072661531693
v -1.3725641183555126 -11.09573189106761 -1.1394519908083203
v -1.3725641183555126 -11.09573189106761 -1.1394519908083203
v -0.9020047262310982 -11.26976255255563 -1.1388693270524473
v -1.0315591469407082 -11.269762547614395 -1.1085402486165499
v -1.1264740489423275 -11.269762534062448 -1.0253589866002546
v -1.584019884467125 -11.095731872568237 -1.0259036523950833
v -1.494604628533125 -11.095731886123826 -1.1091072661531693
v -1.494604628533125 -11.095731886123826 -1.1091072661531693
v -1.0315591469407082 -11.269762547614395 -1.1085402486165499
v -1.1264740489423275 -11.269762534062448 -1.0253589866002546
v -1.1613166891038418 -11.26976251553103 -0.9116139528592588
v -1.6168512403964996 -11.095731854032934 -0.9121347767961775
v -1.584019884467125 -11.095731872568237 -1.0259036523950833
v -1.584019884467125 -11.095731872568237 -1.0259036523950833
v -1.1264740489423275 -11.269762534062448 -1.0253589866002546
v -1.1613166891038418 -11.26976251553103 -0.9116139528592588
v -1.494604628533125 -11.095731886123826 -1.1091072661531693
v -1.5538270585238934 -10.92289778779385 -1.1091631736658951
v -1.4338435605168343 -10.922897792740791 -1.139527269830598
v -1.4338435605168343 -10.922897792740791 -1.139527269830598
v -1.3725641183555126 -11.09573189106761 -1.1394519908083203
v -1.494604628533125 -11.095731886123826 -1.1091072661531693
v -1.584019884467125 -11.095731872568237 -1.0259036523950833
v -1.64173673838377 -10.922897774230007 -1.02590889595975
v -1.5538270585238934 -10.92289778779385 -1.1091631736658951
v -1.5538270585238934 -10.92289778779385 -1.1091631736658951
v -1.494604628533125 -11.095731886123826 -1.1091072661531693
v -1.584019884467125 -11.095731872568237 -1.0259036523950833
v -1.6168512403964996 -11.095731854032934 -0.9121347767961775
v -1.6740171238780022 -10.922897755683781 -0.9120729651354718
v -1.64173673838377 -10.922897774230007 -1.02590889595975
v -1.64173673838377 -10.922897774230007 -1.02590889595975
v -1.584019884467125 -11.095731872568237 -1.0259036523950833
v -1.6168512403964996 -11.095731854032934 -0.9121347767961775
v 1.4922878704965115 -11.095731885521754 -1.1054117781770951
v 1.0292397812008858 -11.269762547199015 -1.1059906599362825
v 0.8997682482004166 -11.269762552192445 -1.1366401133378479
v 0.8997682482004166 -11.269762552192445 -1.1366401133378479
v 1.3703283853828907 -11.095731890514699 -1.1360582513464217
v 1.4922878704965115 -11.095731885521754 -1.1054117781770951
v 1.5814924612641335 -11.095731871930235 -1.0219876272333404
v 1.123944390565157 -11.26976253360883 -1.0225747046311842
v 1.0292397812008858 -11.269762547199015 -1.1059906599362825
v 1.0292397812008858 -11.269762547199015 -1.1059906599362825
v 1.4922878704965115 -11.095731885521754 -1.1054117781770951
v 1.5814924612641335 -11.095731871930235 -1.0219876272333404
v 1.6140401363372803 -11.095731853381702 -0.908137540305928
v 1.1585056781768799 -11.269762515063574 -0.9087447342713836
v 1.123944390565157 -11.26976253360883 -1.0225747046311842
v 1.123944390565157 -11.26976253360883 -1.0225747046311842
v 1.5814924612641335 -11.095731871930235 -1.0219876272333404
v 1.6140401363372803 -11.095731853381702 -0.908137540305928
v 1.5515100210905075 -10.922897787167868 -1.1053209092520617
v 1.4922878704965115 -11.095731885521754 -1.1054117781770951
v 1.3703283853828907 -11.095731890514699 -1.1360582513464217
v 1.3703283853828907 -11.095731890514699 -1.1360582513464217
v 1.4316082000732422 -10.922897792163239 -1.135982283582582
v 1.5515100210905075 -10.922897787167868 -1.1053209092520617
v 1.6392087563872337 -10.9228977735687 -1.021849819650546
v 1.5814924612641335 -11.095731871930235 -1.0219876272333404
v 1.4922878704965115 -11.095731885521754 -1.1054117781770951
v 1.4922878704965115 -11.095731885521754 -1.1054117781770951
v 1.5515100210905075 -10.922897787167868 -1.1053209092520617
v 1.6392087563872337 -10.9228977735687 -1.021849819650546
v 1.671205647289753 -10.922897755009606 -0.9079349126719404
v 1.6140401363372803 -11.095731853381702 -0.908137540305928
v 1.5814924612641335 -11.095731871930235 -1.0219876272333404
v 1.5814924612641335 -11.095731871930235 -1.0219876272333404
v 1.6392087563872337 -10.9228977735687 -1.021849819650546
v 1.671205647289753 -10.922897755009606 -0.9079349126719404
v -1.5538270585238934 -10.92289778779385 -1.1091631736658951
v -1.5378895215690136 -10.610918881392427 -1.1091118154875919
v -1.4194808900356293 -10.61091888634483 -1.139509439264981
v -1.4194808900356293 -10.61091888634483 -1.139509439264981
v -1.4338435605168343 -10.922897792740791 -1.139527269830598
v -1.5538270585238934 -10.92289778779385 -1.1091631736658951
v -1.64173673838377 -10.922897774230007 -1.02590889595975
v -1.6246462240815163 -10.610918867814625 -1.025771856104582
v -1.5378895215690136 -10.610918881392427 -1.1091118154875919
v -1.5378895215690136 -10.610918881392427 -1.1091118154875919
v -1.5538270585238934 -10.92289778779385 -1.1091631736658951
v -1.64173673838377 -10.922897774230007 -1.02590889595975
v -1.6740171238780022 -10.922897755683781 -0.9120729651354718
v -1.6565043479204178 -10.610918849249462 -0.9118196962229919
v -1.6246462240815163 -10.610918867814625 -1.025771856104582
v -1.6246462240815163 -10.610918867814625 -1.025771856104582
v -1.64173673838377 -10.922897774230007 -1.02590889595975
v -1.6740171238780022 -10.922897755683781 -0.9120729651354718
v 1.5355730429291725 -10.610918880773 -1.1053097842089818
v 1.5515100210905075 -10.922897787167868 -1.1053209092520617
v 1.4316082000732422 -10.922897792163239 -1.135982283582582
v 1.4316082000732422 -10.922897792163239 -1.135982283582582
v 1.4172472059726715 -10.610918885773104 -1.13600021580383
v 1.5355730429291725 -10.610918880773 -1.1053097842089818
v 1.622118055820465 -10.610918867160237 -1.0217552481047807
v 1.6392087563872337 -10.9228977735687 -1.021849819650546
v 1.5515100210905075 -10.922897787167868 -1.1053209092520617
v 1.5515100210905075 -10.922897787167868 -1.1053209092520617
v 1.5355730429291725 -10.610918880773 -1.1053097842089818
v 1.622118055820465 -10.610918867160237 -1.0217552481047807
v 1.6536924988031387 -10.610918848582207 -0.9077241120688629
v 1.671205647289753 -10.922897755009606 -0.9079349126719404
v 1.6392087563872337 -10.9228977735687 -1.021849819650546
v 1.6392087563872337 -10.9228977735687 -1.021849819650546
v 1.622118055820465 -10.610918867160237 -1.0217552481047807
v 1.6536924988031387 -10.610918848582207 -0.9077241120688629
v -1.5378895215690136 -10.610918881392427 -1.1091118154875919
v -1.3239741325378418 -8.674321504279872 -1.1088006967304012
v -1.206778734922409 -8.674321509240164 -1.1392467492816702
v -1.206778734922409 -8.674321509240164 -1.1392467492816702
v -1.4194808900356293 -10.61091888634483 -1.139509439264981
v -1.5378895215690136 -10.610918881392427 -1.1091118154875919
v -1.6246462240815163 -10.610918867814625 -1.025771856104582
v -1.4098427258431911 -8.674321490680947 -1.025331097245005
v -1.3239741325378418 -8.674321504279872 -1.1088006967304012
v -1.3239741325378418 -8.674321504279872 -1.1088006967304012
v -1.5378895215690136 -10.610918881392427 -1.1091118154875919
v -1.6246462240815163 -10.610918867814625 -1.025771856104582
v -1.6565043479204178 -10.610918849249462 -0.9118196962229919
v -1.4413762837648392 -8.674321472087016 -0.9112023586032677
v -1.4098427258431911 -8.674321490680947 -1.025331097245005
v -1.4098427258431911 -8.674321490680947 -1.025331097245005
v -1.6246462240815163 -10.610918867814625 -1.025771856104582
v -1.6565043479204178 -10.610918849249462 -0.9118196962229919
v 1.2250881642103195 -6.737724871751486 -1.1055808713080502
v 1.32165914401412 -8.674321503746626 -1.1055276566741725
v 1.20454803109169 -8.674321508754137 -1.1362635368106622
v 1.20454803109169 -8.674321508754137 -1.1362635368106622
v 1.1089028790593147 -6.737724876769678 -1.1363823165537927
v 1.2250881642103195 -6.737724871751486 -1.1055808713080502
v 1.3100658543407917 -6.737724858088349 -1.0217171361090769
v 1.4073148369789124 -8.674321490113106 -1.0218457156417642
v 1.32165914401412 -8.674321503746626 -1.1055276566741725
v 1.32165914401412 -8.674321503746626 -1.1055276566741725
v 1.2250881642103195 -6.737724871751486 -1.1055808713080502
v 1.3100658543407917 -6.737724858088349 -1.0217171361090769
v 1.3410663232207298 -6.7377248394413725 -0.9072628070952539
v 1.438563596457243 -8.674321471506552 -0.9076394909618188
v 1.4073148369789124 -8.674321490113106 -1.0218457156417642
v 1.4073148369789124 -8.674321490113106 -1.0218457156417642
v 1.3100658543407917 -6.737724858088349 -1.0217171361090769
v 1.3410663232207298 -6.7377248394413725 -0.9072628070952539
v -1.2274010106921196 -6.737724872245767 -1.1086147477271175
v -1.2209136970341206 -5.239932047126715 -1.1085151539685438
v -1.105330791324377 -5.2399320521131045 -1.1391213940026468
v -1.105330791324377 -5.2399320521131045 -1.1391213940026468
v -1.1111295782029629 -6.737724877217104 -1.1391286005618186
v -1.2274010106921196 -6.737724872245767 -1.1086147477271175
v -1.312593650072813 -6.737724858616982 -1.024961863959037
v -1.305602304637432 -5.239932033457145 -1.0246119306924066
v -1.2209136970341206 -5.239932047126715 -1.1085151539685438
v -1.2209136970341206 -5.239932047126715 -1.1085151539685438
v -1.2274010106921196 -6.737724872245767 -1.1086147477271175
v -1.312593650072813 -6.737724858616982 -1.024961863959037
v -1.3438801281154156 -6.737724839982629 -0.9105850209834221
v -1.3367043808102608 -5.239932014766954 -0.9098923610093332
v -1.305602304637432 -5.239932033457145 -1.0246119306924066
v -1.305602304637432 -5.239932033457145 -1.0246119306924066
v -1.312593650072813 -6.737724858616982 -1.024961863959037
v -1.3438801281154156 -6.737724839982629 -0.9105850209834221
v -1.3239741325378418 -8.674321504279872 -1.1088006967304012
v -1.2274010106921196 -6.737724872245767 -1.1086147477271175
v -1.1111295782029629 -6.737724877217104 -1.1391286005618186
v -1.1111295782029629 -6.737724877217104 -1.1391286005618186
v -1.206778734922409 -8.674321509240164 -1.1392467492816702
v -1.3239741325378418 -8.674321504279872 -1.1088006967304012
v -1.4098427258431911 -8.674321490680947 -1.025331097245005
v -1.312593650072813 -6.737724858616982 -1.024961863959037
v -1.2274010106921196 -6.737724872245767 -1.1086147477271175
v -1.2274010106921196 -6.737724872245767 -1.1086147477271175
v -1.3239741325378418 -8.674321504279872 -1.1088006967304012
v -1.4098427258431911 -8.674321490680947 -1.025331097245005
v -1.4413762837648392 -8.674321472087016 -0.9112023586032677
v -1.3438801281154156 -6.737724839982629 -0.9105850209834221
v -1.312593650072813 -6.737724858616982 -1.024961863959037
v -1.312593650072813 -6.737724858616982 -1.024961863959037
v -1.4098427258431911 -8.674321490680947 -1.025331097245005
v -1.4413762837648392 -8.674321472087016 -0.9112023586032677
v 1.32165914401412 -8.674321503746626 -1.1055276566741725
v 1.5355730429291725 -10.610918880773 -1.1053097842089818
v 1.4172472059726715 -10.610918885773104 -1.13600021580383
v 1.4172472059726715 -10.610918885773104 -1.13600021580383
v 1.20454803109169 -8.674321508754137 -1.1362635368106622
v 1.32165914401412 -8.674321503746626 -1.1055276566741725
v 1.4073148369789124 -8.674321490113106 -1.0218457156417642
v 1.622118055820465 -10.610918867160237 -1.0217552481047807
v 1.5355730429291725 -10.610918880773 -1.1053097842089818
v 1.5355730429291725 -10.610918880773 -1.1053097842089818
v 1.32165914401412 -8.674321503746626 -1.1055276566741725
v 1.4073148369789124 -8.674321490113106 -1.0218457156417642
v 1.438563596457243 -8.674321471506552 -0.9076394909618188
v 1.6536924988031387 -10.610918848582207 -0.9077241120688629
v 1.622118055820465 -10.610918867160237 -1.0217552481047807
v 1.622118055820465 -10.610918867160237 -1.0217552481047807
v 1.4073148369789124 -8.674321490113106 -1.0218457156417642
v 1.438563596457243 -8.674321471506552 -0.9076394909618188
v 1.2186028063297272 -5.239932046635104 -1.1054976688267897
v 1.2250881642103195 -6.737724871751486 -1.1055808713080502
v 1.1089028790593147 -6.737724876769678 -1.1363823165537927
v 1.1089028790593147 -6.737724876769678 -1.1363823165537927
v 1.1031094007194042 -5.239932051667984 -1.136389266097755
v 1.2186028063297272 -5.239932046635104 -1.1054976688267897
v 1.303073763847351 -5.2399320329313035 -1.0213843391778195
v 1.3100658543407917 -6.737724858088349 -1.0217171361090769
v 1.2250881642103195 -6.737724871751486 -1.1055808713080502
v 1.2250881642103195 -6.737724871751486 -1.1055808713080502
v 1.2186028063297272 -5.239932046635104 -1.1054976688267897
v 1.303073763847351 -5.2399320329313035 -1.0213843391778195
v 1.3338885270059109 -5.239932014228611 -0.9065880285145975
v 1.3410663232207298 -6.7377248394413725 -0.9072628070952539
v 1.3100658543407917 -6.737724858088349 -1.0217171361090769
v 1.3100658543407917 -6.737724858088349 -1.0217171361090769
v 1.303073763847351 -5.2399320329313035 -1.0213843391778195
v 1.3338885270059109 -5.239932014228611 -0.9065880285145975
v -1.1330420151352882 -2.9023734599876434 -0.9881186227072449
v -1.1334015987813473 -2.522815528259371 -0.8399057748465929
v -1.0191583074629307 -2.5228155333502733 -0.871153509870091
v -1.0191583074629307 -2.5228155333502733 -0.871153509870091
v -1.0186215862631798 -2.902373465053176 -1.0192106405962675
v -1.1330420151352882 -2.9023734599876434 -0.9881186227072449
v -1.2168807908892632 -2.9023734461023714 -0.9028914312590344
v -1.2171111069619656 -2.522815514304788 -0.754253155246298
v -1.1334015987813473 -2.522815528259371 -0.8399057748465929
v -1.1334015987813473 -2.522815528259371 -0.8399057748465929
v -1.1330420151352882 -2.9023734599876434 -0.9881186227072449
v -1.2168807908892632 -2.9023734461023714 -0.9028914312590344
v -1.247673574835062 -2.9023734271177 -0.7863643507231473
v -1.2478570453822613 -2.5228154952255575 -0.6371456744819105
v -1.2171111069619656 -2.522815514304788 -0.754253155246298
v -1.2171111069619656 -2.522815514304788 -0.754253155246298
v -1.2168807908892632 -2.9023734461023714 -0.9028914312590344
v -1.247673574835062 -2.9023734271177 -0.7863643507231473
v -1.1334015987813473 -2.522815528259371 -0.8399057748465929
v -1.1337291449308395 -2.068811389726816 -0.6580580380680141
v -1.0195867158472538 -2.068811394827065 -0.6893631425621085
v -1.0195867158472538 -2.068811394827065 -0.6893631425621085
v -1.0191583074629307 -2.5228155333502733 -0.871153509870091
v -1.1334015987813473 -2.522815528259371 -0.8399057748465929
v -1.2171111069619656 -2.522815514304788 -0.754253155246298
v -1.2173648923635483 -2.068811375746742 -0.5722489562751838
v -1.1337291449308395 -2.068811389726816 -0.6580580380680141
v -1.1337291449308395 -2.068811389726816 -0.6580580380680141
v -1.1334015987813473 -2.522815528259371 -0.8399057748465929
v -1.2171111069619656 -2.522815514304788 -0.754253155246298
v -1.2478570453822613 -2.5228154952255575 -0.6371456744819105
v -1.2480839155614376 -2.0688113566327955 -0.4549283889057243
v -1.2173648923635483 -2.068811375746742 -0.5722489562751838
v -1.2173648923635483 -2.068811375746742 -0.5722489562751838
v -1.2171111069619656 -2.522815514304788 -0.754253155246298
v -1.2478570453822613 -2.5228154952255575 -0.6371456744819105
v -1.1337291449308395 -2.068811389726816 -0.6580580380680141
v -1.1341389268636703 -1.4251930283439251 -0.3533092799449546
v -1.0200665332376957 -1.425193028548338 -0.35456395771747656
v -1.0200665332376957 -1.425193028548338 -0.35456395771747656
v -1.0195867158472538 -2.068811394827065 -0.6893631425621085
v -1.1337291449308395 -2.068811389726816 -0.6580580380680141
v -1.2173648923635483 -2.068811375746742 -0.5722489562751838
v -1.2176618911325932 -1.4251930260840937 -0.33943853404766167
v -1.1341389268636703 -1.4251930283439251 -0.3533092799449546
v -1.1341389268636703 -1.4251930283439251 -0.3533092799449546
v -1.1337291449308395 -2.068811389726816 -0.6580580380680141
v -1.2173648923635483 -2.068811375746742 -0.5722489562751838
v -1.2480839155614376 -2.0688113566327955 -0.4549283889057243
v -1.248266827315092 -1.4251930208181538 -0.30711642530208716
v -1.2176618911325932 -1.4251930260840937 -0.33943853404766167
v -1.2176618911325932 -1.4251930260840937 -0.33943853404766167
v -1.2173648923635483 -2.068811375746742 -0.5722489562751838
v -1.2480839155614376 -2.0688113566327955 -0.4549283889057243
v -1.132245920598507 -3.742137359340786 -1.1082821948175885
v -1.13264424726367 -3.322255417003356 -1.0932477366385072
v -1.0179562494158745 -3.322255422037207 -1.1241452943739498
v -1.0179562494158745 -3.322255422037207 -1.1241452943739498
v -1.0171784088015556 -3.7421373643474465 -1.13901285954766
v -1.132245920598507 -3.742137359340786 -1.1082821948175885
v -1.2165575288236141 -3.742137345615864 -1.0240392250662316
v -1.2166786007583141 -3.3222554032047533 -1.008552516644917
v -1.13264424726367 -3.322255417003356 -1.0932477366385072
v -1.13264424726367 -3.322255417003356 -1.0932477366385072
v -1.132245920598507 -3.742137359340786 -1.1082821948175885
v -1.2165575288236141 -3.742137345615864 -1.0240392250662316
v -1.247522048652172 -3.7421373268502935 -0.9088569743280893
v -1.2475418858230114 -3.322255384338554 -0.8927526127752897
v -1.2166786007583141 -3.3222554032047533 -1.008552516644917
v -1.2166786007583141 -3.3222554032047533 -1.008552516644917
v -1.2165575288236141 -3.742137345615864 -1.0240392250662316
v -1.247522048652172 -3.7421373268502935 -0.9088569743280893
v -1.2209136970341206 -5.239932047126715 -1.1085151539685438
v -1.132245920598507 -3.742137359340786 -1.1082821948175885
v -1.0171784088015556 -3.7421373643474465 -1.13901285954766
v -1.0171784088015556 -3.7421373643474465 -1.13901285954766
v -1.105330791324377 -5.2399320521131045 -1.1391213940026468
v -1.2209136970341206 -5.239932047126715 -1.1085151539685438
v -1.305602304637432 -5.239932033457145 -1.0246119306924066
v -1.2165575288236141 -3.742137345615864 -1.0240392250662316
v -1.132245920598507 -3.742137359340786 -1.1082821948175885
v -1.132245920598507 -3.742137359340786 -1.1082821948175885
v -1.2209136970341206 -5.239932047126715 -1.1085151539685438
v -1.305602304637432 -5.239932033457145 -1.0246119306924066
v -1.3367043808102608 -5.239932014766954 -0.9098923610093332
v -1.247522048652172 -3.7421373268502935 -0.9088569743280893
v -1.2165575288236141 -3.742137345615864 -1.0240392250662316
v -1.2165575288236141 -3.742137345615864 -1.0240392250662316
v -1.305602304637432 -5.239932033457145 -1.0246119306924066
v -1.3367043808102608 -5.239932014766954 -0.9098923610093332
v 1.15335863083601 -1.4251930278829035 -0.350479549434243
v 1.1537032201886177 -2.0688113892657944 -0.6552283075573024
v 1.0396447032690048 -2.068811394411927 -0.6868150439979606
v 1.0396447032690048 -2.068811394411927 -0.6868150439979606
v 1.039295457303524 -1.4251930281333216 -0.3520166042113883
v 1.15335863083601 -1.4251930278829035 -0.350479549434243
v 1.2368426658213139 -1.425193025589327 -0.33640167739635557
v 1.237122155725956 -2.0688113752520967 -0.5692128446819374
v 1.1537032201886177 -2.0688113892657944 -0.6552283075573024
v 1.1537032201886177 -2.0688113892657944 -0.6552283075573024
v 1.15335863083601 -1.4251930278829035 -0.350479549434243
v 1.2368426658213139 -1.425193025589327 -0.33640167739635557
v 1.267366111278534 -1.4251930203111272 -0.30400431778675213
v 1.2675492092967033 -2.0688113561257686 -0.4518162813903892
v 1.237122155725956 -2.0688113752520967 -0.5692128446819374
v 1.237122155725956 -2.0688113752520967 -0.5692128446819374
v 1.2368426658213139 -1.425193025589327 -0.33640167739635557
v 1.267366111278534 -1.4251930203111272 -0.30400431778675213
v 1.1538351885974407 -2.902373459526743 -0.985289637254593
v 1.1536993086338043 -3.322255416542577 -1.0904194962439149
v 1.0390980169177055 -3.3222554216225544 -1.1216001760420409
v 1.0390980169177055 -3.3222554216225544 -1.1216001760420409
v 1.039500068873167 -2.9023734646384023 -1.0166647772062987
v 1.1538351885974407 -2.902373459526743 -0.985289637254593
v 1.2374571524560452 -2.9023734456076045 -0.8998545746077283
v 1.2375165708363056 -3.3222554027101077 -1.0055164050516707
v 1.1536993086338043 -3.322255416542577 -1.0904194962439149
v 1.1536993086338043 -3.322255416542577 -1.0904194962439149
v 1.1538351885974407 -2.902373459526743 -0.985289637254593
v 1.2374571524560452 -2.9023734456076045 -0.8998545746077283
v 1.267959177494049 -2.9023734266106738 -0.7832522432078123
v 1.2680908665060997 -3.322255383831527 -0.8896405052599546
v 1.2375165708363056 -3.3222554027101077 -1.0055164050516707
v 1.2375165708363056 -3.3222554027101077 -1.0055164050516707
v 1.2374571524560452 -2.9023734456076045 -0.8998545746077283
v 1.267959177494049 -2.9023734266106738 -0.7832522432078123
v 1.1533408425748348 -3.7421373588801283 -1.105454699481056
v 1.2186028063297272 -5.239932046635104 -1.1054976688267897
v 1.1031094007194042 -5.239932051667984 -1.136389266097755
v 1.1031094007194042 -5.239932051667984 -1.136389266097755
v 1.0383623652160168 -3.7421373639331583 -1.1364699763899302
v 1.1533408425748348 -3.7421373588801283 -1.105454699481056
v 1.237434707581997 -3.7421373451212188 -1.0210031134729853
v 1.303073763847351 -5.2399320329313035 -1.0213843391778195
v 1.2186028063297272 -5.239932046635104 -1.1054976688267897
v 1.2186028063297272 -5.239932046635104 -1.1054976688267897
v 1.1533408425748348 -3.7421373588801283 -1.105454699481056
v 1.237434707581997 -3.7421373451212188 -1.0210031134729853
v 1.268110703676939 -3.7421373263432667 -0.9057448668127542
v 1.3338885270059109 -5.239932014228611 -0.9065880285145975
v 1.303073763847351 -5.2399320329313035 -1.0213843391778195
v 1.303073763847351 -5.2399320329313035 -1.0213843391778195
v 1.237434707581997 -3.7421373451212188 -1.0210031134729853
v 1.268110703676939 -3.7421373263432667 -0.9057448668127542
v 1.1538276448845863 -2.5228155277983495 -0.8370760443358812
v 1.1538351885974407 -2.902373459526743 -0.985289637254593
v 1.039500068873167 -2.9023734646384023 -1.0166647772062987
v 1.039500068873167 -2.9023734646384023 -1.0166647772062987
v 1.03966873139143 -2.522815532935378 -0.8686069014220624
v 1.1538276448845863 -2.5228155277983495 -0.8370760443358812
v 1.2373201549053192 -2.5228155138100212 -0.751216298594992
v 1.2374571524560452 -2.9023734456076045 -0.8998545746077283
v 1.1538351885974407 -2.902373459526743 -0.985289637254593
v 1.1538351885974407 -2.902373459526743 -0.985289637254593
v 1.1538276448845863 -2.5228155277983495 -0.8370760443358812
v 1.2373201549053192 -2.5228155138100212 -0.751216298594992
v 1.2677744030952454 -2.522815494718531 -0.6340335669665755
v 1.267959177494049 -2.9023734266106738 -0.7832522432078123
v 1.2374571524560452 -2.9023734456076045 -0.8998545746077283
v 1.2374571524560452 -2.9023734456076045 -0.8998545746077283
v 1.2373201549053192 -2.5228155138100212 -0.751216298594992
v 1.2677744030952454 -2.522815494718531 -0.6340335669665755
v 1.1537032201886177 -2.0688113892657944 -0.6552283075573024
v 1.1538276448845863 -2.5228155277983495 -0.8370760443358812
v 1.03966873139143 -2.522815532935378 -0.8686069014220624
v 1.03966873139143 -2.522815532935378 -0.8686069014220624
v 1.0396447032690048 -2.068811394411927 -0.6868150439979606
v 1.1537032201886177 -2.0688113892657944 -0.6552283075573024
v 1.237122155725956 -2.0688113752520967 -0.5692128446819374
v 1.2373201549053192 -2.5228155138100212 -0.751216298594992
v 1.1538276448845863 -2.5228155277983495 -0.8370760443358812
v 1.1538276448845863 -2.5228155277983495 -0.8370760443358812
v 1.1537032201886177 -2.0688113892657944 -0.6552283075573024
v 1.237122155725956 -2.0688113752520967 -0.5692128446819374
v 1.2675492092967033 -2.0688113561257686 -0.4518162813903892
v 1.2677744030952454 -2.522815494718531 -0.6340335669665755
v 1.2373201549053192 -2.5228155138100212 -0.751216298594992
v 1.2373201549053192 -2.5228155138100212 -0.751216298594992
v 1.237122155725956 -2.0688113752520967 -0.5692128446819374
v 1.2675492092967033 -2.0688113561257686 -0.4518162813903892
v -1.2191682122647762 -3.3222550753449447 1.0038366365971674
v -1.2191089801490307 -2.9023731526713368 0.8981754143963828
v -1.2496133334934711 -2.902373171668389 0.7815723379384071
v -1.2496133334934711 -2.902373171668389 0.7815723379384071
v -1.2497449293732643 -3.322255094223525 0.8879607368054513
v -1.2191682122647762 -3.3222550753449447 1.0038366365971674
v -1.135343685746193 -3.3222550615124753 1.0887397277894117
v -1.135481335222721 -2.9023731387523197 0.9836097319851879
v -1.2191089801490307 -2.9023731526713368 0.8981754143963828
v -1.2191089801490307 -2.9023731526713368 0.8981754143963828
v -1.2191682122647762 -3.3222550753449447 1.0038366365971674
v -1.135343685746193 -3.3222550615124753 1.0887397277894117
v -1.0207325220108032 -3.322255056432498 1.1199204075875375
v -1.0211382061243057 -2.9023731336406606 1.0149848719368932
v -1.135481335222721 -2.9023731387523197 0.9836097319851879
v -1.135481335222721 -2.9023731387523197 0.9836097319851879
v -1.135343685746193 -3.3222550615124753 1.0887397277894117
v -1.0207325220108032 -3.322255056432498 1.1199204075875375
v 1.2350269593298435 -3.322255074850299 1.0068727481904136
v 1.2349067255854607 -3.742137012215178 1.0223595934266303
v 1.26586789265275 -3.7421370309807482 0.907177342688488
v 1.26586789265275 -3.7421370309807482 0.907177342688488
v 1.2658878229558468 -3.3222550937164983 0.8910728443207864
v 1.2350269593298435 -3.322255074850299 1.0068727481904136
v 1.1509998701512814 -3.3222550610516963 1.0915679681840038
v 1.1506042443215847 -3.7421369984903774 1.1066018181199275
v 1.2349067255854607 -3.742137012215178 1.0223595934266303
v 1.2349067255854607 -3.742137012215178 1.0223595934266303
v 1.2350269593298435 -3.322255074850299 1.0068727481904136
v 1.1509998701512814 -3.3222550610516963 1.0915679681840038
v 1.0363217443227768 -3.322255056017967 1.1224647808613868
v 1.0355493053793907 -3.7421369934835953 1.137333227908059
v 1.1506042443215847 -3.7421369984903774 1.1066018181199275
v 1.1506042443215847 -3.7421369984903774 1.1066018181199275
v 1.1509998701512814 -3.3222550610516963 1.0915679681840038
v 1.0363217443227768 -3.322255056017967 1.1224647808613868
v -1.13264424726367 -3.322255417003356 -1.0932477366385072
v -1.1330420151352882 -2.9023734599876434 -0.9881186227072449
v -1.0186215862631798 -2.902373465053176 -1.0192106405962675
v -1.0186215862631798 -2.902373465053176 -1.0192106405962675
v -1.0179562494158745 -3.322255422037207 -1.1241452943739498
v -1.13264424726367 -3.322255417003356 -1.0932477366385072
v -1.2166786007583141 -3.3222554032047533 -1.008552516644917
v -1.2168807908892632 -2.9023734461023714 -0.9028914312590344
v -1.1330420151352882 -2.9023734599876434 -0.9881186227072449
v -1.1330420151352882 -2.9023734599876434 -0.9881186227072449
v -1.13264424726367 -3.322255417003356 -1.0932477366385072
v -1.2166786007583141 -3.3222554032047533 -1.008552516644917
v -1.2475418858230114 -3.322255384338554 -0.8927526127752897
v -1.247673574835062 -2.9023734271177 -0.7863643507231473
v -1.2168807908892632 -2.9023734461023714 -0.9028914312590344
v -1.2168807908892632 -2.9023734461023714 -0.9028914312590344
v -1.2166786007583141 -3.3222554032047533 -1.008552516644917
v -1.2475418858230114 -3.322255384338554 -0.8927526127752897
v 1.1536993086338043 -3.322255416542577 -1.0904194962439149
v 1.1533408425748348 -3.7421373588801283 -1.105454699481056
v 1.0383623652160168 -3.7421373639331583 -1.1364699763899302
v 1.0383623652160168 -3.7421373639331583 -1.1364699763899302
v 1.0390980169177055 -3.3222554216225544 -1.1216001760420409
v 1.1536993086338043 -3.322255416542577 -1.0904194962439149
v 1.2375165708363056 -3.3222554027101077 -1.0055164050516707
v 1.237434707581997 -3.7421373451212188 -1.0210031134729853
v 1.1533408425748348 -3.7421373588801283 -1.105454699481056
v 1.1533408425748348 -3.7421373588801283 -1.105454699481056
v 1.1536993086338043 -3.322255416542577 -1.0904194962439149
v 1.2375165708363056 -3.3222554027101077 -1.0055164050516707
v 1.2680908665060997 -3.322255383831527 -0.8896405052599546
v 1.268110703676939 -3.7421373263432667 -0.9057448668127542
v 1.237434707581997 -3.7421373451212188 -1.0210031134729853
v 1.237434707581997 -3.7421373451212188 -1.0210031134729853
v 1.2375165708363056 -3.3222554027101077 -1.0055164050516707
v 1.2680908665060997 -3.322255383831527 -0.8896405052599546
v -1.1635666713118553 -11.26976221923518 0.9070370080629581
v -1.6191011294722557 -11.095731557751044 0.9064305024491748
v -1.6183530911803246 -11.095731656246649 0.30186878613105234
v -1.6183530911803246 -11.095731656246649 0.30186878613105234
v -1.1628187261521816 -11.269762317737825 0.30243207837737346
v -1.1635666713118553 -11.26976221923518 0.9070370080629581
v 0.8969541639089584 -11.269762181743003 1.1371623459020817
v 1.3675153255462646 -11.095731520065257 1.1377442078935078
v -1.3753771781921387 -11.095731520618047 1.1343512134896687
v -1.3753771781921387 -11.095731520618047 1.1343512134896687
v -0.9048177860677242 -11.269762182106188 1.134933132187482
v 0.8969541639089584 -11.269762181743003 1.1371623459020817
v -1.6191011294722557 -11.095731557751044 0.9064305024491748
v -1.6762666404247284 -10.92289745944498 0.9062278184986897
v -1.6755187883973122 -10.922897557919102 0.30179797745713277
v -1.6755187883973122 -10.922897557919102 0.30179797745713277
v -1.6183530911803246 -11.095731656246649 0.30186878613105234
v -1.6191011294722557 -11.095731557751044 0.9064305024491748
v 1.3675153255462646 -11.095731520065257 1.1377442078935078
v 1.4287951402366161 -10.922897421713797 1.1378201756573476
v -1.4366566203534603 -10.92289742229135 1.1342751894093313
v -1.4366566203534603 -10.92289742229135 1.1342751894093313
v -1.3753771781921387 -11.095731520618047 1.1343512134896687
v 1.3675153255462646 -11.095731520065257 1.1377442078935078
v -1.1290055699646473 -11.2697622006898 1.0208677234808186
v -1.1635666713118553 -11.26976221923518 0.9070370080629581
v -1.1628187261521816 -11.269762317737825 0.30243207837737346
v -1.1628187261521816 -11.269762317737825 0.30243207837737346
v 1.15700364112854 -11.26976231727025 0.3053020420233085
v 1.1562556959688663 -11.269762218767603 0.9099069717088931
v 1.1562556959688663 -11.269762218767603 0.9099069717088931
v 1.1214124970138073 -11.269762200236185 1.0236520054498888
v 1.0265015065670013 -11.269762186684236 1.106833267466184
v 1.0265015065670013 -11.269762186684236 1.106833267466184
v 0.8969541639089584 -11.269762181743003 1.1371623459020817
v -0.9048177860677242 -11.269762182106188 1.134933132187482
v -0.9048177860677242 -11.269762182106188 1.134933132187482
v -1.0342967696487904 -11.269762187099618 1.104283678785917
v -1.1290055699646473 -11.2697622006898 1.0208677234808186
v -1.1290055699646473 -11.2697622006898 1.0208677234808186
v -1.1628187261521816 -11.269762317737825 0.30243207837737346
v 1.1562556959688663 -11.269762218767603 0.9099069717088931
v 1.1562556959688663 -11.269762218767603 0.9099069717088931
v 1.0265015065670013 -11.269762186684236 1.106833267466184
v -0.9048177860677242 -11.269762182106188 1.134933132187482
v -0.9048177860677242 -11.269762182106188 1.134933132187482
v -1.1290055699646473 -11.2697622006898 1.0208677234808186
v 1.1562556959688663 -11.269762218767603 0.9099069717088931
v 1.6117902472615242 -11.09573155709981 0.9104277389394243
v 1.1562556959688663 -11.269762218767603 0.9099069717088931
v 1.15700364112854 -11.26976231727025 0.3053020420233085
v 1.15700364112854 -11.26976231727025 0.3053020420233085
v 1.6125382855534554 -11.095731655595538 0.3058652775632422
v 1.6117902472615242 -11.09573155709981 0.9104277389394243
v -1.6762666404247284 -10.92289745944498 0.9062278184986897
v -1.6587533056735992 -10.610918553086286 0.9060169162399813
v -1.6580058261752129 -10.610918651522534 0.30181953331304845
v -1.6580058261752129 -10.610918651522534 0.30181953331304845
v -1.6755187883973122 -10.922897557919102 0.30179797745713277
v -1.6762666404247284 -10.92289745944498 0.9062278184986897
v 1.4287951402366161 -10.922897421713797 1.1378201756573476
v 1.4144341461360455 -10.610918515323663 1.1378022434360995
v -1.4222939498722553 -10.610918515895388 1.1342930199749484
v -1.4222939498722553 -10.610918515895388 1.1342930199749484
v -1.4366566203534603 -10.92289742229135 1.1342751894093313
v 1.4287951402366161 -10.922897421713797 1.1378201756573476
v 1.6689561307430267 -10.922897458770807 0.9103658709622211
v 1.6117902472615242 -11.09573155709981 0.9104277389394243
v 1.6125382855534554 -11.095731655595538 0.3058652775632422
v 1.6125382855534554 -11.095731655595538 0.3058652775632422
v 1.669703982770443 -10.922897557244927 0.3059360299206642
v 1.6689561307430267 -10.922897458770807 0.9103658709622211
v 1.6514435410499573 -10.610918552419152 0.9101117553360505
v 1.6689561307430267 -10.922897458770807 0.9103658709622211
v 1.669703982770443 -10.922897557244927 0.3059360299206642
v 1.669703982770443 -10.922897557244927 0.3059360299206642
v 1.6521910205483437 -10.6109186508554 0.30591437240911773
v 1.6514435410499573 -10.610918552419152 0.9101117553360505
v -1.6587533056735992 -10.610918553086286 0.9060169162399813
v -1.443624310195446 -8.674321176038307 0.9059316641094155
v -1.442877296358347 -8.674321274417382 0.3020852035285978
v -1.442877296358347 -8.674321274417382 0.3020852035285978
v -1.6580058261752129 -10.610918651522534 0.30181953331304845
v -1.6587533056735992 -10.610918553086286 0.9060169162399813
v 1.4144341461360455 -10.610918515323663 1.1378022434360995
v 1.201734971255064 -8.674321138304695 1.1375389224292674
v -1.209591794759035 -8.674321138790722 1.134555709958259
v -1.209591794759035 -8.674321138790722 1.134555709958259
v -1.4222939498722553 -10.610918515895388 1.1342930199749484
v 1.4144341461360455 -10.610918515323663 1.1378022434360995
v 1.4363155700266361 -8.674321175457841 0.9094945317508645
v 1.6514435410499573 -10.610918552419152 0.9101117553360505
v 1.6521910205483437 -10.6109186508554 0.30591437240911773
v 1.6521910205483437 -10.6109186508554 0.30591437240911773
v 1.4370625838637352 -8.674321273836917 0.3056480711700467
v 1.4363155700266361 -8.674321175457841 0.9094945317508645
v -1.443624310195446 -8.674321176038307 0.9059316641094155
v -1.3461269438266754 -6.7377245440958475 0.9055550942776315
v -1.3453805819153786 -6.737724642393959 0.30220558742262854
v -1.3453805819153786 -6.737724642393959 0.30220558742262854
v -1.442877296358347 -8.674321274417382 0.3020852035285978
v -1.443624310195446 -8.674321176038307 0.9059316641094155
v 1.201734971255064 -8.674321138304695 1.1375389224292674
v 1.1060898192226887 -6.737724506320115 1.1374208877441965
v -1.113942638039589 -6.7377245067676625 1.1346738586781107
v -1.113942638039589 -6.7377245067676625 1.1346738586781107
v -1.209591794759035 -8.674321138790722 1.134555709958259
v 1.201734971255064 -8.674321138304695 1.1375389224292674
v 1.33881950750947 -6.7377245435547115 0.9088765631077401
v 1.4363155700266361 -8.674321175457841 0.9094945317508645
v 1.4370625838637352 -8.674321273836917 0.3056480711700467
v 1.4370625838637352 -8.674321273836917 0.3056480711700467
v 1.3395658694207668 -6.737724641852823 0.30552705625273713
v 1.33881950750947 -6.7377245435547115 0.9088765631077401
v 1.3316433876752853 -5.239931718564813 0.9081834150908012
v 1.33881950750947 -6.7377245435547115 0.9088765631077401
v 1.3395658694207668 -6.737724641852823 0.30552705625273713
v 1.3395658694207668 -6.737724641852823 0.30552705625273713
v 1.332388911396265 -5.239931816751372 0.3055186165926555
v 1.3316433876752853 -5.239931718564813 0.9081834150908012
v 1.1060898192226887 -6.737724506320115 1.1374208877441965
v 1.1002963408827782 -5.239931681218542 1.1374131931421745
v -1.1081438511610031 -5.239931681663663 1.1346810652372825
v -1.1081438511610031 -5.239931681663663 1.1346810652372825
v -1.113942638039589 -6.7377245067676625 1.1346738586781107
v 1.1060898192226887 -6.737724506320115 1.1374208877441965
v -1.3389495201408863 -5.239931719103036 0.9048798276541252
v -1.249764859676361 -3.742137031487775 0.904065235173153
v -1.249020453542471 -3.7421371295238157 0.3023243086690259
v -1.249020453542471 -3.7421371295238157 0.3023243086690259
v -1.3382039964199066 -5.239931817289716 0.30221428409791984
v -1.3389495201408863 -5.239931719103036 0.9048798276541252
v -1.3461269438266754 -6.7377245440958475 0.9055550942776315
v -1.3389495201408863 -5.239931719103036 0.9048798276541252
v -1.3382039964199066 -5.239931817289716 0.30221428409791984
v -1.3382039964199066 -5.239931817289716 0.30221428409791984
v -1.3453805819153786 -6.737724642393959 0.30220558742262854
v -1.3461269438266754 -6.7377245440958475 0.9055550942776315
v 1.0355493053793907 -3.7421369934835953 1.137333227908059
v -1.0199914686381817 -3.7421369938978835 1.134790344750329
v -1.1081438511610031 -5.239931681663663 1.1346810652372825
v -1.1081438511610031 -5.239931681663663 1.1346810652372825
v 1.1002963408827782 -5.239931681218542 1.1374131931421745
v 1.0355493053793907 -3.7421369934835953 1.137333227908059
v 1.26586789265275 -3.7421370309807482 0.907177342688488
v 1.3316433876752853 -5.239931718564813 0.9081834150908012
v 1.332388911396265 -5.239931816751372 0.3055186165926555
v 1.332388911396265 -5.239931816751372 0.3055186165926555
v 1.2666122987866402 -3.742137129016789 0.3054364161843609
v 1.26586789265275 -3.7421370309807482 0.907177342688488
v 1.152417715638876 -1.4251929039766067 0.4100518760418211
v 1.235924568027258 -1.4251929046833125 0.4057141480182921
v 1.2666121125221252 -1.4251929210205687 0.3054367837642956
v -1.2490208260715008 -1.4251929215277168 0.3023239311909009
v -1.218579988926649 -1.4251929051779577 0.4026780364250457
v -1.1350798420608044 -1.4251929044377498 0.4072214004730498
v -1.1350798420608044 -1.4251929044377498 0.4072214004730498
v -1.0210142470896244 -1.4251929037431827 0.41148462269060954
v 1.0383477434515953 -1.4251929033281663 0.41403197619669774
v 1.0383477434515953 -1.4251929033281663 0.41403197619669774
v 1.152417715638876 -1.4251929039766067 0.4100518760418211
v 1.2666121125221252 -1.4251929210205687 0.3054367837642956
v -1.2490208260715008 -1.4251929215277168 0.3023239311909009
v -1.1350798420608044 -1.4251929044377498 0.4072214004730498
v 1.0383477434515953 -1.4251929033281663 0.41403197619669774
v -1.2490208260715008 -1.4251929215277168 0.3023239311909009
v 1.0383477434515953 -1.4251929033281663 0.41403197619669774
v 1.2666121125221252 -1.4251929210205687 0.3054367837642956
v 1.0383477434515953 -1.4251929033281663 0.41403197619669774
v -1.0210142470896244 -1.4251929037431827 0.41148462269060954
v -1.0212872177362442 -2.068811170892915 0.6851348671195748
v -1.0212872177362442 -2.068811170892915 0.6851348671195748
v 1.0379442013800144 -2.068811170477777 0.6876829656837227
v 1.0383477434515953 -1.4251929033281663 0.41403197619669774
v 1.2666121125221252 -1.4251929210205687 0.3054367837642956
v 1.2664294801652431 -2.0688112086720465 0.45324821202733856
v 1.2666122987866402 -2.068811232753689 0.3054361435649687
v -1.2490208260715008 -2.068811233260716 0.30232403604963365
v -1.2492036446928978 -2.0688112091790734 0.45013610451200353
v -1.2490208260715008 -1.4251929215277168 0.3023239311909009
v 1.2664294801652431 -2.0688112086720465 0.45324821202733856
v 1.2662038207054138 -2.5228152878908565 0.6354656455368408
v 1.2666121125221252 -2.522815341659475 0.30543621753162664
v 1.2666121125221252 -2.522815341659475 0.30543621753162664
v 1.2666122987866402 -2.068811232753689 0.3054361435649687
v 1.2664294801652431 -2.0688112086720465 0.45324821202733856
v 1.0379442013800144 -2.068811170477777 0.6876829656837227
v -1.0212872177362442 -2.068811170892915 0.6851348671195748
v -1.021308545023203 -2.522815250181036 0.8669268724769927
v -1.021308545023203 -2.522815250181036 0.8669268724769927
v 1.0375184938311577 -2.5228152497661407 0.8694734809250212
v 1.0379442013800144 -2.068811170477777 0.6876829656837227
v -1.2494276277720928 -2.522815288397883 0.6323535380215057
v -1.2492036446928978 -2.0688112091790734 0.45013610451200353
v -1.2490208260715008 -2.068811233260716 0.30232403604963365
v -1.2490208260715008 -2.068811233260716 0.30232403604963365
v -1.2490193359553814 -2.522815342166502 0.3023241100162916
v -1.2494276277720928 -2.522815288397883 0.6323535380215057
v 1.0375184938311577 -2.5228152497661407 0.8694734809250212
v -1.021308545023203 -2.522815250181036 0.8669268724769927
v -1.0211382061243057 -2.9023731336406606 1.0149848719368932
v -1.0211382061243057 -2.9023731336406606 1.0149848719368932
v 1.036983449012041 -2.902373133225887 1.0175307353268621
v 1.0375184938311577 -2.5228152497661407 0.8694734809250212
v 1.2662038207054138 -2.5228152878908565 0.6354656455368408
v 1.26601941883564 -2.9023731711613627 0.7846844454537422
v 1.2666122987866402 -2.9023732492407994 0.3054362793694589
v 1.2666122987866402 -2.9023732492407994 0.3054362793694589
v 1.2666121125221252 -2.522815341659475 0.30543621753162664
v 1.2662038207054138 -2.5228152878908565 0.6354656455368408
v -1.2496133334934711 -2.902373171668389 0.7815723379384071
v -1.2494276277720928 -2.522815288397883 0.6323535380215057
v -1.2490193359553814 -2.522815342166502 0.3023241100162916
v -1.2490193359553814 -2.522815342166502 0.3023241100162916
v -1.249020453542471 -2.9023732497478263 0.30232417185412386
v -1.2496133334934711 -2.902373171668389 0.7815723379384071
v 1.036983449012041 -2.902373133225887 1.0175307353268621
v -1.0211382061243057 -2.9023731336406606 1.0149848719368932
v -1.0207325220108032 -3.322255056432498 1.1199204075875375
v -1.0207325220108032 -3.322255056432498 1.1199204075875375
v 1.0363217443227768 -3.322255056017967 1.1224647808613868
v 1.036983449012041 -2.902373133225887 1.0175307353268621
v 1.26601941883564 -2.9023731711613627 0.7846844454537422
v 1.2658878229558468 -3.3222550937164983 0.8910728443207864
v 1.2666122987866402 -3.322255189128794 0.3054363477769099
v 1.2666122987866402 -3.322255189128794 0.3054363477769099
v 1.2666122987866402 -2.9023732492407994 0.3054362793694589
v 1.26601941883564 -2.9023731711613627 0.7846844454537422
v -1.2497449293732643 -3.322255094223525 0.8879607368054513
v -1.2496133334934711 -2.902373171668389 0.7815723379384071
v -1.249020453542471 -2.9023732497478263 0.30232417185412386
v -1.249020453542471 -2.9023732497478263 0.30232417185412386
v -1.249020453542471 -3.322255189635821 0.3023242402615749
v -1.2497449293732643 -3.322255094223525 0.8879607368054513
v 1.0363217443227768 -3.322255056017967 1.1224647808613868
v -1.0207325220108032 -3.322255056432498 1.1199204075875375
v -1.0199914686381817 -3.7421369938978835 1.134790344750329
v -1.0199914686381817 -3.7421369938978835 1.134790344750329
v 1.0355493053793907 -3.7421369934835953 1.137333227908059
v 1.0363217443227768 -3.322255056017967 1.1224647808613868
v 1.2658878229558468 -3.3222550937164983 0.8910728443207864
v 1.26586789265275 -3.7421370309807482 0.907177342688488
v 1.2666122987866402 -3.742137129016789 0.3054364161843609
v 1.2666122987866402 -3.742137129016789 0.3054364161843609
v 1.2666122987866402 -3.322255189128794 0.3054363477769099
v 1.2658878229558468 -3.3222550937164983 0.8910728443207864
v -1.249764859676361 -3.742137031487775 0.904065235173153
v -1.2497449293732643 -3.322255094223525 0.8879607368054513
v -1.249020453542471 -3.322255189635821 0.3023242402615749
v -1.249020453542471 -3.322255189635821 0.3023242402615749
v -1.249020453542471 -3.7421371295238157 0.3023243086690259
v -1.249764859676361 -3.742137031487775 0.904065235173153
v -1.6168512403964996 -11.095731854032934 -0.9121347767961775
v -1.1613166891038418 -11.26976251553103 -0.9116139528592588
v -1.162064727395773 -11.269762417028383 -0.3070090231736743
v -1.162064727395773 -11.269762417028383 -0.3070090231736743
v -1.6175990924239159 -11.095731755537207 -0.3075723154199954
v -1.6168512403964996 -11.095731854032934 -0.9121347767961775
v 1.3703283853828907 -11.095731890514699 -1.1360582513464217
v -1.3725641183555126 -11.09573189106761 -1.1394519908083203
v -1.4338435605168343 -10.922897792740791 -1.139527269830598
v -1.4338435605168343 -10.922897792740791 -1.139527269830598
v 1.4316082000732422 -10.922897792163239 -1.135982283582582
v 1.3703283853828907 -11.095731890514699 -1.1360582513464217
v 0.8997682482004166 -11.269762552192445 -1.1366401133378479
v -0.9020047262310982 -11.26976255255563 -1.1388693270524473
v -1.3725641183555126 -11.09573189106761 -1.1394519908083203
v -1.3725641183555126 -11.09573189106761 -1.1394519908083203
v 1.3703283853828907 -11.095731890514699 -1.1360582513464217
v 0.8997682482004166 -11.269762552192445 -1.1366401133378479
v -1.6740171238780022 -10.922897755683781 -0.9120729651354718
v -1.6168512403964996 -11.095731854032934 -0.9121347767961775
v -1.6175990924239159 -11.095731755537207 -0.3075723154199954
v -1.6175990924239159 -11.095731755537207 -0.3075723154199954
v -1.6747647896409035 -10.92289765720966 -0.307643124093915
v -1.6740171238780022 -10.922897755683781 -0.9120729651354718
v 1.123944390565157 -11.26976253360883 -1.0225747046311842
v 1.1585056781768799 -11.269762515063574 -0.9087447342713836
v 1.1577576398849487 -11.269762416560807 -0.3041390595277393
v 1.1577576398849487 -11.269762416560807 -0.3041390595277393
v -1.162064727395773 -11.269762417028383 -0.3070090231736743
v -1.1613166891038418 -11.26976251553103 -0.9116139528592588
v -1.1613166891038418 -11.26976251553103 -0.9116139528592588
v -1.1264740489423275 -11.269762534062448 -1.0253589866002546
v -1.0315591469407082 -11.269762547614395 -1.1085402486165499
v -1.0315591469407082 -11.269762547614395 -1.1085402486165499
v -0.9020047262310982 -11.26976255255563 -1.1388693270524473
v 0.8997682482004166 -11.269762552192445 -1.1366401133378479
v 0.8997682482004166 -11.269762552192445 -1.1366401133378479
v 1.0292397812008858 -11.269762547199015 -1.1059906599362825
v 1.123944390565157 -11.26976253360883 -1.0225747046311842
v 1.123944390565157 -11.26976253360883 -1.0225747046311842
v 1.1577576398849487 -11.269762416560807 -0.3041390595277393
v -1.1613166891038418 -11.26976251553103 -0.9116139528592588
v -1.1613166891038418 -11.26976251553103 -0.9116139528592588
v -1.0315591469407082 -11.269762547614395 -1.1085402486165499
v 0.8997682482004166 -11.269762552192445 -1.1366401133378479
v 0.8997682482004166 -11.269762552192445 -1.1366401133378479
v 1.123944390565157 -11.26976253360883 -1.0225747046311842
v -1.1613166891038418 -11.26976251553103 -0.9116139528592588
v 1.1585056781768799 -11.269762515063574 -0.9087447342713836
v 1.6140401363372803 -11.095731853381702 -0.908137540305928
v 1.613292284309864 -11.095731754885975 -0.30357507892974583
v 1.613292284309864 -11.095731754885975 -0.30357507892974583
v 1.1577576398849487 -11.269762416560807 -0.3041390595277393
v 1.1585056781768799 -11.269762515063574 -0.9087447342713836
v -1.6565043479204178 -10.610918849249462 -0.9118196962229919
v -1.6740171238780022 -10.922897755683781 -0.9120729651354718
v -1.6747647896409035 -10.92289765720966 -0.307643124093915
v -1.6747647896409035 -10.92289765720966 -0.307643124093915
v -1.6572518274188042 -10.610918750813092 -0.3076215682379993
v -1.6565043479204178 -10.610918849249462 -0.9118196962229919
v 1.4316082000732422 -10.922897792163239 -1.135982283582582
v -1.4338435605168343 -10.922897792740791 -1.139527269830598
v -1.4194808900356293 -10.61091888634483 -1.139509439264981
v -1.4194808900356293 -10.61091888634483 -1.139509439264981
v 1.4172472059726715 -10.610918885773104 -1.13600021580383
v 1.4316082000732422 -10.922897792163239 -1.135982283582582
v 1.6140401363372803 -11.095731853381702 -0.908137540305928
v 1.671205647289753 -10.922897755009606 -0.9079349126719404
v 1.6704579815268517 -10.922897656535364 -0.30350432657232385
v 1.6704579815268517 -10.922897656535364 -0.30350432657232385
v 1.613292284309864 -11.095731754885975 -0.30357507892974583
v 1.6140401363372803 -11.095731853381702 -0.908137540305928
v 1.671205647289753 -10.922897755009606 -0.9079349126719404
v 1.6536924988031387 -10.610918848582207 -0.9077241120688629
v 1.6529450193047523 -10.610918750145837 -0.3035259840838703
v 1.6529450193047523 -10.610918750145837 -0.3035259840838703
v 1.6704579815268517 -10.922897656535364 -0.30350432657232385
v 1.671205647289753 -10.922897755009606 -0.9079349126719404
v 1.4172472059726715 -10.610918885773104 -1.13600021580383
v -1.4194808900356293 -10.61091888634483 -1.139509439264981
v -1.206778734922409 -8.674321509240164 -1.1392467492816702
v -1.206778734922409 -8.674321509240164 -1.1392467492816702
v 1.20454803109169 -8.674321508754137 -1.1362635368106622
v 1.4172472059726715 -10.610918885773104 -1.13600021580383
v -1.4413762837648392 -8.674321472087016 -0.9112023586032677
v -1.6565043479204178 -10.610918849249462 -0.9118196962229919
v -1.6572518274188042 -10.610918750813092 -0.3076215682379993
v -1.6572518274188042 -10.610918750813092 -0.3076215682379993
v -1.4421232976019382 -8.67432137370794 -0.30735589802244995
v -1.4413762837648392 -8.674321472087016 -0.9112023586032677
v 1.6536924988031387 -10.610918848582207 -0.9077241120688629
v 1.438563596457243 -8.674321471506552 -0.9076394909618188
v 1.437816582620144 -8.674321373127354 -0.30379228532294134
v 1.437816582620144 -8.674321373127354 -0.30379228532294134
v 1.6529450193047523 -10.610918750145837 -0.3035259840838703
v 1.6536924988031387 -10.610918848582207 -0.9077241120688629
v 1.20454803109169 -8.674321508754137 -1.1362635368106622
v -1.206778734922409 -8.674321509240164 -1.1392467492816702
v -1.1111295782029629 -6.737724877217104 -1.1391286005618186
v -1.1111295782029629 -6.737724877217104 -1.1391286005618186
v 1.1089028790593147 -6.737724876769678 -1.1363823165537927
v 1.20454803109169 -8.674321508754137 -1.1362635368106622
v -1.3438801281154156 -6.737724839982629 -0.9105850209834221
v -1.4413762837648392 -8.674321472087016 -0.9112023586032677
v -1.4421232976019382 -8.67432137370794 -0.30735589802244995
v -1.4421232976019382 -8.67432137370794 -0.30735589802244995
v -1.3446265831589699 -6.737724741684517 -0.3072355141284192
v -1.3438801281154156 -6.737724839982629 -0.9105850209834221
v 1.438563596457243 -8.674321471506552 -0.9076394909618188
v 1.3410663232207298 -6.7377248394413725 -0.9072628070952539
v 1.3403198681771755 -6.737724741143261 -0.3039133002402509
v 1.3403198681771755 -6.737724741143261 -0.3039133002402509
v 1.437816582620144 -8.674321373127354 -0.30379228532294134
v 1.438563596457243 -8.674321471506552 -0.9076394909618188
v 1.1089028790593147 -6.737724876769678 -1.1363823165537927
v -1.1111295782029629 -6.737724877217104 -1.1391286005618186
v -1.105330791324377 -5.2399320521131045 -1.1391213940026468
v -1.105330791324377 -5.2399320521131045 -1.1391213940026468
v 1.1031094007194042 -5.239932051667984 -1.136389266097755
v 1.1089028790593147 -6.737724876769678 -1.1363823165537927
v 1.3410663232207298 -6.7377248394413725 -0.9072628070952539
v 1.3338885270059109 -5.239932014228611 -0.9065880285145975
v 1.3331429101526737 -5.239931916041931 -0.30392248495839225
v 1.3331429101526737 -5.239931916041931 -0.30392248495839225
v 1.3403198681771755 -6.737724741143261 -0.3039133002402509
v 1.3410663232207298 -6.7377248394413725 -0.9072628070952539
v -1.3367043808102608 -5.239932014766954 -0.9098923610093332
v -1.3438801281154156 -6.737724839982629 -0.9105850209834221
v -1.3446265831589699 -6.737724741684517 -0.3072355141284192
v -1.3446265831589699 -6.737724741684517 -0.3072355141284192
v -1.337449997663498 -5.239931916580274 -0.3072268174531279
v -1.3367043808102608 -5.239932014766954 -0.9098923610093332
v 1.0383623652160168 -3.7421373639331583 -1.1364699763899302
v 1.1031094007194042 -5.239932051667984 -1.136389266097755
v -1.105330791324377 -5.2399320521131045 -1.1391213940026468
v -1.105330791324377 -5.2399320521131045 -1.1391213940026468
v -1.0171784088015556 -3.7421373643474465 -1.13901285954766
v 1.0383623652160168 -3.7421373639331583 -1.1364699763899302
v -1.247522048652172 -3.7421373268502935 -0.9088569743280893
v -1.3367043808102608 -5.239932014766954 -0.9098923610093332
v -1.337449997663498 -5.239931916580274 -0.3072268174531279
v -1.337449997663498 -5.239931916580274 -0.3072268174531279
v -1.2482664547860622 -3.742137228814253 -0.3071160478239622
v -1.247522048652172 -3.7421373268502935 -0.9088569743280893
v 1.3338885270059109 -5.239932014228611 -0.9065880285145975
v 1.268110703676939 -3.7421373263432667 -0.9057448668127542
v 1.2673662975430489 -3.742137228307226 -0.30400394030862715
v 1.2673662975430489 -3.742137228307226 -0.30400394030862715
v 1.3331429101526737 -5.239931916041931 -0.30392248495839225
v 1.3338885270059109 -5.239932014228611 -0.9065880285145975
v -1.1341389268636703 -1.4251930283439251 -0.3533092799449546
v -1.2176618911325932 -1.4251930260840937 -0.33943853404766167
v -1.248266827315092 -1.4251930208181538 -0.30711642530208716
v 1.267366111278534 -1.4251930203111272 -0.30400431778675213
v 1.2368426658213139 -1.425193025589327 -0.33640167739635557
v 1.15335863083601 -1.4251930278829035 -0.350479549434243
v 1.15335863083601 -1.4251930278829035 -0.350479549434243
v 1.039295457303524 -1.4251930281333216 -0.3520166042113883
v -1.0200665332376957 -1.425193028548338 -0.35456395771747656
v -1.0200665332376957 -1.425193028548338 -0.35456395771747656
v -1.1341389268636703 -1.4251930283439251 -0.3533092799449546
v -1.248266827315092 -1.4251930208181538 -0.30711642530208716
v 1.267366111278534 -1.4251930203111272 -0.30400431778675213
v 1.15335863083601 -1.4251930278829035 -0.350479549434243
v -1.0200665332376957 -1.425193028548338 -0.35456395771747656
v 1.267366111278534 -1.4251930203111272 -0.30400431778675213
v -1.0200665332376957 -1.425193028548338 -0.35456395771747656
v -1.248266827315092 -1.4251930208181538 -0.30711642530208716
v 1.039295457303524 -1.4251930281333216 -0.3520166042113883
v 1.0396447032690048 -2.068811394411927 -0.6868150439979606
v -1.0195867158472538 -2.068811394827065 -0.6893631425621085
v -1.0195867158472538 -2.068811394827065 -0.6893631425621085
v -1.0200665332376957 -1.425193028548338 -0.35456395771747656
v 1.039295457303524 -1.4251930281333216 -0.3520166042113883
v 1.2673662975430489 -2.068811332044126 -0.3040042129280194
v 1.2675492092967033 -2.0688113561257686 -0.4518162813903892
v 1.267366111278534 -1.4251930203111272 -0.30400431778675213
v -1.248266827315092 -1.4251930208181538 -0.30711642530208716
v -1.2480839155614376 -2.0688113566327955 -0.4549283889057243
v -1.248266827315092 -2.068811332551153 -0.3071163204433544
v 1.0396447032690048 -2.068811394411927 -0.6868150439979606
v 1.03966873139143 -2.522815532935378 -0.8686069014220624
v -1.0191583074629307 -2.5228155333502733 -0.871153509870091
v -1.0191583074629307 -2.5228155333502733 -0.871153509870091
v -1.0195867158472538 -2.068811394827065 -0.6893631425621085
v 1.0396447032690048 -2.068811394411927 -0.6868150439979606
v 1.2677744030952454 -2.522815494718531 -0.6340335669665755
v 1.2675492092967033 -2.0688113561257686 -0.4518162813903892
v 1.2673662975430489 -2.068811332044126 -0.3040042129280194
v 1.2673662975430489 -2.068811332044126 -0.3040042129280194
v 1.267366111278534 -2.522815440949912 -0.3040041389613614
v 1.2677744030952454 -2.522815494718531 -0.6340335669665755
v -1.2480839155614376 -2.0688113566327955 -0.4549283889057243
v -1.2478570453822613 -2.5228154952255575 -0.6371456744819105
v -1.2482653371989727 -2.522815441456939 -0.30711624647669644
v -1.2482653371989727 -2.522815441456939 -0.30711624647669644
v -1.248266827315092 -2.068811332551153 -0.3071163204433544
v -1.2480839155614376 -2.0688113566327955 -0.4549283889057243
v 1.267959177494049 -2.9023734266106738 -0.7832522432078123
v 1.2677744030952454 -2.522815494718531 -0.6340335669665755
v 1.267366111278534 -2.522815440949912 -0.3040041389613614
v 1.267366111278534 -2.522815440949912 -0.3040041389613614
v 1.2673662975430489 -2.9023733485312366 -0.30400407712352917
v 1.267959177494049 -2.9023734266106738 -0.7832522432078123
v 1.03966873139143 -2.522815532935378 -0.8686069014220624
v 1.039500068873167 -2.9023734646384023 -1.0166647772062987
v -1.0186215862631798 -2.902373465053176 -1.0192106405962675
v -1.0186215862631798 -2.902373465053176 -1.0192106405962675
v -1.0191583074629307 -2.5228155333502733 -0.871153509870091
v 1.03966873139143 -2.522815532935378 -0.8686069014220624
v -1.2478570453822613 -2.5228154952255575 -0.6371456744819105
v -1.247673574835062 -2.9023734271177 -0.7863643507231473
v -1.2482664547860622 -2.9023733490382635 -0.3071161846388642
v -1.2482664547860622 -2.9023733490382635 -0.3071161846388642
v -1.2482653371989727 -2.522815441456939 -0.30711624647669644
v -1.2478570453822613 -2.5228154952255575 -0.6371456744819105
v 1.2680908665060997 -3.322255383831527 -0.8896405052599546
v 1.267959177494049 -2.9023734266106738 -0.7832522432078123
v 1.2673662975430489 -2.9023733485312366 -0.30400407712352917
v 1.2673662975430489 -2.9023733485312366 -0.30400407712352917
v 1.2673662975430489 -3.3222552884192313 -0.30400400871607813
v 1.2680908665060997 -3.322255383831527 -0.8896405052599546
v 1.039500068873167 -2.9023734646384023 -1.0166647772062987
v 1.0390980169177055 -3.3222554216225544 -1.1216001760420409
v -1.0179562494158745 -3.322255422037207 -1.1241452943739498
v -1.0179562494158745 -3.322255422037207 -1.1241452943739498
v -1.0186215862631798 -2.902373465053176 -1.0192106405962675
v 1.039500068873167 -2.9023734646384023 -1.0166647772062987
v -1.247673574835062 -2.9023734271177 -0.7863643507231473
v -1.2475418858230114 -3.322255384338554 -0.8927526127752897
v -1.2482664547860622 -3.322255288926258 -0.30711611623141316
v -1.2482664547860622 -3.322255288926258 -0.30711611623141316
v -1.2482664547860622 -2.9023733490382635 -0.3071161846388642
v -1.247673574835062 -2.9023734271177 -0.7863643507231473
v 1.268110703676939 -3.7421373263432667 -0.9057448668127542
v 1.2680908665060997 -3.322255383831527 -0.8896405052599546
v 1.2673662975430489 -3.3222552884192313 -0.30400400871607813
v 1.2673662975430489 -3.3222552884192313 -0.30400400871607813
v 1.2673662975430489 -3.742137228307226 -0.30400394030862715
v 1.268110703676939 -3.7421373263432667 -0.9057448668127542
v 1.0390980169177055 -3.3222554216225544 -1.1216001760420409
v 1.0383623652160168 -3.7421373639331583 -1.1364699763899302
v -1.0171784088015556 -3.7421373643474465 -1.13901285954766
v -1.0171784088015556 -3.7421373643474465 -1.13901285954766
v -1.0179562494158745 -3.322255422037207 -1.1241452943739498
v 1.0390980169177055 -3.3222554216225544 -1.1216001760420409
v -1.2475418858230114 -3.322255384338554 -0.8927526127752897
v -1.247522048652172 -3.7421373268502935 -0.9088569743280893
v -1.2482664547860622 -3.742137228814253 -0.3071160478239622
v -1.2482664547860622 -3.742137228814253 -0.3071160478239622
v -1.2482664547860622 -3.322255288926258 -0.30711611623141316
v -1.2475418858230114 -3.322255384338554 -0.8927526127752897
v 1.4479630626738071 -3.7421371415064932 0.2287751572484336
v 1.420317031443119 -3.742137132654587 0.2831077711934402
v 1.4419575221836567 -3.8187961527430927 0.3056539856271313
v 1.420317031443119 -3.742137132654587 0.2831077711934402
v 1.3537080958485603 -3.7421371289991883 0.3055444496030163
v 1.4419575221836567 -3.8187961527430927 0.3056539856271313
v -1.3595234602689743 -3.742137129546029 0.30218796304410217
v -1.4260766096413136 -3.7421371332283755 0.2795858817452744
v -1.4477730728685856 -3.8187961533256214 0.3020784519986676
v -1.4260766096413136 -3.7421371332283755 0.2795858817452744
v -1.4535880647599697 -3.742137142091328 0.22518546751683577
v -1.4477730728685856 -3.8187961533256214 0.3020784519986676
v 1.354462094604969 -3.7421372282897467 -0.30389665194803145
v 1.4210152439773083 -3.7421372246074003 -0.2812945706492036
v 1.4427115209400654 -3.818796252033651 -0.30378711592391644
v 1.4210152439773083 -3.7421372246074003 -0.2812945706492036
v 1.448526792228222 -3.7421372157444477 -0.22689415642076502
v 1.4427115209400654 -3.818796252033651 -0.30378711592391644
v -1.453024335205555 -3.7421372163292825 -0.23048384615236286
v -1.4253783971071243 -3.742137225181067 -0.28481571503930975
v -1.447019074112177 -3.818796252616058 -0.30736190449432044
v -1.4253783971071243 -3.742137225181067 -0.28481571503930975
v -1.3587694615125656 -3.7421372288365875 -0.3072531385069456
v -1.447019074112177 -3.818796252616058 -0.30736190449432044
v 0.7141322828829288 13.547612772669952 0.2822317462896758
v 1.9984375685453415 13.329510436999 0.28382099066438043
v 2.0351607352495193 13.329510428148915 0.22949955259026922
v 2.0351607352495193 13.329510428148915 0.22949955259026922
v 0.6223766133189201 13.570134378822392 0.22775160717961326
v 0.7141322828829288 13.547612772669952 0.2822317462896758
v 0.9357570670545101 13.493247379883861 0.30502531636709196
v 1.9099138677120209 13.329510440650028 0.3062308469838076
v 1.9984375685453415 13.329510436999 0.28382099066438043
v 1.9984375685453415 13.329510436999 0.28382099066438043
v 0.7141322828829288 13.547612772669952 0.2822317462896758
v 0.9357570670545101 13.493247379883861 0.30502531636709196
v -0.7198917679488659 13.547612772380933 0.2804577630495483
v 0.7141322828829288 13.547612772669952 0.2822317462896758
v 0.6223766133189201 13.570134378822392 0.22775160717961326
v 0.6223766133189201 13.570134378822392 0.22775160717961326
v -0.6280014291405678 13.570134378570396 0.2262048666476919
v -0.7198917679488659 13.547612772380933 0.2804577630495483
v -0.9415720589458942 13.493247379505503 0.3027029703950308
v 0.9357570670545101 13.493247379883861 0.30502531636709196
v 0.7141322828829288 13.547612772669952 0.2822317462896758
v 0.7141322828829288 13.547612772669952 0.2822317462896758
v -0.7198917679488659 13.547612772380933 0.2804577630495483
v -0.9415720589458942 13.493247379505503 0.3027029703950308
v -1.4260766096413136 -3.7421371332283755 0.2795858817452744
v -1.628977432847023 -3.3222551933812876 0.27933472877170706
v -1.6565913334488869 -3.32225520224424 0.22493431454326843
v -1.6565913334488869 -3.32225520224424 0.22493431454326843
v -1.4535880647599697 -3.742137142091328 0.22518546751683577
v -1.4260766096413136 -3.7421371332283755 0.2795858817452744
v -1.3595234602689743 -3.742137129546029 0.30218796304410217
v -1.5621762722730637 -3.322255189698941 0.30193681007053486
v -1.628977432847023 -3.3222551933812876 0.27933472877170706
v -1.628977432847023 -3.3222551933812876 0.27933472877170706
v -1.4260766096413136 -3.7421371332283755 0.2795858817452744
v -1.3595234602689743 -3.742137129546029 0.30218796304410217
v 1.8259039148688316 -2.902373252796905 0.28360905845271117
v 1.6232172027230263 -3.3222551927256854 0.28335878735210557
v 1.6509659588336945 -3.3222552015775917 0.22902617340709894
v 1.6509659588336945 -3.3222552015775917 0.22902617340709894
v 1.8539687618613243 -2.90237326164869 0.2292771895657643
v 1.8259039148688316 -2.902373252796905 0.28360905845271117
v 1.7582844942808151 -2.9023732491416276 0.30604499180422756
v 1.5563607215881348 -3.3222551890702867 0.30579546576168165
v 1.6232172027230263 -3.3222551927256854 0.28335878735210557
v 1.6232172027230263 -3.3222551927256854 0.28335878735210557
v 1.8259039148688316 -2.902373252796905 0.28360905845271117
v 1.7582844942808151 -2.9023732491416276 0.30604499180422756
v -1.8316639587283134 -2.9023732535340785 0.2790843208561994
v -2.14700810611248 -2.52281534601636 0.27869384859508833
v -2.175484038889408 -2.522815354879555 0.22429194425053034
v -2.175484038889408 -2.522815354879555 0.22429194425053034
v -1.8595945090055466 -2.9023732623971523 0.2246831615697011
v -1.8316639587283134 -2.9023732535340785 0.2790843208561994
v -1.764100231230259 -2.902373249851611 0.30168714721308687
v -2.0781276747584343 -2.522815342333528 0.3012989101261549
v -2.14700810611248 -2.52281534601636 0.27869384859508833
v -2.14700810611248 -2.52281534601636 0.27869384859508833
v -1.8316639587283134 -2.9023732535340785 0.2790843208561994
v -1.764100231230259 -2.902373249851611 0.30168714721308687
v 2.141248434782028 -2.522815345151975 0.28399940703815774
v 1.8259039148688316 -2.902373252796905 0.28360905845271117
v 1.8539687618613243 -2.90237326164869 0.2292771895657643
v 1.8539687618613243 -2.90237326164869 0.2292771895657643
v 2.1698586642742157 -2.5228153540037597 0.2296675381512108
v 2.141248434782028 -2.522815345151975 0.28399940703815774
v 2.0723123103380203 -2.5228153414970613 0.30643310521549505
v 1.7582844942808151 -2.9023732491416276 0.30604499180422756
v 1.8259039148688316 -2.902373252796905 0.28360905845271117
v 1.8259039148688316 -2.902373252796905 0.28360905845271117
v 2.141248434782028 -2.522815345151975 0.28399940703815774
v 2.0723123103380203 -2.5228153414970613 0.30643310521549505
v -2.14700810611248 -2.52281534601636 0.27869384859508833
v -2.6388170197606087 -2.0688112372096246 0.2780858072517214
v -2.6677682995796204 -2.0688112460729413 0.2236831578491037
v -2.6677682995796204 -2.0688112460729413 0.2236831578491037
v -2.175484038889408 -2.522815354879555 0.22429194425053034
v -2.14700810611248 -2.52281534601636 0.27869384859508833
v -2.0781276747584343 -2.522815342333528 0.3012989101261549
v -2.5687890127301216 -2.068811233526671 0.3006916138408477
v -2.6388170197606087 -2.0688112372096246 0.2780858072517214
v -2.6388170197606087 -2.0688112372096246 0.2780858072517214
v -2.14700810611248 -2.52281534601636 0.27869384859508833
v -2.0781276747584343 -2.522815342333528 0.3012989101261549
v 2.633056417107582 -2.0688112361471385 0.28460730044820876
v 2.141248434782028 -2.522815345151975 0.28399940703815774
v 2.1698586642742157 -2.5228153540037597 0.2296675381512108
v 2.1698586642742157 -2.5228153540037597 0.2296675381512108
v 2.6621419936418533 -2.0688112449986806 0.2302769216773812
v 2.633056417107582 -2.0688112361471385 0.28460730044820876
v 2.562972903251648 -2.0688112324923464 0.3070402535674864
v 2.0723123103380203 -2.5228153414970613 0.30643310521549505
v 2.141248434782028 -2.522815345151975 0.28399940703815774
v 2.141248434782028 -2.522815345151975 0.28399940703815774
v 2.633056417107582 -2.0688112361471385 0.28460730044820876
v 2.562972903251648 -2.0688112324923464 0.3070402535674864
v -2.6388170197606087 -2.0688112372096246 0.2780858072517214
v -3.94723042845726 -1.425192925740396 0.2764666912292771
v -3.976026177406311 -1.4251929346037124 0.22206404182665943
v -3.976026177406311 -1.4251929346037124 0.22206404182665943
v -2.6677682995796204 -2.0688112460729413 0.2236831578491037
v -2.6388170197606087 -2.0688112372096246 0.2780858072517214
v -2.5687890127301216 -2.068811233526671 0.3006916138408477
v -3.8775771856307983 -1.4251929220574424 0.2990724978184034
v -3.94723042845726 -1.425192925740396 0.2764666912292771
v -3.94723042845726 -1.425192925740396 0.2764666912292771
v -2.6388170197606087 -2.0688112372096246 0.2780858072517214
v -2.5687890127301216 -2.068811233526671 0.3006916138408477
v 3.941471129655838 -1.4251921790923092 0.2862262067530661
v 2.633056417107582 -2.0688112361471385 0.28460730044820876
v 2.6621419936418533 -2.0688112449986806 0.2302769216773812
v 2.6621419936418533 -2.0688112449986806 0.2302769216773812
v 3.9704009890556335 -1.4251921879439728 0.23189508292417887
v 3.941471129655838 -1.4251921790923092 0.2862262067530661
v 3.8717612624168396 -1.4251921754375174 0.30865915987234377
v 2.562972903251648 -2.0688112324923464 0.3070402535674864
v 2.633056417107582 -2.0688112361471385 0.28460730044820876
v 2.633056417107582 -2.0688112361471385 0.28460730044820876
v 3.941471129655838 -1.4251921790923092 0.2862262067530661
v 3.8717612624168396 -1.4251921754375174 0.30865915987234377
v -3.94723042845726 -1.425192925740396 0.2764666912292771
v -5.781196057796478 -0.09553773168780202 0.2741977728091859
v -5.809023976325989 -0.09553774055087587 0.2197966135226876
v -5.809023976325989 -0.09553774055087587 0.2197966135226876
v -3.976026177406311 -1.4251929346037124 0.22206404182665943
v -3.94723042845726 -1.425192925740396 0.2764666912292771
v -3.8775771856307983 -1.4251929220574424 0.2990724978184034
v -5.713879317045212 -0.0955377280053342 0.29680059916607343
v -5.781196057796478 -0.09553773168780202 0.2741977728091859
v -5.781196057796478 -0.09553773168780202 0.2741977728091859
v -3.94723042845726 -1.425192925740396 0.2764666912292771
v -3.8775771856307983 -1.4251929220574424 0.2990724978184034
v 5.775436758995056 -0.09553698430047855 0.28849469191650146
v 3.941471129655838 -1.4251921790923092 0.2862262067530661
v 3.9704009890556335 -1.4251921879439728 0.23189508292417887
v 3.9704009890556335 -1.4251921879439728 0.23189508292417887
v 5.803398787975311 -0.09553699315226356 0.23416282302955455
v 5.775436758995056 -0.09553698430047855 0.28849469191650146
v 5.708063393831253 -0.09553698064507966 0.31093137032607754
v 3.8717612624168396 -1.4251921754375174 0.30865915987234377
v 3.941471129655838 -1.4251921790923092 0.2862262067530661
v 3.941471129655838 -1.4251921790923092 0.2862262067530661
v 5.775436758995056 -0.09553698430047855 0.28849469191650146
v 5.708063393831253 -0.09553698064507966 0.31093137032607754
v -5.781196057796478 -0.09553773168780202 0.2741977728091859
v -6.581651419401169 0.9491506477757213 0.2732074204465139
v -6.60870298743248 0.949150638912769 0.21880700621807533
v -6.60870298743248 0.949150638912769 0.21880700621807533
v -5.809023976325989 -0.09553774055087587 0.2197966135226876
v -5.781196057796478 -0.09553773168780202 0.2741977728091859
v -5.713879317045212 -0.0955377280053342 0.29680059916607343
v -6.516209989786148 0.9491506514578251 0.2958080116292224
v -6.581651419401169 0.9491506477757213 0.2732074204465139
v -6.581651419401169 0.9491506477757213 0.2732074204465139
v -5.781196057796478 -0.09553773168780202 0.2741977728091859
v -5.713879317045212 -0.0955377280053342 0.29680059916607343
v 6.575891375541687 0.9491521405438682 0.2894854489344301
v 5.775436758995056 -0.09553698430047855 0.28849469191650146
v 5.803398787975311 -0.09553699315226356 0.23416282302955455
v 5.803398787975311 -0.09553699315226356 0.23416282302955455
v 6.603077054023743 0.9491521316918404 0.23515208993136386
v 6.575891375541687 0.9491521405438682 0.2894854489344301
v 6.51039332151413 0.9491521441995099 0.31192361746012565
v 5.708063393831253 -0.09553698064507966 0.31093137032607754
v 5.775436758995056 -0.09553698430047855 0.28849469191650146
v 5.775436758995056 -0.09553698430047855 0.28849469191650146
v 6.575891375541687 0.9491521405438682 0.2894854489344301
v 6.51039332151413 0.9491521441995099 0.31192361746012565
v -6.581651419401169 0.9491506477757213 0.2732074204465139
v -7.178475707769394 2.1184478399011346 0.27246887740666553
v -7.2049446403980255 2.1184478310383033 0.21806920823628664
v -7.2049446403980255 2.1184478310383033 0.21806920823628664
v -6.60870298743248 0.949150638912769 0.21880700621807533
v -6.581651419401169 0.9491506477757213 0.2732074204465139
v -6.516209989786148 0.9491506514578251 0.2958080116292224
v -7.114440947771072 2.118447843582874 0.2950672334151949
v -7.178475707769394 2.1184478399011346 0.27246887740666553
v -7.178475707769394 2.1184478399011346 0.27246887740666553
v -6.581651419401169 0.9491506477757213 0.2732074204465139
v -6.516209989786148 0.9491506514578251 0.2958080116292224
v 7.172717899084091 2.1184493329098673 0.29022361096889204
v 6.575891375541687 0.9491521405438682 0.2894854489344301
v 6.603077054023743 0.9491521316918404 0.23515208993136386
v 6.603077054023743 0.9491521316918404 0.23515208993136386
v 7.199319452047348 2.118449324057718 0.23588950690776606
v 7.172717899084091 2.1184493329098673 0.29022361096889204
v 7.108626514673233 2.1184493365657517 0.31266326961070695
v 6.51039332151413 0.9491521441995099 0.31192361746012565
v 6.575891375541687 0.9491521405438682 0.2894854489344301
v 6.575891375541687 0.9491521405438682 0.2894854489344301
v 7.172717899084091 2.1184493329098673 0.29022361096889204
v 7.108626514673233 2.1184493365657517 0.31266326961070695
v -7.178475707769394 2.1184478399011346 0.27246887740666553
v -7.406283915042877 3.392394303916971 0.2721870379078782
v -7.432463765144348 3.39239429505414 0.2177873687374992
v -7.432463765144348 3.39239429505414 0.2177873687374992
v -7.2049446403980255 2.1184478310383033 0.21806920823628664
v -7.178475707769394 2.1184478399011346 0.27246887740666553
v -7.114440947771072 2.118447843582874 0.2950672334151949
v -7.3429495096206665 3.392394307598589 0.2947846488583478
v -7.406283915042877 3.392394303916971 0.2721870379078782
v -7.406283915042877 3.392394303916971 0.2721870379078782
v -7.178475707769394 2.1184478399011346 0.27246887740666553
v -7.114440947771072 2.118447843582874 0.2950672334151949
v 7.4005261063575745 3.392395797017471 0.290505035363232
v 7.172717899084091 2.1184493329098673 0.29022361096889204
v 7.199319452047348 2.118449324057718 0.23588950690776606
v 7.199319452047348 2.118449324057718 0.23588950690776606
v 7.426838576793671 3.392395788165322 0.23617093130210606
v 7.4005261063575745 3.392395797017471 0.290505035363232
v 7.337135076522827 3.392395800673598 0.3129461841211663
v 7.108626514673233 2.1184493365657517 0.31266326961070695
v 7.172717899084091 2.1184493329098673 0.29022361096889204
v 7.172717899084091 2.1184493329098673 0.29022361096889204
v 7.4005261063575745 3.392395797017471 0.290505035363232
v 7.337135076522827 3.392395800673598 0.3129461841211663
v -7.406283915042877 3.392394303916971 0.2721870379078782
v -7.453875243663788 5.795205056299165 0.2721277868536017
v -7.480053603649139 5.795205047436334 0.21772811768322275
v -7.480053603649139 5.795205047436334 0.21772811768322275
v -7.432463765144348 3.39239429505414 0.2177873687374992
v -7.406283915042877 3.392394303916971 0.2721870379078782
v -7.3429495096206665 3.392394307598589 0.2947846488583478
v -7.390543818473816 5.795205059980783 0.29472539780407137
v -7.453875243663788 5.795205056299165 0.2721277868536017
v -7.453875243663788 5.795205056299165 0.2721277868536017
v -7.406283915042877 3.392394303916971 0.2721870379078782
v -7.3429495096206665 3.392394307598589 0.2947846488583478
v 7.448117434978485 5.795205059302725 0.29056350348262977
v 7.4005261063575745 3.392395797017471 0.290505035363232
v 7.426838576793671 3.392395788165322 0.23617093130210606
v 7.426838576793671 3.392395788165322 0.23617093130210606
v 7.474429905414581 5.795205050450575 0.23622939942150376
v 7.448117434978485 5.795205059302725 0.29056350348262977
v 7.384729385375977 5.795205062958852 0.31300465224056406
v 7.337135076522827 3.392395800673598 0.3129461841211663
v 7.4005261063575745 3.392395797017471 0.290505035363232
v 7.4005261063575745 3.392395797017471 0.290505035363232
v 7.448117434978485 5.795205059302725 0.29056350348262977
v 7.384729385375977 5.795205062958852 0.31300465224056406
v -7.453875243663788 5.795205056299165 0.2721277868536017
v -7.114125043153763 7.961046740112981 0.2725476467388691
v -7.140592485666275 7.96104673125015 0.21814797756849022
v -7.140592485666275 7.96104673125015 0.21814797756849022
v -7.480053603649139 5.795205047436334 0.21772811768322275
v -7.453875243663788 5.795205056299165 0.2721277868536017
v -7.390543818473816 5.795205059980783 0.29472539780407137
v -7.050094753503799 7.9610467437947205 0.2951460027473985
v -7.114125043153763 7.961046740112981 0.2725476467388691
v -7.114125043153763 7.961046740112981 0.2725476467388691
v -7.453875243663788 5.795205056299165 0.2721277868536017
v -7.390543818473816 5.795205059980783 0.29472539780407137
v 7.108365744352341 7.961046742979618 0.2901429378765642
v 7.448117434978485 5.795205059302725 0.29056350348262977
v 7.474429905414581 5.795205050450575 0.23622939942150376
v 7.474429905414581 5.795205050450575 0.23622939942150376
v 7.1349672973155975 7.961046734127469 0.23580883381543824
v 7.108365744352341 7.961046742979618 0.2901429378765642
v 7.044278830289841 7.961046746635624 0.3125833415764388
v 7.384729385375977 5.795205062958852 0.31300465224056406
v 7.448117434978485 5.795205059302725 0.29056350348262977
v 7.448117434978485 5.795205059302725 0.29056350348262977
v 7.108365744352341 7.961046742979618 0.2901429378765642
v 7.044278830289841 7.961046746635624 0.3125833415764388
v -7.114125043153763 7.961046740112981 0.2725476467388691
v -6.7003317177295685 9.304636761329778 0.2730592827272784
v -6.727386265993118 9.304636752466825 0.2186588684988398
v -6.727386265993118 9.304636752466825 0.2186588684988398
v -7.140592485666275 7.96104673125015 0.21814797756849022
v -7.114125043153763 7.961046740112981 0.2725476467388691
v -7.050094753503799 7.9610467437947205 0.2951460027473985
v -6.634882837533951 9.304636765011882 0.2956598739099869
v -6.7003317177295685 9.304636761329778 0.2730592827272784
v -6.7003317177295685 9.304636761329778 0.2730592827272784
v -7.114125043153763 7.961046740112981 0.2725476467388691
v -7.050094753503799 7.9610467437947205 0.2951460027473985
v 6.694572418928146 9.304636764029631 0.2896308640909562
v 7.108365744352341 7.961046742979618 0.2901429378765642
v 7.1349672973155975 7.961046734127469 0.23580883381543824
v 7.1349672973155975 7.961046734127469 0.23580883381543824
v 6.721761077642441 9.304636755177603 0.23529750508788988
v 6.694572418928146 9.304636764029631 0.2896308640909562
v 6.629066914319992 9.304636767685272 0.3120690326166517
v 7.044278830289841 7.961046746635624 0.3125833415764388
v 7.108365744352341 7.961046742979618 0.2901429378765642
v 7.108365744352341 7.961046742979618 0.2901429378765642
v 6.694572418928146 9.304636764029631 0.2896308640909562
v 6.629066914319992 9.304636767685272 0.3120690326166517
v -6.7003317177295685 9.304636761329778 0.2730592827272784
v -6.019562482833862 10.698497340004034 0.2739017163040777
v -6.047526001930237 10.698497331140839 0.21949981195951976
v -6.047526001930237 10.698497331140839 0.21949981195951976
v -6.727386265993118 9.304636752466825 0.2186588684988398
v -6.7003317177295685 9.304636761329778 0.2730592827272784
v -6.634882837533951 9.304636765011882 0.2956598739099869
v -5.95192164182663 10.698497343686503 0.29650454266096526
v -6.019562482833862 10.698497340004034 0.2739017163040777
v -6.019562482833862 10.698497340004034 0.2739017163040777
v -6.7003317177295685 9.304636761329778 0.2730592827272784
v -6.634882837533951 9.304636765011882 0.2956598739099869
v 6.0138039290905 10.698497342429436 0.28878872139479106
v 6.694572418928146 9.304636764029631 0.2896308640909562
v 6.721761077642441 9.304636755177603 0.23529750508788988
v 6.721761077642441 9.304636755177603 0.23529750508788988
v 6.041900813579559 10.69849733357765 0.23445685250784415
v 6.0138039290905 10.698497342429436 0.28878872139479106
v 5.946106463670731 10.698497346084592 0.31122390968824776
v 6.629066914319992 9.304636767685272 0.3120690326166517
v 6.694572418928146 9.304636764029631 0.2896308640909562
v 6.694572418928146 9.304636764029631 0.2896308640909562
v 6.0138039290905 10.698497342429436 0.28878872139479106
v 5.946106463670731 10.698497346084592 0.31122390968824776
v -6.019562482833862 10.698497340004034 0.2739017163040777
v -4.76171150803566 12.12731902318746 0.2754571647481158
v -4.791068285703659 12.127319014324144 0.2210545153454981
v -4.791068285703659 12.127319014324144 0.2210545153454981
v -6.047526001930237 10.698497331140839 0.21949981195951976
v -6.019562482833862 10.698497340004034 0.2739017163040777
v -5.95192164182663 10.698497343686503 0.29650454266096526
v -4.690706729888916 12.127319026870657 0.29806446145336146
v -4.76171150803566 12.12731902318746 0.2754571647481158
v -4.76171150803566 12.12731902318746 0.2754571647481158
v -6.019562482833862 10.698497340004034 0.2739017163040777
v -5.95192164182663 10.698497343686503 0.29650454266096526
v 4.755952954292297 12.127319025105834 0.2872320623234941
v 6.0138039290905 10.698497342429436 0.28878872139479106
v 6.041900813579559 10.69849733357765 0.23445685250784415
v 6.041900813579559 10.69849733357765 0.23445685250784415
v 4.785443842411041 12.127319016254292 0.23290168355266652
v 4.755952954292297 12.127319025105834 0.2872320623234941
v 4.684891551733017 12.127319028760384 0.3096635253266523
v 5.946106463670731 10.698497346084592 0.31122390968824776
v 6.0138039290905 10.698497342429436 0.28878872139479106
v 6.0138039290905 10.698497342429436 0.28878872139479106
v 4.755952954292297 12.127319025105834 0.2872320623234941
v 4.684891551733017 12.127319028760384 0.3096635253266523
v -4.76171150803566 12.12731902318746 0.2754571647481158
v -3.4621432423591614 12.928779468376614 0.27706486946645154
v -3.4937605261802673 12.928779459512812 0.2226592398315951
v -3.4937605261802673 12.928779459512812 0.2226592398315951
v -4.791068285703659 12.127319014324144 0.2210545153454981
v -4.76171150803566 12.12731902318746 0.2754571647481158
v -4.690706729888916 12.127319026870657 0.29806446145336146
v -3.3856771886348724 12.928779472060903 0.29967887169423446
v -3.4621432423591614 12.928779468376614 0.27706486946645154
v -3.4621432423591614 12.928779468376614 0.27706486946645154
v -4.76171150803566 12.12731902318746 0.2754571647481158
v -4.690706729888916 12.127319026870657 0.29806446145336146
v 3.4563839435577393 12.92877946977109 0.2856240964561975
v 4.755952954292297 12.127319025105834 0.2872320623234941
v 4.785443842411041 12.127319016254292 0.23290168355266652
v 4.785443842411041 12.127319016254292 0.23290168355266652
v 3.48813533782959 12.928779460920033 0.2312966979176088
v 3.4563839435577393 12.92877946977109 0.2856240964561975
v 3.379862755537033 12.928779473424546 0.3080488539368186
v 4.684891551733017 12.127319028760384 0.3096635253266523
v 4.755952954292297 12.127319025105834 0.2872320623234941
v 4.755952954292297 12.127319025105834 0.2872320623234941
v 3.4563839435577393 12.92877946977109 0.2856240964561975
v 3.379862755537033 12.928779473424546 0.3080488539368186
v -3.4621432423591614 12.928779468376614 0.27706486946645154
v -2.0041970536112785 13.32951043619215 0.2788685897416052
v -2.040785551071167 13.329510427327378 0.22445699964227123
v -2.040785551071167 13.329510427327378 0.22445699964227123
v -3.4937605261802673 12.928779459512812 0.2226592398315951
v -3.4621432423591614 12.928779468376614 0.27706486946645154
v -3.3856771886348724 12.928779472060903 0.29967887169423446
v -1.91572867333889 13.329510439878867 0.30149749313058194
v -2.0041970536112785 13.32951043619215 0.2788685897416052
v -2.0041970536112785 13.32951043619215 0.2788685897416052
v -3.4621432423591614 12.928779468376614 0.27706486946645154
v -3.3856771886348724 12.928779472060903 0.29967887169423446
v 1.9984375685453415 13.329510436999 0.28382099066438043
v 3.4563839435577393 12.92877946977109 0.2856240964561975
v 3.48813533782959 12.928779460920033 0.2312966979176088
v 3.48813533782959 12.928779460920033 0.2312966979176088
v 2.0351607352495193 13.329510428148915 0.22949955259026922
v 1.9984375685453415 13.329510436999 0.28382099066438043
v 1.9099138677120209 13.329510440650028 0.3062308469838076
v 3.379862755537033 12.928779473424546 0.3080488539368186
v 3.4563839435577393 12.92877946977109 0.2856240964561975
v 3.4563839435577393 12.92877946977109 0.2856240964561975
v 1.9984375685453415 13.329510436999 0.28382099066438043
v 1.9099138677120209 13.329510440650028 0.3062308469838076
v -2.0041970536112785 13.32951043619215 0.2788685897416052
v -0.7198917679488659 13.547612772380933 0.2804577630495483
v -0.6280014291405678 13.570134378570396 0.2262048666476919
v -0.6280014291405678 13.570134378570396 0.2262048666476919
v -2.040785551071167 13.329510427327378 0.22445699964227123
v -2.0041970536112785 13.32951043619215 0.2788685897416052
v -1.91572867333889 13.329510439878867 0.30149749313058194
v -0.9415720589458942 13.493247379505503 0.3027029703950308
v -0.7198917679488659 13.547612772380933 0.2804577630495483
v -0.7198917679488659 13.547612772380933 0.2804577630495483
v -2.0041970536112785 13.32951043619215 0.2788685897416052
v -1.91572867333889 13.329510439878867 0.30149749313058194
v 0.7148306351155043 13.547612680717139 -0.28217059555296803
v 1.9991358742117882 13.329510345046186 -0.2805813511782634
v 1.9106678664684296 13.32951034135947 -0.30321025456724016
v 1.9106678664684296 13.32951034135947 -0.30321025456724016
v 0.9365110658109188 13.493247280593303 -0.30441578518395584
v 0.7148306351155043 13.547612680717139 -0.28217059555296803
v 0.6229403428733349 13.570134304584437 -0.22791770648958534
v 2.0357245579361916 13.32951035391096 -0.22616976107892942
v 1.9991358742117882 13.329510345046186 -0.2805813511782634
v 1.9991358742117882 13.329510345046186 -0.2805813511782634
v 0.7148306351155043 13.547612680717139 -0.28217059555296803
v 0.6229403428733349 13.570134304584437 -0.22791770648958534
v -0.7191935088485479 13.54761268042812 -0.2839445787930956
v 0.7148306351155043 13.547612680717139 -0.28217059555296803
v 0.9365110658109188 13.493247280593303 -0.30441578518395584
v 0.9365110658109188 13.493247280593303 -0.30441578518395584
v -0.9408180601894855 13.493247280214945 -0.30673813115601695
v -0.7191935088485479 13.54761268042812 -0.2839445787930956
v -0.627437699586153 13.570134304332441 -0.22946444702150673
v 0.6229403428733349 13.570134304584437 -0.22791770648958534
v 0.7148306351155043 13.547612680717139 -0.28217059555296803
v 0.7148306351155043 13.547612680717139 -0.28217059555296803
v -0.7191935088485479 13.54761268042812 -0.2839445787930956
v -0.627437699586153 13.570134304332441 -0.22946444702150673
v -1.4253783971071243 -3.742137225181067 -0.28481571503930975
v -1.6282791271805763 -3.3222552853339797 -0.28506686801287706
v -1.561422273516655 -3.3222552889893784 -0.3075035464224532
v -1.561422273516655 -3.3222552889893784 -0.3075035464224532
v -1.3587694615125656 -3.7421372288365875 -0.3072531385069456
v -1.4253783971071243 -3.742137225181067 -0.28481571503930975
v -1.453024335205555 -3.7421372163292825 -0.23048384615236286
v -1.6560275107622147 -3.3222552764821947 -0.2307349991259302
v -1.6282791271805763 -3.3222552853339797 -0.28506686801287706
v -1.6282791271805763 -3.3222552853339797 -0.28506686801287706
v -1.4253783971071243 -3.742137225181067 -0.28481571503930975
v -1.453024335205555 -3.7421372163292825 -0.23048384615236286
v 1.8266022205352783 -2.9023733447497184 -0.28079328338993265
v 1.623915508389473 -3.3222552846784987 -0.28104355449053825
v 1.5571147203445435 -3.322255288360845 -0.3036456357893661
v 1.5571147203445435 -3.322255288360845 -0.3036456357893661
v 1.7590384930372238 -2.902373348432186 -0.3033961097468202
v 1.8266022205352783 -2.9023733447497184 -0.28079328338993265
v 1.8545325845479965 -2.9023733358866446 -0.22639212410343434
v 1.6515297815203667 -3.322255275815546 -0.2266431402620997
v 1.623915508389473 -3.3222552846784987 -0.28104355449053825
v 1.623915508389473 -3.3222552846784987 -0.28104355449053825
v 1.8266022205352783 -2.9023733447497184 -0.28079328338993265
v 1.8545325845479965 -2.9023733358866446 -0.22639212410343434
v -1.8309656530618668 -2.902373345486892 -0.28531802098644443
v -2.1463098004460335 -2.5228154379690517 -0.2857077481894958
v -2.0773736760020256 -2.5228154416240867 -0.30814219142489285
v -2.0773736760020256 -2.5228154416240867 -0.30814219142489285
v -1.7633462324738503 -2.9023733491421693 -0.3077539543379609
v -1.8309656530618668 -2.902373345486892 -0.28531802098644443
v -1.8590306863188744 -2.9023733366351068 -0.23098615209949752
v -2.174920216202736 -2.5228154291173883 -0.2313766243606086
v -2.1463098004460335 -2.5228154379690517 -0.2857077481894958
v -2.1463098004460335 -2.5228154379690517 -0.2857077481894958
v -1.8309656530618668 -2.902373345486892 -0.28531802098644443
v -1.8590306863188744 -2.9023733366351068 -0.23098615209949752
v 2.141946740448475 -2.522815437104788 -0.28040293480448614
v 1.8266022205352783 -2.9023733447497184 -0.28079328338993265
v 1.7590384930372238 -2.902373348432186 -0.3033961097468202
v 1.7590384930372238 -2.902373348432186 -0.3033961097468202
v 2.073066309094429 -2.5228154407874985 -0.303007251277493
v 2.141946740448475 -2.522815437104788 -0.28040293480448614
v 2.170422486960888 -2.522815428241593 -0.22600103045992812
v 1.8545325845479965 -2.9023733358866446 -0.22639212410343434
v 1.8266022205352783 -2.9023733447497184 -0.28079328338993265
v 1.8266022205352783 -2.9023733447497184 -0.28079328338993265
v 2.141946740448475 -2.522815437104788 -0.28040293480448614
v 2.170422486960888 -2.522815428241593 -0.22600103045992812
v -2.1463098004460335 -2.5228154379690517 -0.2857077481894958
v -2.638118714094162 -2.0688113291624375 -0.28631653459092243
v -2.568035013973713 -2.0688113328172295 -0.3087494877102001
v -2.568035013973713 -2.0688113328172295 -0.3087494877102001
v -2.0773736760020256 -2.5228154416240867 -0.30814219142489285
v -2.1463098004460335 -2.5228154379690517 -0.2857077481894958
v -2.174920216202736 -2.5228154291173883 -0.2313766243606086
v -2.667204476892948 -2.0688113203108953 -0.2319861558200949
v -2.638118714094162 -2.0688113291624375 -0.28631653459092243
v -2.638118714094162 -2.0688113291624375 -0.28631653459092243
v -2.1463098004460335 -2.5228154379690517 -0.2857077481894958
v -2.174920216202736 -2.5228154291173883 -0.2313766243606086
v 2.633754722774029 -2.06881132809983 -0.2797942963363754
v 2.141946740448475 -2.522815437104788 -0.28040293480448614
v 2.073066309094429 -2.5228154407874985 -0.303007251277493
v 2.073066309094429 -2.5228154407874985 -0.303007251277493
v 2.5637269020080566 -2.068811331782905 -0.30240084798356137
v 2.633754722774029 -2.06881132809983 -0.2797942963363754
v 2.6627058163285255 -2.068811319236635 -0.22539239199181743
v 2.170422486960888 -2.522815428241593 -0.22600103045992812
v 2.141946740448475 -2.522815437104788 -0.28040293480448614
v 2.141946740448475 -2.522815437104788 -0.28040293480448614
v 2.633754722774029 -2.06881132809983 -0.2797942963363754
v 2.6627058163285255 -2.068811319236635 -0.22539239199181743
v -2.638118714094162 -2.0688113291624375 -0.28631653459092243
v -3.9465323090553284 -1.425193017693209 -0.28793565061336673
v -3.8768231868743896 -1.425193021348001 -0.31036860373264435
v -3.8768231868743896 -1.425193021348001 -0.31036860373264435
v -2.568035013973713 -2.0688113328172295 -0.3087494877102001
v -2.638118714094162 -2.0688113291624375 -0.28631653459092243
v -2.667204476892948 -2.0688113203108953 -0.2319861558200949
v -3.9754629135131836 -1.4251930088415454 -0.23360452678447952
v -3.9465323090553284 -1.425193017693209 -0.28793565061336673
v -3.9465323090553284 -1.425193017693209 -0.28793565061336673
v -2.638118714094162 -2.0688113291624375 -0.28631653459092243
v -2.667204476892948 -2.0688113203108953 -0.2319861558200949
v 3.9421692490577698 -1.4251922710451224 -0.2781761350895777
v 2.633754722774029 -2.06881132809983 -0.2797942963363754
v 2.5637269020080566 -2.068811331782905 -0.30240084798356137
v 2.5637269020080566 -2.068811331782905 -0.30240084798356137
v 3.8725152611732483 -1.4251922747279544 -0.30078119662064434
v 3.9421692490577698 -1.4251922710451224 -0.2781761350895777
v 3.970964252948761 -1.4251922621818058 -0.22377348568696004
v 2.6627058163285255 -2.068811319236635 -0.22539239199181743
v 2.633754722774029 -2.06881132809983 -0.2797942963363754
v 2.633754722774029 -2.06881132809983 -0.2797942963363754
v 3.9421692490577698 -1.4251922710451224 -0.2781761350895777
v 3.970964252948761 -1.4251922621818058 -0.22377348568696004
v -3.9465323090553284 -1.425193017693209 -0.28793565061336673
v -5.7804979383945465 -0.09553780035755077 -0.2902045690334617
v -5.713125318288803 -0.09553780401282828 -0.31264050238497815
v -5.713125318288803 -0.09553780401282828 -0.31264050238497815
v -3.8768231868743896 -1.425193021348001 -0.31036860373264435
v -3.9465323090553284 -1.425193017693209 -0.28793565061336673
v -3.9754629135131836 -1.4251930088415454 -0.23360452678447952
v -5.808460712432861 -0.09553779150576576 -0.2358727001465148
v -5.7804979383945465 -0.09553780035755077 -0.2902045690334617
v -5.7804979383945465 -0.09553780035755077 -0.2902045690334617
v -3.9465323090553284 -1.425193017693209 -0.28793565061336673
v -3.9754629135131836 -1.4251930088415454 -0.23360452678447952
v 5.776134878396988 -0.09553705297010591 -0.2759069048680865
v 3.9421692490577698 -1.4251922710451224 -0.2781761350895777
v 3.8725152611732483 -1.4251922747279544 -0.30078119662064434
v 3.8725152611732483 -1.4251922747279544 -0.30078119662064434
v 5.708817392587662 -0.09553705665257374 -0.298509731224974
v 5.776134878396988 -0.09553705297010591 -0.2759069048680865
v 5.803962051868439 -0.09553704410715345 -0.22150649063964786
v 3.970964252948761 -1.4251922621818058 -0.22377348568696004
v 3.9421692490577698 -1.4251922710451224 -0.2781761350895777
v 3.9421692490577698 -1.4251922710451224 -0.2781761350895777
v 5.776134878396988 -0.09553705297010591 -0.2759069048680865
v 5.803962051868439 -0.09553704410715345 -0.22150649063964786
v -5.7804979383945465 -0.09553780035755077 -0.2902045690334617
v -6.580953299999237 0.9491505558229083 -0.2911949213961299
v -6.515455991029739 0.9491505521672666 -0.3136330899218254
v -6.515455991029739 0.9491505521672666 -0.3136330899218254
v -5.713125318288803 -0.09553780401282828 -0.31264050238497815
v -5.7804979383945465 -0.09553780035755077 -0.2902045690334617
v -5.808460712432861 -0.09553779150576576 -0.2358727001465148
v -6.608138978481293 0.9491505646749361 -0.2368615623930636
v -6.580953299999237 0.9491505558229083 -0.2911949213961299
v -6.580953299999237 0.9491505558229083 -0.2911949213961299
v -5.7804979383945465 -0.09553780035755077 -0.2902045690334617
v -5.808460712432861 -0.09553779150576576 -0.2358727001465148
v 6.576589494943619 0.9491520485910552 -0.2749168929082137
v 5.776134878396988 -0.09553705297010591 -0.2759069048680865
v 5.708817392587662 -0.09553705665257374 -0.298509731224974
v 5.708817392587662 -0.09553705665257374 -0.298509731224974
v 6.511147320270538 0.9491520449089514 -0.2975174840909221
v 6.576589494943619 0.9491520485910552 -0.2749168929082137
v 6.60364106297493 0.9491520574538862 -0.22051722373783478
v 5.803962051868439 -0.09553704410715345 -0.22150649063964786
v 5.776134878396988 -0.09553705297010591 -0.2759069048680865
v 5.776134878396988 -0.09553705297010591 -0.2759069048680865
v 6.576589494943619 0.9491520485910552 -0.2749168929082137
v 6.60364106297493 0.9491520574538862 -0.22051722373783478
v -6.580953299999237 0.9491505558229083 -0.2911949213961299
v -7.177777588367462 2.1184477479483212 -0.2919334644359783
v -7.113686949014664 2.118447744292437 -0.31437312307779314
v -7.113686949014664 2.118447744292437 -0.31437312307779314
v -6.515455991029739 0.9491505521672666 -0.3136330899218254
v -6.580953299999237 0.9491505558229083 -0.2911949213961299
v -6.608138978481293 0.9491505646749361 -0.2368615623930636
v -7.204380631446838 2.1184477568004705 -0.2375993603748523
v -7.177777588367462 2.1184477479483212 -0.2919334644359783
v -7.177777588367462 2.1184477479483212 -0.2919334644359783
v -6.580953299999237 0.9491505558229083 -0.2911949213961299
v -6.608138978481293 0.9491505646749361 -0.2368615623930636
v 7.173416018486023 2.118449240957054 -0.2741787308737518
v 6.576589494943619 0.9491520485910552 -0.2749168929082137
v 6.511147320270538 0.9491520449089514 -0.2975174840909221
v 6.511147320270538 0.9491520449089514 -0.2975174840909221
v 7.109380513429642 2.1184492372753145 -0.29677708688228116
v 7.173416018486023 2.118449240957054 -0.2741787308737518
v 7.199883460998535 2.1184492498197636 -0.21977980676143255
v 6.60364106297493 0.9491520574538862 -0.22051722373783478
v 6.576589494943619 0.9491520485910552 -0.2749168929082137
v 6.576589494943619 0.9491520485910552 -0.2749168929082137
v 7.173416018486023 2.118449240957054 -0.2741787308737518
v 7.199883460998535 2.1184492498197636 -0.21977980676143255
v -7.177777588367462 2.1184477479483212 -0.2919334644359783
v -7.405585795640945 3.392394211964158 -0.2922153039347657
v -7.342195510864258 3.3923942083080307 -0.31465645269269993
v -7.342195510864258 3.3923942083080307 -0.31465645269269993
v -7.113686949014664 2.118447744292437 -0.31437312307779314
v -7.177777588367462 2.1184477479483212 -0.2919334644359783
v -7.204380631446838 2.1184477568004705 -0.2375993603748523
v -7.431899756193161 3.392394220816307 -0.23788119987363973
v -7.405585795640945 3.392394211964158 -0.2922153039347657
v -7.405585795640945 3.392394211964158 -0.2922153039347657
v -7.177777588367462 2.1184477479483212 -0.2919334644359783
v -7.204380631446838 2.1184477568004705 -0.2375993603748523
v 7.401224225759506 3.392395705064658 -0.2738973064794118
v 7.173416018486023 2.118449240957054 -0.2741787308737518
v 7.109380513429642 2.1184492372753145 -0.29677708688228116
v 7.109380513429642 2.1184492372753145 -0.29677708688228116
v 7.337889075279236 3.3923957013830397 -0.2964949174298815
v 7.401224225759506 3.392395705064658 -0.2738973064794118
v 7.427402585744858 3.3923957139273675 -0.21949838236709254
v 7.199883460998535 2.1184492498197636 -0.21977980676143255
v 7.173416018486023 2.118449240957054 -0.2741787308737518
v 7.173416018486023 2.118449240957054 -0.2741787308737518
v 7.401224225759506 3.392395705064658 -0.2738973064794118
v 7.427402585744858 3.3923957139273675 -0.21949838236709254
v -7.405585795640945 3.392394211964158 -0.2922153039347657
v -7.453177124261856 5.795204964346352 -0.29227455498904215
v -7.389789819717407 5.795204960690224 -0.3147157037469764
v -7.389789819717407 5.795204960690224 -0.3147157037469764
v -7.342195510864258 3.3923942083080307 -0.31465645269269993
v -7.405585795640945 3.392394211964158 -0.2922153039347657
v -7.431899756193161 3.392394220816307 -0.23788119987363973
v -7.479489594697952 5.7952049731985005 -0.23794045092791616
v -7.453177124261856 5.795204964346352 -0.29227455498904215
v -7.453177124261856 5.795204964346352 -0.29227455498904215
v -7.405585795640945 3.392394211964158 -0.2922153039347657
v -7.431899756193161 3.392394220816307 -0.23788119987363973
v 7.448815554380417 5.795204967349911 -0.27383883836001405
v 7.401224225759506 3.392395705064658 -0.2738973064794118
v 7.337889075279236 3.3923957013830397 -0.2964949174298815
v 7.337889075279236 3.3923957013830397 -0.2964949174298815
v 7.385483384132385 5.795204963668293 -0.29643644931048374
v 7.448815554380417 5.795204967349911 -0.27383883836001405
v 7.474993914365768 5.795204976212743 -0.21943916918963516
v 7.427402585744858 3.3923957139273675 -0.21949838236709254
v 7.401224225759506 3.392395705064658 -0.2738973064794118
v 7.401224225759506 3.392395705064658 -0.2738973064794118
v 7.448815554380417 5.795204967349911 -0.27383883836001405
v 7.474993914365768 5.795204976212743 -0.21943916918963516
v -7.453177124261856 5.795204964346352 -0.29227455498904215
v -7.113426923751831 7.961046648160168 -0.2918546951037747
v -7.049340754747391 7.961046644504283 -0.31429435374558956
v -7.049340754747391 7.961046644504283 -0.31429435374558956
v -7.389789819717407 5.795204960690224 -0.3147157037469764
v -7.453177124261856 5.795204964346352 -0.29227455498904215
v -7.479489594697952 5.7952049731985005 -0.23794045092791616
v -7.140028476715088 7.961046657012317 -0.23752059104264872
v -7.113426923751831 7.961046648160168 -0.2918546951037747
v -7.113426923751831 7.961046648160168 -0.2918546951037747
v -7.453177124261856 5.795204964346352 -0.29227455498904215
v -7.479489594697952 5.7952049731985005 -0.23794045092791616
v 7.1090638637542725 7.9610466510268045 -0.2742594039660796
v 7.448815554380417 5.795204967349911 -0.27383883836001405
v 7.385483384132385 5.795204963668293 -0.29643644931048374
v 7.385483384132385 5.795204963668293 -0.29643644931048374
v 7.045032829046249 7.961046647345065 -0.296857759974609
v 7.1090638637542725 7.9610466510268045 -0.2742594039660796
v 7.135531306266785 7.961046659889636 -0.2198597347957007
v 7.474993914365768 5.795204976212743 -0.21943916918963516
v 7.448815554380417 5.795204967349911 -0.27383883836001405
v 7.448815554380417 5.795204967349911 -0.27383883836001405
v 7.1090638637542725 7.9610466510268045 -0.2742594039660796
v 7.135531306266785 7.961046659889636 -0.2198597347957007
v -7.113426923751831 7.961046648160168 -0.2918546951037747
v -6.699633598327637 9.304636669377086 -0.2913423140573057
v -6.634128838777542 9.304636665721324 -0.31378122764106087
v -6.634128838777542 9.304636665721324 -0.31378122764106087
v -7.049340754747391 7.961046644504283 -0.31429435374558956
v -7.113426923751831 7.961046648160168 -0.2918546951037747
v -7.140028476715088 7.961046657012317 -0.23752059104264872
v -6.726822257041931 9.304636678228993 -0.23700970011229913
v -6.699633598327637 9.304636669377086 -0.2913423140573057
v -6.699633598327637 9.304636669377086 -0.2913423140573057
v -7.113426923751831 7.961046648160168 -0.2918546951037747
v -7.140028476715088 7.961046657012317 -0.23752059104264872
v 6.695270538330078 9.304636672076818 -0.27477147775168764
v 7.1090638637542725 7.9610466510268045 -0.2742594039660796
v 7.045032829046249 7.961046647345065 -0.296857759974609
v 7.045032829046249 7.961046647345065 -0.296857759974609
v 6.629820913076401 9.304636668394835 -0.29737132387633636
v 6.695270538330078 9.304636672076818 -0.27477147775168764
v 6.722325086593628 9.30463668093977 -0.22037106352324906
v 7.135531306266785 7.961046659889636 -0.2198597347957007
v 7.1090638637542725 7.9610466510268045 -0.2742594039660796
v 7.1090638637542725 7.9610466510268045 -0.2742594039660796
v 6.695270538330078 9.304636672076818 -0.27477147775168764
v 6.722325086593628 9.30463668093977 -0.22037106352324906
v -6.699633598327637 9.304636669377086 -0.2913423140573057
v -6.0188643634319305 10.698497248051222 -0.2905006255385661
v -5.951167643070221 10.698497244395943 -0.31293655889008254
v -5.951167643070221 10.698497244395943 -0.31293655889008254
v -6.634128838777542 9.304636665721324 -0.31378122764106087
v -6.699633598327637 9.304636669377086 -0.2913423140573057
v -6.726822257041931 9.304636678228993 -0.23700970011229913
v -6.04696199297905 10.698497256903007 -0.23616875665161915
v -6.0188643634319305 10.698497248051222 -0.2905006255385661
v -6.0188643634319305 10.698497248051222 -0.2905006255385661
v -6.699633598327637 9.304636669377086 -0.2913423140573057
v -6.726822257041931 9.304636678228993 -0.23700970011229913
v 6.014502048492432 10.698497250476622 -0.2756136204478528
v 6.695270538330078 9.304636672076818 -0.27477147775168764
v 6.629820913076401 9.304636668394835 -0.29737132387633636
v 6.629820913076401 9.304636668394835 -0.29737132387633636
v 5.946860462427139 10.698497246794155 -0.2982164468047403
v 6.014502048492432 10.698497250476622 -0.2756136204478528
v 6.0424648225307465 10.698497259339696 -0.22121246116135448
v 6.722325086593628 9.30463668093977 -0.22037106352324906
v 6.695270538330078 9.304636672076818 -0.27477147775168764
v 6.695270538330078 9.304636672076818 -0.27477147775168764
v 6.014502048492432 10.698497250476622 -0.2756136204478528
v 6.0424648225307465 10.698497259339696 -0.22121246116135448
v -6.0188643634319305 10.698497248051222 -0.2905006255385661
v -4.761013388633728 12.127318931234768 -0.2889444320364683
v -4.689952731132507 12.12731892758022 -0.3113758950396266
v -4.689952731132507 12.12731892758022 -0.3113758950396266
v -5.951167643070221 10.698497244395943 -0.31293655889008254
v -6.0188643634319305 10.698497248051222 -0.2905006255385661
v -6.04696199297905 10.698497256903007 -0.23616875665161915
v -4.790505021810532 12.12731894008619 -0.23461479832370052
v -4.761013388633728 12.127318931234768 -0.2889444320364683
v -4.761013388633728 12.127318931234768 -0.2889444320364683
v -6.0188643634319305 10.698497248051222 -0.2905006255385661
v -6.04696199297905 10.698497256903007 -0.23616875665161915
v 4.756651073694229 12.127318933153143 -0.27716953446109005
v 6.014502048492432 10.698497250476622 -0.2756136204478528
v 5.946860462427139 10.698497246794155 -0.2982164468047403
v 5.946860462427139 10.698497246794155 -0.2982164468047403
v 4.685645550489426 12.127318929469947 -0.29977683116633574
v 4.756651073694229 12.127318933153143 -0.27716953446109005
v 4.786007106304169 12.127318942016458 -0.22276688505847242
v 6.0424648225307465 10.698497259339696 -0.22121246116135448
v 6.014502048492432 10.698497250476622 -0.2756136204478528
v 6.014502048492432 10.698497250476622 -0.2756136204478528
v 4.756651073694229 12.127318933153143 -0.27716953446109005
v 4.786007106304169 12.127318942016458 -0.22276688505847242
v -4.761013388633728 12.127318931234768 -0.2889444320364683
v -3.4614451229572296 12.928779376423924 -0.2873367273181326
v -3.3849231898784637 12.928779372770466 -0.3097614847987536
v -3.3849231898784637 12.928779372770466 -0.3097614847987536
v -4.689952731132507 12.12731892758022 -0.3113758950396266
v -4.761013388633728 12.127318931234768 -0.2889444320364683
v -4.790505021810532 12.12731894008619 -0.23461479832370052
v -3.49319651722908 12.92877938527498 -0.23300932877954383
v -3.4614451229572296 12.928779376423924 -0.2873367273181326
v -3.4614451229572296 12.928779376423924 -0.2873367273181326
v -4.761013388633728 12.127318931234768 -0.2889444320364683
v -4.790505021810532 12.12731894008619 -0.23461479832370052
v 3.457082062959671 12.928779377818397 -0.2787775003283866
v 4.756651073694229 12.127318933153143 -0.27716953446109005
v 4.685645550489426 12.127318929469947 -0.29977683116633574
v 4.685645550489426 12.127318929469947 -0.29977683116633574
v 3.3806167542934418 12.928779374134109 -0.3013915025561695
v 3.457082062959671 12.928779377818397 -0.2787775003283866
v 3.488699346780777 12.9287793866822 -0.22437187069353015
v 4.786007106304169 12.127318942016458 -0.22276688505847242
v 4.756651073694229 12.127318933153143 -0.27716953446109005
v 4.756651073694229 12.127318933153143 -0.27716953446109005
v 3.457082062959671 12.928779377818397 -0.2787775003283866
v 3.488699346780777 12.9287793866822 -0.22437187069353015
v -3.4614451229572296 12.928779376423924 -0.2873367273181326
v -2.003498747944832 13.32951034423946 -0.2855330070429789
v -1.9149746745824814 13.32951034058843 -0.3079428633624061
v -1.9149746745824814 13.32951034058843 -0.3079428633624061
v -3.3849231898784637 12.928779372770466 -0.3097614847987536
v -3.4614451229572296 12.928779376423924 -0.2873367273181326
v -3.49319651722908 12.92877938527498 -0.23300932877954383
v -2.040221728384495 13.329510353089423 -0.2312123140269274
v -2.003498747944832 13.32951034423946 -0.2855330070429789
v -2.003498747944832 13.32951034423946 -0.2855330070429789
v -3.4614451229572296 12.928779376423924 -0.2873367273181326
v -3.49319651722908 12.92877938527498 -0.23300932877954383
v 1.9991358742117882 13.329510345046186 -0.2805813511782634
v 3.457082062959671 12.928779377818397 -0.2787775003283866
v 3.3806167542934418 12.928779374134109 -0.3013915025561695
v 3.3806167542934418 12.928779374134109 -0.3013915025561695
v 1.9106678664684296 13.32951034135947 -0.30321025456724016
v 1.9991358742117882 13.329510345046186 -0.2805813511782634
v 2.0357245579361916 13.32951035391096 -0.22616976107892942
v 3.488699346780777 12.9287793866822 -0.22437187069353015
v 3.457082062959671 12.928779377818397 -0.2787775003283866
v 3.457082062959671 12.928779377818397 -0.2787775003283866
v 1.9991358742117882 13.329510345046186 -0.2805813511782634
v 2.0357245579361916 13.32951035391096 -0.22616976107892942
v -2.003498747944832 13.32951034423946 -0.2855330070429789
v -0.7191935088485479 13.54761268042812 -0.2839445787930956
v -0.9408180601894855 13.493247280214945 -0.30673813115601695
v -0.9408180601894855 13.493247280214945 -0.30673813115601695
v -1.9149746745824814 13.32951034058843 -0.3079428633624061
v -2.003498747944832 13.32951034423946 -0.2855330070429789
v -2.040221728384495 13.329510353089423 -0.2312123140269274
v -0.627437699586153 13.570134304332441 -0.22946444702150673
v -0.7191935088485479 13.54761268042812 -0.2839445787930956
v -0.7191935088485479 13.54761268042812 -0.2839445787930956
v -2.003498747944832 13.32951034423946 -0.2855330070429789
v -2.040221728384495 13.329510353089423 -0.2312123140269274
v -1.628977432847023 -3.3222551933812876 0.27933472877170706
v -1.8316639587283134 -2.9023732535340785 0.2790843208561994
v -1.8595945090055466 -2.9023732623971523 0.2246831615697011
v -1.8595945090055466 -2.9023732623971523 0.2246831615697011
v -1.6565913334488869 -3.32225520224424 0.22493431454326843
v -1.628977432847023 -3.3222551933812876 0.27933472877170706
v -1.5621762722730637 -3.322255189698941 0.30193681007053486
v -1.764100231230259 -2.902373249851611 0.30168714721308687
v -1.8316639587283134 -2.9023732535340785 0.2790843208561994
v -1.8316639587283134 -2.9023732535340785 0.2790843208561994
v -1.628977432847023 -3.3222551933812876 0.27933472877170706
v -1.5621762722730637 -3.322255189698941 0.30193681007053486
v 1.6232172027230263 -3.3222551927256854 0.28335878735210557
v 1.420317031443119 -3.742137132654587 0.2831077711934402
v 1.4479630626738071 -3.7421371415064932 0.2287751572484336
v 1.4479630626738071 -3.7421371415064932 0.2287751572484336
v 1.6509659588336945 -3.3222552015775917 0.22902617340709894
v 1.6232172027230263 -3.3222551927256854 0.28335878735210557
v 1.5563607215881348 -3.3222551890702867 0.30579546576168165
v 1.3537080958485603 -3.7421371289991883 0.3055444496030163
v 1.420317031443119 -3.742137132654587 0.2831077711934402
v 1.420317031443119 -3.742137132654587 0.2831077711934402
v 1.6232172027230263 -3.3222551927256854 0.28335878735210557
v 1.5563607215881348 -3.3222551890702867 0.30579546576168165
v -1.6282791271805763 -3.3222552853339797 -0.28506686801287706
v -1.8309656530618668 -2.902373345486892 -0.28531802098644443
v -1.7633462324738503 -2.9023733491421693 -0.3077539543379609
v -1.7633462324738503 -2.9023733491421693 -0.3077539543379609
v -1.561422273516655 -3.3222552889893784 -0.3075035464224532
v -1.6282791271805763 -3.3222552853339797 -0.28506686801287706
v -1.6560275107622147 -3.3222552764821947 -0.2307349991259302
v -1.8590306863188744 -2.9023733366351068 -0.23098615209949752
v -1.8309656530618668 -2.902373345486892 -0.28531802098644443
v -1.8309656530618668 -2.902373345486892 -0.28531802098644443
v -1.6282791271805763 -3.3222552853339797 -0.28506686801287706
v -1.6560275107622147 -3.3222552764821947 -0.2307349991259302
v 1.623915508389473 -3.3222552846784987 -0.28104355449053825
v 1.4210152439773083 -3.7421372246074003 -0.2812945706492036
v 1.354462094604969 -3.7421372282897467 -0.30389665194803145
v 1.354462094604969 -3.7421372282897467 -0.30389665194803145
v 1.5571147203445435 -3.322255288360845 -0.3036456357893661
v 1.623915508389473 -3.3222552846784987 -0.28104355449053825
v 1.6515297815203667 -3.322255275815546 -0.2266431402620997
v 1.448526792228222 -3.7421372157444477 -0.22689415642076502
v 1.4210152439773083 -3.7421372246074003 -0.2812945706492036
v 1.4210152439773083 -3.7421372246074003 -0.2812945706492036
v 1.623915508389473 -3.3222552846784987 -0.28104355449053825
v 1.6515297815203667 -3.322255275815546 -0.2266431402620997
v 2.0357245579361916 13.32951035391096 -0.22616976107892942
v 0.6229403428733349 13.570134304584437 -0.22791770648958534
v 0.6223766133189201 13.570134378822392 0.22775160717961326
v 0.6223766133189201 13.570134378822392 0.22775160717961326
v 2.0351607352495193 13.329510428148915 0.22949955259026922
v 2.0357245579361916 13.32951035391096 -0.22616976107892942
v 0.6229403428733349 13.570134304584437 -0.22791770648958534
v -0.627437699586153 13.570134304332441 -0.22946444702150673
v -0.6280014291405678 13.570134378570396 0.2262048666476919
v -0.6280014291405678 13.570134378570396 0.2262048666476919
v 0.6223766133189201 13.570134378822392 0.22775160717961326
v 0.6229403428733349 13.570134304584437 -0.22791770648958534
v -0.627437699586153 13.570134304332441 -0.22946444702150673
v -2.040221728384495 13.329510353089423 -0.2312123140269274
v -2.040785551071167 13.329510427327378 0.22445699964227123
v -2.040785551071167 13.329510427327378 0.22445699964227123
v -0.6280014291405678 13.570134378570396 0.2262048666476919
v -0.627437699586153 13.570134304332441 -0.22946444702150673
v 1.4427115209400654 -3.818796252033651 -0.30378711592391644
v 1.448526792228222 -3.7421372157444477 -0.22689415642076502
v 1.4479630626738071 -3.7421371415064932 0.2287751572484336
v 1.4479630626738071 -3.7421371415064932 0.2287751572484336
v 1.4419575221836567 -3.8187961527430927 0.3056539856271313
v 1.332388911396265 -5.239931816751372 0.3055186165926555
v 1.332388911396265 -5.239931816751372 0.3055186165926555
v 1.3331429101526737 -5.239931916041931 -0.30392248495839225
v 1.4427115209400654 -3.818796252033651 -0.30378711592391644
v 1.4427115209400654 -3.818796252033651 -0.30378711592391644
v 1.4479630626738071 -3.7421371415064932 0.2287751572484336
v 1.332388911396265 -5.239931816751372 0.3055186165926555
v 1.3537080958485603 -3.7421371289991883 0.3055444496030163
v 1.2666122987866402 -3.742137129016789 0.3054364161843609
v 1.332388911396265 -5.239931816751372 0.3055186165926555
v 1.332388911396265 -5.239931816751372 0.3055186165926555
v 1.4419575221836567 -3.8187961527430927 0.3056539856271313
v 1.3537080958485603 -3.7421371289991883 0.3055444496030163
v 1.448526792228222 -3.7421372157444477 -0.22689415642076502
v 1.6515297815203667 -3.322255275815546 -0.2266431402620997
v 1.6509659588336945 -3.3222552015775917 0.22902617340709894
v 1.6509659588336945 -3.3222552015775917 0.22902617340709894
v 1.4479630626738071 -3.7421371415064932 0.2287751572484336
v 1.448526792228222 -3.7421372157444477 -0.22689415642076502
v 1.5563607215881348 -3.3222551890702867 0.30579546576168165
v 1.2666122987866402 -3.322255189128794 0.3054363477769099
v 1.2666122987866402 -3.742137129016789 0.3054364161843609
v 1.2666122987866402 -3.742137129016789 0.3054364161843609
v 1.3537080958485603 -3.7421371289991883 0.3055444496030163
v 1.5563607215881348 -3.3222551890702867 0.30579546576168165
v -1.6560275107622147 -3.3222552764821947 -0.2307349991259302
v -1.453024335205555 -3.7421372163292825 -0.23048384615236286
v -1.4535880647599697 -3.742137142091328 0.22518546751683577
v -1.4535880647599697 -3.742137142091328 0.22518546751683577
v -1.6565913334488869 -3.32225520224424 0.22493431454326843
v -1.6560275107622147 -3.3222552764821947 -0.2307349991259302
v -1.249020453542471 -3.7421371295238157 0.3023243086690259
v -1.249020453542471 -3.322255189635821 0.3023242402615749
v -1.5621762722730637 -3.322255189698941 0.30193681007053486
v -1.5621762722730637 -3.322255189698941 0.30193681007053486
v -1.3595234602689743 -3.742137129546029 0.30218796304410217
v -1.249020453542471 -3.7421371295238157 0.3023243086690259
v -1.3382039964199066 -5.239931817289716 0.30221428409791984
v -1.249020453542471 -3.7421371295238157 0.3023243086690259
v -1.3595234602689743 -3.742137129546029 0.30218796304410217
v -1.3595234602689743 -3.742137129546029 0.30218796304410217
v -1.4477730728685856 -3.8187961533256214 0.3020784519986676
v -1.3382039964199066 -5.239931817289716 0.30221428409791984
v -1.447019074112177 -3.818796252616058 -0.30736190449432044
v -1.337449997663498 -5.239931916580274 -0.3072268174531279
v -1.3382039964199066 -5.239931817289716 0.30221428409791984
v -1.3382039964199066 -5.239931817289716 0.30221428409791984
v -1.4477730728685856 -3.8187961533256214 0.3020784519986676
v -1.4535880647599697 -3.742137142091328 0.22518546751683577
v -1.4535880647599697 -3.742137142091328 0.22518546751683577
v -1.453024335205555 -3.7421372163292825 -0.23048384615236286
v -1.447019074112177 -3.818796252616058 -0.30736190449432044
v -1.447019074112177 -3.818796252616058 -0.30736190449432044
v -1.3382039964199066 -5.239931817289716 0.30221428409791984
v -1.4535880647599697 -3.742137142091328 0.22518546751683577
v 1.6515297815203667 -3.322255275815546 -0.2266431402620997
v 1.8545325845479965 -2.9023733358866446 -0.22639212410343434
v 1.8539687618613243 -2.90237326164869 0.2292771895657643
v 1.8539687618613243 -2.90237326164869 0.2292771895657643
v 1.6509659588336945 -3.3222552015775917 0.22902617340709894
v 1.6515297815203667 -3.322255275815546 -0.2266431402620997
v 2.0723123103380203 -2.5228153414970613 0.30643310521549505
v 1.2666121125221252 -2.522815341659475 0.30543621753162664
v 1.2666122987866402 -2.9023732492407994 0.3054362793694589
v 1.2666122987866402 -2.9023732492407994 0.3054362793694589
v 1.7582844942808151 -2.9023732491416276 0.30604499180422756
v 2.0723123103380203 -2.5228153414970613 0.30643310521549505
v 1.7582844942808151 -2.9023732491416276 0.30604499180422756
v 1.2666122987866402 -2.9023732492407994 0.3054362793694589
v 1.2666122987866402 -3.322255189128794 0.3054363477769099
v 1.2666122987866402 -3.322255189128794 0.3054363477769099
v 1.5563607215881348 -3.3222551890702867 0.30579546576168165
v 1.7582844942808151 -2.9023732491416276 0.30604499180422756
v 1.8545325845479965 -2.9023733358866446 -0.22639212410343434
v 2.170422486960888 -2.522815428241593 -0.22600103045992812
v 2.1698586642742157 -2.5228153540037597 0.2296675381512108
v 2.1698586642742157 -2.5228153540037597 0.2296675381512108
v 1.8539687618613243 -2.90237326164869 0.2292771895657643
v 1.8545325845479965 -2.9023733358866446 -0.22639212410343434
v -2.174920216202736 -2.5228154291173883 -0.2313766243606086
v -1.8590306863188744 -2.9023733366351068 -0.23098615209949752
v -1.8595945090055466 -2.9023732623971523 0.2246831615697011
v -1.8595945090055466 -2.9023732623971523 0.2246831615697011
v -2.175484038889408 -2.522815354879555 0.22429194425053034
v -2.174920216202736 -2.5228154291173883 -0.2313766243606086
v -1.249020453542471 -2.9023732497478263 0.30232417185412386
v -1.2490193359553814 -2.522815342166502 0.3023241100162916
v -2.0781276747584343 -2.522815342333528 0.3012989101261549
v -2.0781276747584343 -2.522815342333528 0.3012989101261549
v -1.764100231230259 -2.902373249851611 0.30168714721308687
v -1.249020453542471 -2.9023732497478263 0.30232417185412386
v -1.8590306863188744 -2.9023733366351068 -0.23098615209949752
v -1.6560275107622147 -3.3222552764821947 -0.2307349991259302
v -1.6565913334488869 -3.32225520224424 0.22493431454326843
v -1.6565913334488869 -3.32225520224424 0.22493431454326843
v -1.8595945090055466 -2.9023732623971523 0.2246831615697011
v -1.8590306863188744 -2.9023733366351068 -0.23098615209949752
v -1.249020453542471 -3.322255189635821 0.3023242402615749
v -1.249020453542471 -2.9023732497478263 0.30232417185412386
v -1.764100231230259 -2.902373249851611 0.30168714721308687
v -1.764100231230259 -2.902373249851611 0.30168714721308687
v -1.5621762722730637 -3.322255189698941 0.30193681007053486
v -1.249020453542471 -3.322255189635821 0.3023242402615749
v 2.562972903251648 -2.0688112324923464 0.3070402535674864
v 1.2666122987866402 -2.068811232753689 0.3054361435649687
v 1.2666121125221252 -2.522815341659475 0.30543621753162664
v 1.2666121125221252 -2.522815341659475 0.30543621753162664
v 2.0723123103380203 -2.5228153414970613 0.30643310521549505
v 2.562972903251648 -2.0688112324923464 0.3070402535674864
v 2.170422486960888 -2.522815428241593 -0.22600103045992812
v 2.6627058163285255 -2.068811319236635 -0.22539239199181743
v 2.6621419936418533 -2.0688112449986806 0.2302769216773812
v 2.6621419936418533 -2.0688112449986806 0.2302769216773812
v 2.1698586642742157 -2.5228153540037597 0.2296675381512108
v 2.170422486960888 -2.522815428241593 -0.22600103045992812
v -2.667204476892948 -2.0688113203108953 -0.2319861558200949
v -2.174920216202736 -2.5228154291173883 -0.2313766243606086
v -2.175484038889408 -2.522815354879555 0.22429194425053034
v -2.175484038889408 -2.522815354879555 0.22429194425053034
v -2.6677682995796204 -2.0688112460729413 0.2236831578491037
v -2.667204476892948 -2.0688113203108953 -0.2319861558200949
v -1.2490193359553814 -2.522815342166502 0.3023241100162916
v -1.2490208260715008 -2.068811233260716 0.30232403604963365
v -2.5687890127301216 -2.068811233526671 0.3006916138408477
v -2.5687890127301216 -2.068811233526671 0.3006916138408477
v -2.0781276747584343 -2.522815342333528 0.3012989101261549
v -1.2490193359553814 -2.522815342166502 0.3023241100162916
v 3.8717612624168396 -1.4251921754375174 0.30865915987234377
v 1.2666121125221252 -1.4251929210205687 0.3054367837642956
v 1.2666122987866402 -2.068811232753689 0.3054361435649687
v 1.2666122987866402 -2.068811232753689 0.3054361435649687
v 2.562972903251648 -2.0688112324923464 0.3070402535674864
v 3.8717612624168396 -1.4251921754375174 0.30865915987234377
v 2.6627058163285255 -2.068811319236635 -0.22539239199181743
v 3.970964252948761 -1.4251922621818058 -0.22377348568696004
v 3.9704009890556335 -1.4251921879439728 0.23189508292417887
v 3.9704009890556335 -1.4251921879439728 0.23189508292417887
v 2.6621419936418533 -2.0688112449986806 0.2302769216773812
v 2.6627058163285255 -2.068811319236635 -0.22539239199181743
v -3.9754629135131836 -1.4251930088415454 -0.23360452678447952
v -2.667204476892948 -2.0688113203108953 -0.2319861558200949
v -2.6677682995796204 -2.0688112460729413 0.2236831578491037
v -2.6677682995796204 -2.0688112460729413 0.2236831578491037
v -3.976026177406311 -1.4251929346037124 0.22206404182665943
v -3.9754629135131836 -1.4251930088415454 -0.23360452678447952
v -1.2490208260715008 -2.068811233260716 0.30232403604963365
v -1.2490208260715008 -1.4251929215277168 0.3023239311909009
v -3.8775771856307983 -1.4251929220574424 0.2990724978184034
v -3.8775771856307983 -1.4251929220574424 0.2990724978184034
v -2.5687890127301216 -2.068811233526671 0.3006916138408477
v -1.2490208260715008 -2.068811233260716 0.30232403604963365
v 3.970964252948761 -1.4251922621818058 -0.22377348568696004
v 5.803962051868439 -0.09553704410715345 -0.22150649063964786
v 5.803398787975311 -0.09553699315226356 0.23416282302955455
v 5.803398787975311 -0.09553699315226356 0.23416282302955455
v 3.9704009890556335 -1.4251921879439728 0.23189508292417887
v 3.970964252948761 -1.4251922621818058 -0.22377348568696004
v -5.808460712432861 -0.09553779150576576 -0.2358727001465148
v -3.9754629135131836 -1.4251930088415454 -0.23360452678447952
v -3.976026177406311 -1.4251929346037124 0.22206404182665943
v -3.976026177406311 -1.4251929346037124 0.22206404182665943
v -5.809023976325989 -0.09553774055087587 0.2197966135226876
v -5.808460712432861 -0.09553779150576576 -0.2358727001465148
v 5.803962051868439 -0.09553704410715345 -0.22150649063964786
v 6.60364106297493 0.9491520574538862 -0.22051722373783478
v 6.603077054023743 0.9491521316918404 0.23515208993136386
v 6.603077054023743 0.9491521316918404 0.23515208993136386
v 5.803398787975311 -0.09553699315226356 0.23416282302955455
v 5.803962051868439 -0.09553704410715345 -0.22150649063964786
v -6.608138978481293 0.9491505646749361 -0.2368615623930636
v -5.808460712432861 -0.09553779150576576 -0.2358727001465148
v -5.809023976325989 -0.09553774055087587 0.2197966135226876
v -5.809023976325989 -0.09553774055087587 0.2197966135226876
v -6.60870298743248 0.949150638912769 0.21880700621807533
v -6.608138978481293 0.9491505646749361 -0.2368615623930636
v 6.60364106297493 0.9491520574538862 -0.22051722373783478
v 7.199883460998535 2.1184492498197636 -0.21977980676143255
v 7.199319452047348 2.118449324057718 0.23588950690776606
v 7.199319452047348 2.118449324057718 0.23588950690776606
v 6.603077054023743 0.9491521316918404 0.23515208993136386
v 6.60364106297493 0.9491520574538862 -0.22051722373783478
v -7.204380631446838 2.1184477568004705 -0.2375993603748523
v -6.608138978481293 0.9491505646749361 -0.2368615623930636
v -6.60870298743248 0.949150638912769 0.21880700621807533
v -6.60870298743248 0.949150638912769 0.21880700621807533
v -7.2049446403980255 2.1184478310383033 0.21806920823628664
v -7.204380631446838 2.1184477568004705 -0.2375993603748523
v 7.199883460998535 2.1184492498197636 -0.21977980676143255
v 7.427402585744858 3.3923957139273675 -0.21949838236709254
v 7.426838576793671 3.392395788165322 0.23617093130210606
v 7.426838576793671 3.392395788165322 0.23617093130210606
v 7.199319452047348 2.118449324057718 0.23588950690776606
v 7.199883460998535 2.1184492498197636 -0.21977980676143255
v -7.431899756193161 3.392394220816307 -0.23788119987363973
v -7.204380631446838 2.1184477568004705 -0.2375993603748523
v -7.2049446403980255 2.1184478310383033 0.21806920823628664
v -7.2049446403980255 2.1184478310383033 0.21806920823628664
v -7.432463765144348 3.39239429505414 0.2177873687374992
v -7.431899756193161 3.392394220816307 -0.23788119987363973
v 7.427402585744858 3.3923957139273675 -0.21949838236709254
v 7.474993914365768 5.795204976212743 -0.21943916918963516
v 7.474429905414581 5.795205050450575 0.23622939942150376
v 7.474429905414581 5.795205050450575 0.23622939942150376
v 7.426838576793671 3.392395788165322 0.23617093130210606
v 7.427402585744858 3.3923957139273675 -0.21949838236709254
v -7.479489594697952 5.7952049731985005 -0.23794045092791616
v -7.431899756193161 3.392394220816307 -0.23788119987363973
v -7.432463765144348 3.39239429505414 0.2177873687374992
v -7.432463765144348 3.39239429505414 0.2177873687374992
v -7.480053603649139 5.795205047436334 0.21772811768322275
v -7.479489594697952 5.7952049731985005 -0.23794045092791616
v 7.474993914365768 5.795204976212743 -0.21943916918963516
v 7.135531306266785 7.961046659889636 -0.2198597347957007
v 7.1349672973155975 7.961046734127469 0.23580883381543824
v 7.1349672973155975 7.961046734127469 0.23580883381543824
v 7.474429905414581 5.795205050450575 0.23622939942150376
v 7.474993914365768 5.795204976212743 -0.21943916918963516
v -7.140028476715088 7.961046657012317 -0.23752059104264872
v -7.479489594697952 5.7952049731985005 -0.23794045092791616
v -7.480053603649139 5.795205047436334 0.21772811768322275
v -7.480053603649139 5.795205047436334 0.21772811768322275
v -7.140592485666275 7.96104673125015 0.21814797756849022
v -7.140028476715088 7.961046657012317 -0.23752059104264872
v 7.135531306266785 7.961046659889636 -0.2198597347957007
v 6.722325086593628 9.30463668093977 -0.22037106352324906
v 6.721761077642441 9.304636755177603 0.23529750508788988
v 6.721761077642441 9.304636755177603 0.23529750508788988
v 7.1349672973155975 7.961046734127469 0.23580883381543824
v 7.135531306266785 7.961046659889636 -0.2198597347957007
v -6.726822257041931 9.304636678228993 -0.23700970011229913
v -7.140028476715088 7.961046657012317 -0.23752059104264872
v -7.140592485666275 7.96104673125015 0.21814797756849022
v -7.140592485666275 7.96104673125015 0.21814797756849022
v -6.727386265993118 9.304636752466825 0.2186588684988398
v -6.726822257041931 9.304636678228993 -0.23700970011229913
v 6.722325086593628 9.30463668093977 -0.22037106352324906
v 6.0424648225307465 10.698497259339696 -0.22121246116135448
v 6.041900813579559 10.69849733357765 0.23445685250784415
v 6.041900813579559 10.69849733357765 0.23445685250784415
v 6.721761077642441 9.304636755177603 0.23529750508788988
v 6.722325086593628 9.30463668093977 -0.22037106352324906
v -6.04696199297905 10.698497256903007 -0.23616875665161915
v -6.726822257041931 9.304636678228993 -0.23700970011229913
v -6.727386265993118 9.304636752466825 0.2186588684988398
v -6.727386265993118 9.304636752466825 0.2186588684988398
v -6.047526001930237 10.698497331140839 0.21949981195951976
v -6.04696199297905 10.698497256903007 -0.23616875665161915
v 6.0424648225307465 10.698497259339696 -0.22121246116135448
v 4.786007106304169 12.127318942016458 -0.22276688505847242
v 4.785443842411041 12.127319016254292 0.23290168355266652
v 4.785443842411041 12.127319016254292 0.23290168355266652
v 6.041900813579559 10.69849733357765 0.23445685250784415
v 6.0424648225307465 10.698497259339696 -0.22121246116135448
v -4.790505021810532 12.12731894008619 -0.23461479832370052
v -6.04696199297905 10.698497256903007 -0.23616875665161915
v -6.047526001930237 10.698497331140839 0.21949981195951976
v -6.047526001930237 10.698497331140839 0.21949981195951976
v -4.791068285703659 12.127319014324144 0.2210545153454981
v -4.790505021810532 12.12731894008619 -0.23461479832370052
v 4.786007106304169 12.127318942016458 -0.22276688505847242
v 3.488699346780777 12.9287793866822 -0.22437187069353015
v 3.48813533782959 12.928779460920033 0.2312966979176088
v 3.48813533782959 12.928779460920033 0.2312966979176088
v 4.785443842411041 12.127319016254292 0.23290168355266652
v 4.786007106304169 12.127318942016458 -0.22276688505847242
v -3.49319651722908 12.92877938527498 -0.23300932877954383
v -4.790505021810532 12.12731894008619 -0.23461479832370052
v -4.791068285703659 12.127319014324144 0.2210545153454981
v -4.791068285703659 12.127319014324144 0.2210545153454981
v -3.4937605261802673 12.928779459512812 0.2226592398315951
v -3.49319651722908 12.92877938527498 -0.23300932877954383
v 3.488699346780777 12.9287793866822 -0.22437187069353015
v 2.0357245579361916 13.32951035391096 -0.22616976107892942
v 2.0351607352495193 13.329510428148915 0.22949955259026922
v 2.0351607352495193 13.329510428148915 0.22949955259026922
v 3.48813533782959 12.928779460920033 0.2312966979176088
v 3.488699346780777 12.9287793866822 -0.22437187069353015
v -2.040221728384495 13.329510353089423 -0.2312123140269274
v -3.49319651722908 12.92877938527498 -0.23300932877954383
v -3.4937605261802673 12.928779459512812 0.2226592398315951
v -3.4937605261802673 12.928779459512812 0.2226592398315951
v -2.040785551071167 13.329510427327378 0.22445699964227123
v -2.040221728384495 13.329510353089423 -0.2312123140269274
v 1.354462094604969 -3.7421372282897467 -0.30389665194803145
v 1.4427115209400654 -3.818796252033651 -0.30378711592391644
v 1.3331429101526737 -5.239931916041931 -0.30392248495839225
v 1.3331429101526737 -5.239931916041931 -0.30392248495839225
v 1.2673662975430489 -3.742137228307226 -0.30400394030862715
v 1.354462094604969 -3.7421372282897467 -0.30389665194803145
v 1.5571147203445435 -3.322255288360845 -0.3036456357893661
v 1.354462094604969 -3.7421372282897467 -0.30389665194803145
v 1.2673662975430489 -3.742137228307226 -0.30400394030862715
v 1.2673662975430489 -3.742137228307226 -0.30400394030862715
v 1.2673662975430489 -3.3222552884192313 -0.30400400871607813
v 1.5571147203445435 -3.322255288360845 -0.3036456357893661
v -1.2482664547860622 -2.9023733490382635 -0.3071161846388642
v -1.7633462324738503 -2.9023733491421693 -0.3077539543379609
v -2.0773736760020256 -2.5228154416240867 -0.30814219142489285
v -2.0773736760020256 -2.5228154416240867 -0.30814219142489285
v -1.2482653371989727 -2.522815441456939 -0.30711624647669644
v -1.2482664547860622 -2.9023733490382635 -0.3071161846388642
v -1.2482664547860622 -3.322255288926258 -0.30711611623141316
v -1.561422273516655 -3.3222552889893784 -0.3075035464224532
v -1.7633462324738503 -2.9023733491421693 -0.3077539543379609
v -1.7633462324738503 -2.9023733491421693 -0.3077539543379609
v -1.2482664547860622 -2.9023733490382635 -0.3071161846388642
v -1.2482664547860622 -3.322255288926258 -0.30711611623141316
v -1.2482664547860622 -3.742137228814253 -0.3071160478239622
v -1.3587694615125656 -3.7421372288365875 -0.3072531385069456
v -1.561422273516655 -3.3222552889893784 -0.3075035464224532
v -1.561422273516655 -3.3222552889893784 -0.3075035464224532
v -1.2482664547860622 -3.322255288926258 -0.30711611623141316
v -1.2482664547860622 -3.742137228814253 -0.3071160478239622
v -1.2482664547860622 -3.742137228814253 -0.3071160478239622
v -1.337449997663498 -5.239931916580274 -0.3072268174531279
v -1.447019074112177 -3.818796252616058 -0.30736190449432044
v -1.447019074112177 -3.818796252616058 -0.30736190449432044
v -1.3587694615125656 -3.7421372288365875 -0.3072531385069456
v -1.2482664547860622 -3.742137228814253 -0.3071160478239622
v 1.7590384930372238 -2.902373348432186 -0.3033961097468202
v 1.5571147203445435 -3.322255288360845 -0.3036456357893661
v 1.2673662975430489 -3.3222552884192313 -0.30400400871607813
v 1.2673662975430489 -3.3222552884192313 -0.30400400871607813
v 1.2673662975430489 -2.9023733485312366 -0.30400407712352917
v 1.7590384930372238 -2.902373348432186 -0.3033961097468202
v 2.073066309094429 -2.5228154407874985 -0.303007251277493
v 1.7590384930372238 -2.902373348432186 -0.3033961097468202
v 1.2673662975430489 -2.9023733485312366 -0.30400407712352917
v 1.2673662975430489 -2.9023733485312366 -0.30400407712352917
v 1.267366111278534 -2.522815440949912 -0.3040041389613614
v 2.073066309094429 -2.5228154407874985 -0.303007251277493
v -1.2482653371989727 -2.522815441456939 -0.30711624647669644
v -2.0773736760020256 -2.5228154416240867 -0.30814219142489285
v -2.568035013973713 -2.0688113328172295 -0.3087494877102001
v -2.568035013973713 -2.0688113328172295 -0.3087494877102001
v -1.248266827315092 -2.068811332551153 -0.3071163204433544
v -1.2482653371989727 -2.522815441456939 -0.30711624647669644
v 2.5637269020080566 -2.068811331782905 -0.30240084798356137
v 2.073066309094429 -2.5228154407874985 -0.303007251277493
v 1.267366111278534 -2.522815440949912 -0.3040041389613614
v 1.267366111278534 -2.522815440949912 -0.3040041389613614
v 1.2673662975430489 -2.068811332044126 -0.3040042129280194
v 2.5637269020080566 -2.068811331782905 -0.30240084798356137
v -1.248266827315092 -2.068811332551153 -0.3071163204433544
v -2.568035013973713 -2.0688113328172295 -0.3087494877102001
v -3.8768231868743896 -1.425193021348001 -0.31036860373264435
v -3.8768231868743896 -1.425193021348001 -0.31036860373264435
v -1.248266827315092 -1.4251930208181538 -0.30711642530208716
v -1.248266827315092 -2.068811332551153 -0.3071163204433544
v 3.8725152611732483 -1.4251922747279544 -0.30078119662064434
v 2.5637269020080566 -2.068811331782905 -0.30240084798356137
v 1.2673662975430489 -2.068811332044126 -0.3040042129280194
v 1.2673662975430489 -2.068811332044126 -0.3040042129280194
v 1.267366111278534 -1.4251930203111272 -0.30400431778675213
v 3.8725152611732483 -1.4251922747279544 -0.30078119662064434
vt 0.8003515005111694 0.4945331811904907
vt 0.6694344282150269 0.4945331811904907
vt 0.7027710676193237 0.48893576860427856
vt 0.7027710676193237 0.48893576860427856
vt 0.7670150995254517 0.48893576860427856
vt 0.8003515005111694 0.4945331811904907
vt 0.6922497749328613 0.9989285469055176
vt 0.6022980213165283 0.9989285469055176
vt 0.5394579768180847 0.9534738063812256
vt 0.5394579768180847 0.9534738063812256
vt 0.9303280115127563 0.9534738063812256
vt 0.867487907409668 0.9989285469055176
vt 0.867487907409668 0.9989285469055176
vt 0.7783371806144714 0.9989285469055176
vt 0.6922497749328613 0.9989285469055176
vt 0.6922497749328613 0.9989285469055176
vt 0.5394579768180847 0.9534738063812256
vt 0.867487907409668 0.9989285469055176
vt 0.9303280115127563 0.9534738063812256
vt 0.5394579768180847 0.9534738063812256
vt 0.5120013952255249 0.9177607297897339
vt 0.5120013952255249 0.9177607297897339
vt 0.9577845335006714 0.9177607297897339
vt 0.9303280115127563 0.9534738063812256
vt 0.9577845335006714 0.9177607297897339
vt 0.5120013952255249 0.9177607297897339
vt 0.49152934551239014 0.8777877688407898
vt 0.49152934551239014 0.8777877688407898
vt 0.9782567024230957 0.8777878284454346
vt 0.9577845335006714 0.9177607297897339
vt 0.9782567024230957 0.8777878284454346
vt 0.49152934551239014 0.8777877688407898
vt 0.48370954394340515 0.8342374563217163
vt 0.48370954394340515 0.8342374563217163
vt 0.9860764741897583 0.8342374563217163
vt 0.9782567024230957 0.8777878284454346
vt 0.9860764741897583 0.8342374563217163
vt 0.48370954394340515 0.8342374563217163
vt 0.4820807874202728 0.75209641456604
vt 0.4820807874202728 0.75209641456604
vt 0.9877052307128906 0.7520964741706848
vt 0.9860764741897583 0.8342374563217163
vt 0.9877052307128906 0.7520964741706848
vt 0.4820807874202728 0.75209641456604
vt 0.4937313199043274 0.6780561804771423
vt 0.4937313199043274 0.6780561804771423
vt 0.9760547280311584 0.6780562400817871
vt 0.9877052307128906 0.7520964741706848
vt 0.9760547280311584 0.6780562400817871
vt 0.4937313199043274 0.6780561804771423
vt 0.5079402923583984 0.6321250796318054
vt 0.5079402923583984 0.6321250796318054
vt 0.9618456363677979 0.632125198841095
vt 0.9760547280311584 0.6780562400817871
vt 0.9618456363677979 0.632125198841095
vt 0.5079402923583984 0.6321250796318054
vt 0.5313118696212769 0.5844753980636597
vt 0.5313118696212769 0.5844753980636597
vt 0.9384740591049194 0.5844753980636597
vt 0.9618456363677979 0.632125198841095
vt 0.9384740591049194 0.5844753980636597
vt 0.5313118696212769 0.5844753980636597
vt 0.5744719505310059 0.5356305837631226
vt 0.5744719505310059 0.5356305837631226
vt 0.8953140377998352 0.5356305837631226
vt 0.9384740591049194 0.5844753980636597
vt 0.8953140377998352 0.5356305837631226
vt 0.5744719505310059 0.5356305837631226
vt 0.6191312670707703 0.5082322955131531
vt 0.6191312670707703 0.5082322955131531
vt 0.8506547212600708 0.5082322955131531
vt 0.8953140377998352 0.5356305837631226
vt 0.8506547212600708 0.5082322955131531
vt 0.6191312670707703 0.5082322955131531
vt 0.6694344282150269 0.4945331811904907
vt 0.6694344282150269 0.4945331811904907
vt 0.8003515005111694 0.4945331811904907
vt 0.8506547212600708 0.5082322955131531
vt 0.3272346556186676 0.00727445725351572
vt 0.284410297870636 0.00727445911616087
vt 0.284410297870636 0.004452969413250685
vt 0.284410297870636 0.004452969413250685
vt 0.3272346556186676 0.0044529675506055355
vt 0.3272346556186676 0.00727445725351572
vt 0.3157516419887543 0.1417955905199051
vt 0.31576570868492126 0.10419414937496185
vt 0.31862887740135193 0.10419447720050812
vt 0.31862887740135193 0.10419447720050812
vt 0.3186148703098297 0.14179588854312897
vt 0.3157516419887543 0.1417955905199051
vt 0.17295719683170319 0.007274463772773743
vt 0.13013295829296112 0.007274465635418892
vt 0.13013295829296112 0.004452975932508707
vt 0.13013295829296112 0.004452975932508707
vt 0.17295719683170319 0.004452974535524845
vt 0.17295719683170319 0.007274463772773743
vt 0.2433336228132248 0.2908247709274292
vt 0.2433232218027115 0.2198077142238617
vt 0.24618633091449738 0.21980737149715424
vt 0.24618633091449738 0.21980737149715424
vt 0.24619673192501068 0.2908245325088501
vt 0.2433336228132248 0.2908247709274292
vt 0.284410297870636 0.00727445911616087
vt 0.2560300827026367 0.007274491246789694
vt 0.2560300827026367 0.004452970810234547
vt 0.2560300827026367 0.004452970810234547
vt 0.284410297870636 0.004452969413250685
vt 0.284410297870636 0.00727445911616087
vt 0.31574124097824097 0.2128162533044815
vt 0.3157516419887543 0.1417955905199051
vt 0.3186148703098297 0.14179588854312897
vt 0.3186148703098297 0.14179588854312897
vt 0.3186044991016388 0.2128164917230606
vt 0.31574124097824097 0.2128162533044815
vt 0.2433232218027115 0.2198077142238617
vt 0.24332986772060394 0.15568502247333527
vt 0.2461930364370346 0.1556847244501114
vt 0.2461930364370346 0.1556847244501114
vt 0.24618633091449738 0.21980737149715424
vt 0.2433232218027115 0.2198077142238617
vt 0.21150214970111847 0.16815254092216492
vt 0.21150214970111847 0.24188034236431122
vt 0.20866374671459198 0.24188034236431122
vt 0.20866374671459198 0.24188034236431122
vt 0.20866374671459198 0.16815252602100372
vt 0.21150214970111847 0.16815254092216492
vt 0.21150214970111847 0.09180118143558502
vt 0.21150214970111847 0.16815254092216492
vt 0.20866374671459198 0.16815252602100372
vt 0.20866374671459198 0.16815252602100372
vt 0.20866374671459198 0.09180118143558502
vt 0.21150214970111847 0.09180118143558502
vt 0.3157479465007782 0.2769327759742737
vt 0.31574124097824097 0.2128162533044815
vt 0.3186044991016388 0.2128164917230606
vt 0.3186044991016388 0.2128164917230606
vt 0.31861114501953125 0.27693313360214233
vt 0.3157479465007782 0.2769327759742737
vt 0.20133750140666962 0.007274493109434843
vt 0.17295719683170319 0.007274463772773743
vt 0.17295719683170319 0.004452974535524845
vt 0.17295719683170319 0.004452974535524845
vt 0.20133750140666962 0.004452973138540983
vt 0.20133750140666962 0.007274493109434843
vt 0.21150214970111847 0.24188034236431122
vt 0.21150214970111847 0.3189176917076111
vt 0.20866374671459198 0.3189176917076111
vt 0.20866374671459198 0.3189176917076111
vt 0.20866374671459198 0.24188034236431122
vt 0.21150214970111847 0.24188034236431122
vt 0.24332986772060394 0.15568502247333527
vt 0.2433425337076187 0.11584805697202682
vt 0.24620561301708221 0.11584774404764175
vt 0.24620561301708221 0.11584774404764175
vt 0.2461930364370346 0.1556847244501114
vt 0.24332986772060394 0.15568502247333527
vt 0.2560300827026367 0.007274491246789694
vt 0.20133750140666962 0.007274493109434843
vt 0.20133750140666962 0.004452973138540983
vt 0.20133750140666962 0.004452973138540983
vt 0.2560300827026367 0.004452970810234547
vt 0.2560300827026367 0.007274491246789694
vt 0.3157605826854706 0.3167611360549927
vt 0.3157479465007782 0.2769327759742737
vt 0.31861114501953125 0.27693313360214233
vt 0.31861114501953125 0.27693313360214233
vt 0.318623811006546 0.31676143407821655
vt 0.3157605826854706 0.3167611360549927
vt 0.21150214970111847 0.3189176917076111
vt 0.21150214970111847 0.372735857963562
vt 0.20866374671459198 0.372735857963562
vt 0.20866374671459198 0.372735857963562
vt 0.20866374671459198 0.3189176917076111
vt 0.21150214970111847 0.3189176917076111
vt 0.2433425337076187 0.11584805697202682
vt 0.24336613714694977 0.0744485855102539
vt 0.24622924625873566 0.07444826513528824
vt 0.24622924625873566 0.07444826513528824
vt 0.24620561301708221 0.11584774404764175
vt 0.2433425337076187 0.11584805697202682
vt 0.21150214970111847 0.03798309341073036
vt 0.21150214970111847 0.09180118143558502
vt 0.20866374671459198 0.09180118143558502
vt 0.20866374671459198 0.09180118143558502
vt 0.20866374671459198 0.037983089685440063
vt 0.21150214970111847 0.03798309341073036
vt 0.3157842457294464 0.358145534992218
vt 0.3157605826854706 0.3167611360549927
vt 0.318623811006546 0.31676143407821655
vt 0.318623811006546 0.31676143407821655
vt 0.31864747405052185 0.3581458330154419
vt 0.3157842457294464 0.358145534992218
vt 0.2434137612581253 0.39346855878829956
vt 0.24337665736675262 0.36281484365463257
vt 0.2462397664785385 0.3628145456314087
vt 0.2462397664785385 0.3628145456314087
vt 0.2462768703699112 0.3934682607650757
vt 0.2434137612581253 0.39346855878829956
vt 0.24336613714694977 0.0744485855102539
vt 0.2434137612581253 0.031850665807724
vt 0.2462768703699112 0.03185034915804863
vt 0.2462768703699112 0.03185034915804863
vt 0.24622924625873566 0.07444826513528824
vt 0.24336613714694977 0.0744485855102539
vt 0.31579479575157166 0.0697830393910408
vt 0.3158319592475891 0.039108969271183014
vt 0.31869515776634216 0.03910922259092331
vt 0.31869515776634216 0.03910922259092331
vt 0.3186579644680023 0.06978335231542587
vt 0.31579479575157166 0.0697830393910408
vt 0.3158319294452667 0.4007143974304199
vt 0.3157842457294464 0.358145534992218
vt 0.31864747405052185 0.3581458330154419
vt 0.31864747405052185 0.3581458330154419
vt 0.31869518756866455 0.4007146954536438
vt 0.3158319294452667 0.4007143974304199
vt 0.24337665736675262 0.36281484365463257
vt 0.24334760010242462 0.32841938734054565
vt 0.2462107092142105 0.3284190893173218
vt 0.2462107092142105 0.3284190893173218
vt 0.2462397664785385 0.3628145456314087
vt 0.24337665736675262 0.36281484365463257
vt 0.3652542531490326 0.007274455390870571
vt 0.3272346556186676 0.00727445725351572
vt 0.3272346556186676 0.0044529675506055355
vt 0.3272346556186676 0.0044529675506055355
vt 0.3652542531490326 0.004452934954315424
vt 0.3652542531490326 0.007274455390870571
vt 0.31576570868492126 0.10419414937496185
vt 0.31579479575157166 0.0697830393910408
vt 0.3186579644680023 0.06978335231542587
vt 0.3186579644680023 0.06978335231542587
vt 0.31862887740135193 0.10419447720050812
vt 0.31576570868492126 0.10419414937496185
vt 0.13013295829296112 0.007274465635418892
vt 0.09211331605911255 0.007274467032402754
vt 0.09211331605911255 0.004452977795153856
vt 0.09211331605911255 0.004452977795153856
vt 0.13013295829296112 0.004452975932508707
vt 0.13013295829296112 0.007274465635418892
vt 0.24334760010242462 0.32841938734054565
vt 0.2433336228132248 0.2908247709274292
vt 0.24619673192501068 0.2908245325088501
vt 0.24619673192501068 0.2908245325088501
vt 0.2462107092142105 0.3284190893173218
vt 0.24334760010242462 0.32841938734054565
vt 0.022149547934532166 0.837980329990387
vt 0.017412051558494568 0.8097617626190186
vt 0.017412051558494568 0.7553809285163879
vt 0.017412051558494568 0.7553809285163879
vt 0.022149547934532166 0.7271624207496643
vt 0.022149547934532166 0.837980329990387
vt 0.44904905557632446 0.8948093056678772
vt 0.4105778932571411 0.9480016231536865
vt 0.4105778932571411 0.6171409487724304
vt 0.4105778932571411 0.6171409487724304
vt 0.44904905557632446 0.6703333258628845
vt 0.44904905557632446 0.7464749813079834
vt 0.44904905557632446 0.7464749813079834
vt 0.44904905557632446 0.8193456530570984
vt 0.44904905557632446 0.8948093056678772
vt 0.44904905557632446 0.8948093056678772
vt 0.4105778932571411 0.6171409487724304
vt 0.44904905557632446 0.7464749813079834
vt 0.4105778932571411 0.9480016231536865
vt 0.3803519010543823 0.9712429046630859
vt 0.3803519010543823 0.5938998460769653
vt 0.3803519010543823 0.5938998460769653
vt 0.4105778932571411 0.6171409487724304
vt 0.4105778932571411 0.9480016231536865
vt 0.3803519010543823 0.9712429046630859
vt 0.34652048349380493 0.9885720014572144
vt 0.34652042388916016 0.5765706300735474
vt 0.34652042388916016 0.5765706300735474
vt 0.3803519010543823 0.5938998460769653
vt 0.3803519010543823 0.9712429046630859
vt 0.34652048349380493 0.9885720014572144
vt 0.3096611201763153 0.995191216468811
vt 0.3096611201763153 0.5699514150619507
vt 0.3096611201763153 0.5699514150619507
vt 0.34652042388916016 0.5765706300735474
vt 0.34652048349380493 0.9885720014572144
vt 0.3096611201763153 0.995191216468811
vt 0.2401404231786728 0.9965698719024658
vt 0.2401403784751892 0.5685728192329407
vt 0.2401403784751892 0.5685728192329407
vt 0.3096611201763153 0.5699514150619507
vt 0.3096611201763153 0.995191216468811
vt 0.2401404231786728 0.9965698719024658
vt 0.17747589945793152 0.9867081046104431
vt 0.17747583985328674 0.5784346461296082
vt 0.17747583985328674 0.5784346461296082
vt 0.2401403784751892 0.5685728192329407
vt 0.2401404231786728 0.9965698719024658
vt 0.17747589945793152 0.9867081046104431
vt 0.1386016607284546 0.9746805429458618
vt 0.13860151171684265 0.5904621481895447
vt 0.13860151171684265 0.5904621481895447
vt 0.17747583985328674 0.5784346461296082
vt 0.17747589945793152 0.9867081046104431
vt 0.1386016607284546 0.9746805429458618
vt 0.09827294945716858 0.9548971652984619
vt 0.098272904753685 0.6102455854415894
vt 0.098272904753685 0.6102455854415894
vt 0.13860151171684265 0.5904621481895447
vt 0.1386016607284546 0.9746805429458618
vt 0.09827294945716858 0.9548971652984619
vt 0.056932687759399414 0.9183633327484131
vt 0.05693264305591583 0.6467792987823486
vt 0.05693264305591583 0.6467792987823486
vt 0.098272904753685 0.6102455854415894
vt 0.09827294945716858 0.9548971652984619
vt 0.056932687759399414 0.9183633327484131
vt 0.033743903040885925 0.8805603981018066
vt 0.033743903040885925 0.6845822334289551
vt 0.033743903040885925 0.6845822334289551
vt 0.05693264305591583 0.6467792987823486
vt 0.056932687759399414 0.9183633327484131
vt 0.033743903040885925 0.8805603981018066
vt 0.022149547934532166 0.837980329990387
vt 0.022149547934532166 0.7271624207496643
vt 0.022149547934532166 0.7271624207496643
vt 0.033743903040885925 0.6845822334289551
vt 0.033743903040885925 0.8805603981018066
vt 0.007274452596902847 0.13013295829296112
vt 0.007274456787854433 0.17295728623867035
vt 0.004452967084944248 0.17295728623867035
vt 0.004452967084944248 0.17295728623867035
vt 0.0044529321603477 0.1301330178976059
vt 0.007274452596902847 0.13013295829296112
vt 0.3302716612815857 0.3038216829299927
vt 0.3302575945854187 0.3414231240749359
vt 0.32739439606666565 0.3414228558540344
vt 0.32739439606666565 0.3414228558540344
vt 0.32740846276283264 0.3038213551044464
vt 0.3302716612815857 0.3038216829299927
vt 0.007274466101080179 0.28441041707992554
vt 0.007274469826370478 0.32723468542099
vt 0.00445298058912158 0.32723468542099
vt 0.00445298058912158 0.32723468542099
vt 0.004452976398169994 0.28441041707992554
vt 0.007274466101080179 0.28441041707992554
vt 0.30416491627693176 0.29372167587280273
vt 0.30415451526641846 0.2227044403553009
vt 0.30701765418052673 0.22270412743091583
vt 0.30701765418052673 0.22270412743091583
vt 0.30702802538871765 0.29372137784957886
vt 0.30416491627693176 0.29372167587280273
vt 0.007274456787854433 0.17295728623867035
vt 0.007274489849805832 0.2013375163078308
vt 0.004452969413250685 0.2013375163078308
vt 0.004452969413250685 0.2013375163078308
vt 0.004452967084944248 0.17295728623867035
vt 0.007274456787854433 0.17295728623867035
vt 0.330282062292099 0.2328009158372879
vt 0.3302716612815857 0.3038216829299927
vt 0.32740846276283264 0.3038213551044464
vt 0.32740846276283264 0.3038213551044464
vt 0.32741880416870117 0.23280061781406403
vt 0.330282062292099 0.2328009158372879
vt 0.30415451526641846 0.2227044403553009
vt 0.3041611611843109 0.1585816890001297
vt 0.3070243000984192 0.15858136117458344
vt 0.3070243000984192 0.15858136117458344
vt 0.30701765418052673 0.22270412743091583
vt 0.30415451526641846 0.2227044403553009
vt 0.2317792773246765 0.1652560830116272
vt 0.2317792773246765 0.23898325860500336
vt 0.22894082963466644 0.23898325860500336
vt 0.22894082963466644 0.23898325860500336
vt 0.2289409041404724 0.1652560830116272
vt 0.2317792773246765 0.1652560830116272
vt 0.2317792773246765 0.08890541642904282
vt 0.2317792773246765 0.1652560830116272
vt 0.2289409041404724 0.1652560830116272
vt 0.2289409041404724 0.1652560830116272
vt 0.22894082963466644 0.08890541642904282
vt 0.2317792773246765 0.08890541642904282
vt 0.33027535676956177 0.1686842292547226
vt 0.330282062292099 0.2328009158372879
vt 0.32741880416870117 0.23280061781406403
vt 0.32741880416870117 0.23280061781406403
vt 0.3274121582508087 0.16868393123149872
vt 0.33027535676956177 0.1686842292547226
vt 0.007274463772773743 0.2560300827026367
vt 0.007274466101080179 0.28441041707992554
vt 0.004452976398169994 0.28441041707992554
vt 0.004452976398169994 0.28441041707992554
vt 0.004452974069863558 0.2560300827026367
vt 0.007274463772773743 0.2560300827026367
vt 0.2317792773246765 0.23898325860500336
vt 0.2317792773246765 0.3160199522972107
vt 0.22894082963466644 0.3160199522972107
vt 0.22894082963466644 0.3160199522972107
vt 0.22894082963466644 0.23898325860500336
vt 0.2317792773246765 0.23898325860500336
vt 0.3041611611843109 0.1585816890001297
vt 0.3041738271713257 0.11874464154243469
vt 0.3070369064807892 0.11874431371688843
vt 0.3070369064807892 0.11874431371688843
vt 0.3070243000984192 0.15858136117458344
vt 0.3041611611843109 0.1585816890001297
vt 0.007274489849805832 0.2013375163078308
vt 0.007274463772773743 0.2560300827026367
vt 0.004452974069863558 0.2560300827026367
vt 0.004452974069863558 0.2560300827026367
vt 0.004452969413250685 0.2013375163078308
vt 0.007274489849805832 0.2013375163078308
vt 0.3302627205848694 0.1288558542728424
vt 0.33027535676956177 0.1686842292547226
vt 0.3274121582508087 0.16868393123149872
vt 0.3274121582508087 0.16868393123149872
vt 0.32739949226379395 0.12885554134845734
vt 0.3302627205848694 0.1288558542728424
vt 0.2317792773246765 0.3160199522972107
vt 0.2317792773246765 0.36983758211135864
vt 0.22894082963466644 0.36983758211135864
vt 0.22894082963466644 0.36983758211135864
vt 0.22894082963466644 0.3160199522972107
vt 0.2317792773246765 0.3160199522972107
vt 0.3041738271713257 0.11874464154243469
vt 0.30419743061065674 0.0773450955748558
vt 0.3070605397224426 0.07734478265047073
vt 0.3070605397224426 0.07734478265047073
vt 0.3070369064807892 0.11874431371688843
vt 0.3041738271713257 0.11874464154243469
vt 0.2317792773246765 0.035087794065475464
vt 0.2317792773246765 0.08890541642904282
vt 0.22894082963466644 0.08890541642904282
vt 0.22894082963466644 0.08890541642904282
vt 0.22894082963466644 0.035087794065475464
vt 0.2317792773246765 0.035087794065475464
vt 0.33023902773857117 0.08747144043445587
vt 0.3302627205848694 0.1288558542728424
vt 0.32739949226379395 0.12885554134845734
vt 0.32739949226379395 0.12885554134845734
vt 0.3273758292198181 0.08747114986181259
vt 0.33023902773857117 0.08747144043445587
vt 0.3042450547218323 0.39636552333831787
vt 0.3042079508304596 0.36571186780929565
vt 0.3070710599422455 0.3657115697860718
vt 0.3070710599422455 0.3657115697860718
vt 0.30710819363594055 0.396365225315094
vt 0.3042450547218323 0.39636552333831787
vt 0.30419743061065674 0.0773450955748558
vt 0.3042450547218323 0.03474711254239082
vt 0.30710819363594055 0.034746792167425156
vt 0.30710819363594055 0.034746792167425156
vt 0.3070605397224426 0.07734478265047073
vt 0.30419743061065674 0.0773450955748558
vt 0.3302285671234131 0.37583428621292114
vt 0.33019137382507324 0.4065084159374237
vt 0.3273281455039978 0.4065081477165222
vt 0.3273281455039978 0.4065081477165222
vt 0.32736536860466003 0.37583398818969727
vt 0.3302285671234131 0.37583428621292114
vt 0.33019131422042847 0.04490248113870621
vt 0.33023902773857117 0.08747144043445587
vt 0.3273758292198181 0.08747114986181259
vt 0.3273758292198181 0.08747114986181259
vt 0.3273281455039978 0.04490218684077263
vt 0.33019131422042847 0.04490248113870621
vt 0.3042079508304596 0.36571186780929565
vt 0.304178923368454 0.33131635189056396
vt 0.30704203248023987 0.3313160538673401
vt 0.30704203248023987 0.3313160538673401
vt 0.3070710599422455 0.3657115697860718
vt 0.3042079508304596 0.36571186780929565
vt 0.007274449337273836 0.09211331605911255
vt 0.007274452596902847 0.13013295829296112
vt 0.0044529321603477 0.1301330178976059
vt 0.0044529321603477 0.1301330178976059
vt 0.004452928900718689 0.09211331605911255
vt 0.007274449337273836 0.09211331605911255
vt 0.3302575945854187 0.3414231240749359
vt 0.3302285671234131 0.37583428621292114
vt 0.32736536860466003 0.37583398818969727
vt 0.32736536860466003 0.37583398818969727
vt 0.32739439606666565 0.3414228558540344
vt 0.3302575945854187 0.3414231240749359
vt 0.007274469826370478 0.32723468542099
vt 0.007274473551660776 0.365254282951355
vt 0.004452983848750591 0.365254282951355
vt 0.004452983848750591 0.365254282951355
vt 0.00445298058912158 0.32723468542099
vt 0.007274469826370478 0.32723468542099
vt 0.304178923368454 0.33131635189056396
vt 0.30416491627693176 0.29372167587280273
vt 0.30702802538871765 0.29372137784957886
vt 0.30702802538871765 0.29372137784957886
vt 0.30704203248023987 0.3313160538673401
vt 0.304178923368454 0.33131635189056396
vt 0.8107569813728333 0.2854577898979187
vt 0.8107488751411438 0.35664141178131104
vt 0.7883707284927368 0.35664206743240356
vt 0.7883707284927368 0.35664206743240356
vt 0.7883785963058472 0.28545844554901123
vt 0.8107569813728333 0.2854577898979187
vt 0.03477231785655022 0.09572482109069824
vt 0.03477230295538902 0.08272363245487213
vt 0.052166134119033813 0.08272363245487213
vt 0.052166134119033813 0.08272363245487213
vt 0.05216614902019501 0.09572482109069824
vt 0.03477231785655022 0.09572482109069824
vt 0.8217559456825256 0.3800469636917114
vt 0.8217540979385376 0.30890947580337524
vt 0.8441317677497864 0.3089102506637573
vt 0.8441317677497864 0.3089102506637573
vt 0.8441336154937744 0.3800477385520935
vt 0.8217559456825256 0.3800469636917114
vt 0.03477230295538902 0.08272363245487213
vt 0.03477230295538902 0.01651444472372532
vt 0.052166130393743515 0.01651444472372532
vt 0.052166130393743515 0.01651444472372532
vt 0.052166134119033813 0.08272363245487213
vt 0.03477230295538902 0.08272363245487213
vt 0.8107567429542542 0.1593179851770401
vt 0.8107587099075317 0.21431590616703033
vt 0.78838050365448 0.21431662142276764
vt 0.78838050365448 0.21431662142276764
vt 0.7883782982826233 0.15931858122348785
vt 0.8107567429542542 0.1593179851770401
vt 0.8107587099075317 0.21431590616703033
vt 0.8107569813728333 0.2854577898979187
vt 0.7883785963058472 0.28545844554901123
vt 0.7883785963058472 0.28545844554901123
vt 0.78838050365448 0.21431662142276764
vt 0.8107587099075317 0.21431590616703033
vt 0.8217639327049255 0.45122265815734863
vt 0.8217559456825256 0.3800469636917114
vt 0.8441336154937744 0.3800477385520935
vt 0.8441336154937744 0.3800477385520935
vt 0.8441416025161743 0.45122337341308594
vt 0.8217639327049255 0.45122265815734863
vt 0.8107485175132751 0.3681027293205261
vt 0.8107519149780273 0.37442851066589355
vt 0.7883735299110413 0.37442922592163086
vt 0.7883735299110413 0.37442922592163086
vt 0.7883703708648682 0.36810338497161865
vt 0.8107485175132751 0.3681027293205261
vt 0.03477230295538902 0.01651444472372532
vt 0.03477231785655022 0.0035132411867380142
vt 0.05216611921787262 0.0035132411867380142
vt 0.05216611921787262 0.0035132411867380142
vt 0.052166130393743515 0.01651444472372532
vt 0.03477230295538902 0.01651444472372532
vt 0.8217540979385376 0.30890947580337524
vt 0.8217561841011047 0.2539128065109253
vt 0.8441339135169983 0.2539135813713074
vt 0.8441339135169983 0.2539135813713074
vt 0.8441317677497864 0.3089102506637573
vt 0.8217540979385376 0.30890947580337524
vt 0.8217610120773315 0.4690106511116028
vt 0.8217642903327942 0.4626833200454712
vt 0.844141960144043 0.4626839756965637
vt 0.844141960144043 0.4626839756965637
vt 0.8441386818885803 0.4690113067626953
vt 0.8217610120773315 0.4690106511116028
vt 0.8107488751411438 0.35664141178131104
vt 0.8107485175132751 0.3681027293205261
vt 0.7883703708648682 0.36810338497161865
vt 0.7883703708648682 0.36810338497161865
vt 0.7883707284927368 0.35664206743240356
vt 0.8107488751411438 0.35664141178131104
vt 0.8217642903327942 0.4626833200454712
vt 0.8217639327049255 0.45122265815734863
vt 0.8441416025161743 0.45122337341308594
vt 0.8441416025161743 0.45122337341308594
vt 0.844141960144043 0.4626839756965637
vt 0.8217642903327942 0.4626833200454712
vt 0.5002967119216919 0.17940258979797363
vt 0.5002974271774292 0.16262996196746826
vt 0.5044694542884827 0.16143159568309784
vt 0.5044694542884827 0.16143159568309784
vt 0.5044679045677185 0.17813050746917725
vt 0.5002967119216919 0.17940258979797363
vt 0.49724313616752625 0.18287818133831024
vt 0.49724334478378296 0.1659039556980133
vt 0.5002974271774292 0.16262996196746826
vt 0.5002974271774292 0.16262996196746826
vt 0.5002967119216919 0.17940258979797363
vt 0.49724313616752625 0.18287818133831024
vt 0.6574438214302063 0.05796036124229431
vt 0.6395303010940552 0.06457772850990295
vt 0.6348857879638672 0.06463396549224854
vt 0.6348857879638672 0.06463396549224854
vt 0.652513325214386 0.0580165833234787
vt 0.6574438214302063 0.05796036124229431
vt 0.34757494926452637 0.42058321833610535
vt 0.3475744426250458 0.41464611887931824
vt 0.35149744153022766 0.41465678811073303
vt 0.35149744153022766 0.41465678811073303
vt 0.3514956831932068 0.42059412598609924
vt 0.34757494926452637 0.42058321833610535
vt 0.6348857879638672 0.06463396549224854
vt 0.6326313018798828 0.07120582461357117
vt 0.6292885541915894 0.07135948538780212
vt 0.6292885541915894 0.07135948538780212
vt 0.6314858198165894 0.06478746235370636
vt 0.6348857879638672 0.06463396549224854
vt 0.6395303010940552 0.06457772850990295
vt 0.6371974349021912 0.07114960253238678
vt 0.6326313018798828 0.07120582461357117
vt 0.6326313018798828 0.07120582461357117
vt 0.6348857879638672 0.06463396549224854
vt 0.6395303010940552 0.06457772850990295
vt 0.500297486782074 0.2786708474159241
vt 0.5002966523170471 0.26189810037612915
vt 0.5044679045677185 0.2631702125072479
vt 0.5044679045677185 0.2631702125072479
vt 0.5044695138931274 0.2798691391944885
vt 0.500297486782074 0.2786708474159241
vt 0.49724334478378296 0.27539703249931335
vt 0.49724313616752625 0.25842270255088806
vt 0.5002966523170471 0.26189810037612915
vt 0.5002966523170471 0.26189810037612915
vt 0.500297486782074 0.2786708474159241
vt 0.49724334478378296 0.27539703249931335
vt 0.7439484596252441 0.06457772850990295
vt 0.7260348200798035 0.05796036124229431
vt 0.7309651970863342 0.0580165833234787
vt 0.7309651970863342 0.0580165833234787
vt 0.748592734336853 0.06463396549224854
vt 0.7439484596252441 0.06457772850990295
vt 0.6111590266227722 0.3649308681488037
vt 0.6111583113670349 0.3713463544845581
vt 0.6069228053092957 0.3713570535182953
vt 0.6069228053092957 0.3713570535182953
vt 0.6069209575653076 0.36494147777557373
vt 0.6111590266227722 0.3649308681488037
vt 0.7508472800254822 0.07120580971240997
vt 0.748592734336853 0.06463396549224854
vt 0.7519925832748413 0.06478753685951233
vt 0.7519925832748413 0.06478753685951233
vt 0.7541897296905518 0.07135947048664093
vt 0.7508472800254822 0.07120580971240997
vt 0.7462813258171082 0.07114957273006439
vt 0.7439484596252441 0.06457772850990295
vt 0.748592734336853 0.06463396549224854
vt 0.748592734336853 0.06463396549224854
vt 0.7508472800254822 0.07120580971240997
vt 0.7462813258171082 0.07114957273006439
vt 0.3475744426250458 0.41464611887931824
vt 0.34757930040359497 0.40388885140419006
vt 0.3515062928199768 0.4038994610309601
vt 0.3515062928199768 0.4038994610309601
vt 0.35149744153022766 0.41465678811073303
vt 0.3475744426250458 0.41464611887931824
vt 0.6326313018798828 0.07120582461357117
vt 0.6332379579544067 0.08306856453418732
vt 0.6299392580986023 0.0832223892211914
vt 0.6299392580986023 0.0832223892211914
vt 0.6292885541915894 0.07135948538780212
vt 0.6326313018798828 0.07120582461357117
vt 0.6371974349021912 0.07114960253238678
vt 0.6377442479133606 0.08301225304603577
vt 0.6332379579544067 0.08306856453418732
vt 0.6332379579544067 0.08306856453418732
vt 0.6326313018798828 0.07120582461357117
vt 0.6371974349021912 0.07114960253238678
vt 0.6111539006233215 0.3533105254173279
vt 0.6111590266227722 0.3649308681488037
vt 0.6069209575653076 0.36494147777557373
vt 0.6069209575653076 0.36494147777557373
vt 0.6069115400314331 0.3533209562301636
vt 0.6111539006233215 0.3533105254173279
vt 0.7502406239509583 0.08306856453418732
vt 0.7508472800254822 0.07120580971240997
vt 0.7541897296905518 0.07135947048664093
vt 0.7541897296905518 0.07135947048664093
vt 0.7535391449928284 0.0832223892211914
vt 0.7502406239509583 0.08306856453418732
vt 0.745734691619873 0.08301225304603577
vt 0.7462813258171082 0.07114957273006439
vt 0.7508472800254822 0.07120580971240997
vt 0.7508472800254822 0.07120580971240997
vt 0.7502406239509583 0.08306856453418732
vt 0.745734691619873 0.08301225304603577
vt 0.34757930040359497 0.40388885140419006
vt 0.34759578108787537 0.3370773494243622
vt 0.35152894258499146 0.3370879292488098
vt 0.35152894258499146 0.3370879292488098
vt 0.3515062928199768 0.4038994610309601
vt 0.34757930040359497 0.40388885140419006
vt 0.6332379579544067 0.08306856453418732
vt 0.6413814425468445 0.15670573711395264
vt 0.6381164193153381 0.15685981512069702
vt 0.6381164193153381 0.15685981512069702
vt 0.6299392580986023 0.0832223892211914
vt 0.6332379579544067 0.08306856453418732
vt 0.6377442479133606 0.08301225304603577
vt 0.6458414196968079 0.15664935111999512
vt 0.6413814425468445 0.15670573711395264
vt 0.6413814425468445 0.15670573711395264
vt 0.6332379579544067 0.08306856453418732
vt 0.6377442479133606 0.08301225304603577
vt 0.6111234426498413 0.20901241898536682
vt 0.6111369132995605 0.28114214539527893
vt 0.6068880558013916 0.2811524271965027
vt 0.6068880558013916 0.2811524271965027
vt 0.6068653464317322 0.2090226709842682
vt 0.6111234426498413 0.20901241898536682
vt 0.7384209036827087 0.23034299910068512
vt 0.7420970797538757 0.1567057967185974
vt 0.745361864566803 0.15685978531837463
vt 0.745361864566803 0.15685978531837463
vt 0.7416597008705139 0.2304973006248474
vt 0.7384209036827087 0.23034299910068512
vt 0.7339963912963867 0.23028643429279327
vt 0.7376374006271362 0.15664935111999512
vt 0.7420970797538757 0.1567057967185974
vt 0.7420970797538757 0.1567057967185974
vt 0.7384209036827087 0.23034299910068512
vt 0.7339963912963867 0.23028643429279327
vt 0.34760913252830505 0.2703050673007965
vt 0.34762123227119446 0.21868503093719482
vt 0.35157471895217896 0.21869537234306335
vt 0.35157471895217896 0.21869537234306335
vt 0.35155078768730164 0.2703154683113098
vt 0.34760913252830505 0.2703050673007965
vt 0.6450577974319458 0.23034295439720154
vt 0.6453048586845398 0.2872951328754425
vt 0.6420847773551941 0.28745004534721375
vt 0.6420847773551941 0.28745004534721375
vt 0.6418185830116272 0.2304973006248474
vt 0.6450577974319458 0.23034295439720154
vt 0.6494826674461365 0.23028644919395447
vt 0.6497033834457397 0.2872384190559387
vt 0.6453048586845398 0.2872951328754425
vt 0.6453048586845398 0.2872951328754425
vt 0.6450577974319458 0.23034295439720154
vt 0.6494826674461365 0.23028644919395447
vt 0.34759578108787537 0.3370773494243622
vt 0.34760913252830505 0.2703050673007965
vt 0.35155078768730164 0.2703154683113098
vt 0.35155078768730164 0.2703154683113098
vt 0.35152894258499146 0.3370879292488098
vt 0.34759578108787537 0.3370773494243622
vt 0.6413814425468445 0.15670573711395264
vt 0.6450577974319458 0.23034295439720154
vt 0.6418185830116272 0.2304973006248474
vt 0.6418185830116272 0.2304973006248474
vt 0.6381164193153381 0.15685981512069702
vt 0.6413814425468445 0.15670573711395264
vt 0.6458414196968079 0.15664935111999512
vt 0.6494826674461365 0.23028644919395447
vt 0.6450577974319458 0.23034295439720154
vt 0.6450577974319458 0.23034295439720154
vt 0.6413814425468445 0.15670573711395264
vt 0.6458414196968079 0.15664935111999512
vt 0.6111369132995605 0.28114214539527893
vt 0.6111539006233215 0.3533105254173279
vt 0.6069115400314331 0.3533209562301636
vt 0.6069115400314331 0.3533209562301636
vt 0.6068880558013916 0.2811524271965027
vt 0.6111369132995605 0.28114214539527893
vt 0.7420970797538757 0.1567057967185974
vt 0.7502406239509583 0.08306856453418732
vt 0.7535391449928284 0.0832223892211914
vt 0.7535391449928284 0.0832223892211914
vt 0.745361864566803 0.15685978531837463
vt 0.7420970797538757 0.1567057967185974
vt 0.7376374006271362 0.15664935111999512
vt 0.745734691619873 0.08301225304603577
vt 0.7502406239509583 0.08306856453418732
vt 0.7502406239509583 0.08306856453418732
vt 0.7420970797538757 0.1567057967185974
vt 0.7376374006271362 0.15664935111999512
vt 0.611111044883728 0.1532486528158188
vt 0.6111234426498413 0.20901241898536682
vt 0.6068653464317322 0.2090226709842682
vt 0.6068653464317322 0.2090226709842682
vt 0.606840193271637 0.15325884521007538
vt 0.611111044883728 0.1532486528158188
vt 0.7381739020347595 0.2872951328754425
vt 0.7384209036827087 0.23034299910068512
vt 0.7416597008705139 0.2304973006248474
vt 0.7416597008705139 0.2304973006248474
vt 0.7413936257362366 0.28745004534721375
vt 0.7381739020347595 0.2872951328754425
vt 0.7337757349014282 0.2872385084629059
vt 0.7339963912963867 0.23028643429279327
vt 0.7384209036827087 0.23034299910068512
vt 0.7384209036827087 0.23034299910068512
vt 0.7381739020347595 0.2872951328754425
vt 0.7337757349014282 0.2872385084629059
vt 0.35181668400764465 0.1380973905324936
vt 0.3569394052028656 0.1250169575214386
vt 0.3609752357006073 0.12502720952033997
vt 0.3609752357006073 0.12502720952033997
vt 0.3558324873447418 0.13810765743255615
vt 0.35181668400764465 0.1380973905324936
vt 0.3488799035549164 0.1380695104598999
vt 0.35398805141448975 0.1249891072511673
vt 0.3569394052028656 0.1250169575214386
vt 0.3569394052028656 0.1250169575214386
vt 0.35181668400764465 0.1380973905324936
vt 0.3488799035549164 0.1380695104598999
vt 0.6530100107192993 0.3763425648212433
vt 0.6529964208602905 0.3910478353500366
vt 0.6486487984657288 0.39110562205314636
vt 0.6486487984657288 0.39110562205314636
vt 0.6486555337905884 0.3764001429080963
vt 0.6530100107192993 0.3763425648212433
vt 0.3569394052028656 0.1250169575214386
vt 0.3632120192050934 0.10937093198299408
vt 0.36725521087646484 0.10938113927841187
vt 0.36725521087646484 0.10938113927841187
vt 0.3609752357006073 0.12502720952033997
vt 0.3569394052028656 0.1250169575214386
vt 0.35398805141448975 0.1249891072511673
vt 0.3602551817893982 0.10934311151504517
vt 0.3632120192050934 0.10937093198299408
vt 0.3632120192050934 0.10937093198299408
vt 0.3569394052028656 0.1250169575214386
vt 0.35398805141448975 0.1249891072511673
vt 0.6529964208602905 0.3910478353500366
vt 0.6529886722564697 0.408645898103714
vt 0.6486449837684631 0.40870389342308044
vt 0.6486449837684631 0.40870389342308044
vt 0.6486487984657288 0.39110562205314636
vt 0.6529964208602905 0.3910478353500366
vt 0.3632120192050934 0.10937093198299408
vt 0.3688935935497284 0.08719031512737274
vt 0.3723493814468384 0.08720052242279053
vt 0.3723493814468384 0.08720052242279053
vt 0.36725521087646484 0.10938113927841187
vt 0.3632120192050934 0.10937093198299408
vt 0.6486449837684631 0.40870389342308044
vt 0.6486437320709229 0.43363091349601746
vt 0.6454647779464722 0.4336391091346741
vt 0.6454647779464722 0.4336391091346741
vt 0.6454651355743408 0.40886232256889343
vt 0.6486449837684631 0.40870389342308044
vt 0.6529886722564697 0.408645898103714
vt 0.6529862284660339 0.433623343706131
vt 0.6486437320709229 0.43363091349601746
vt 0.6486437320709229 0.43363091349601746
vt 0.6486449837684631 0.40870389342308044
vt 0.6529886722564697 0.408645898103714
vt 0.3476414978504181 0.16703763604164124
vt 0.34817519783973694 0.152567520737648
vt 0.35216599702835083 0.15257777273654938
vt 0.35216599702835083 0.15257777273654938
vt 0.3516109585762024 0.16704796254634857
vt 0.3476414978504181 0.16703763604164124
vt 0.34473860263824463 0.16700959205627441
vt 0.3452567756175995 0.15253955125808716
vt 0.34817519783973694 0.152567520737648
vt 0.34817519783973694 0.152567520737648
vt 0.3476414978504181 0.16703763604164124
vt 0.34473860263824463 0.16700959205627441
vt 0.6530591249465942 0.3441905379295349
vt 0.6530303359031677 0.36018356680870056
vt 0.648665726184845 0.36024078726768494
vt 0.648665726184845 0.36024078726768494
vt 0.6486802697181702 0.3442475199699402
vt 0.6530591249465942 0.3441905379295349
vt 0.34762123227119446 0.21868503093719482
vt 0.3476414978504181 0.16703763604164124
vt 0.3516109585762024 0.16704796254634857
vt 0.3516109585762024 0.16704796254634857
vt 0.35157471895217896 0.21869537234306335
vt 0.34762123227119446 0.21868503093719482
vt 0.6453048586845398 0.2872951328754425
vt 0.6486802697181702 0.3442475199699402
vt 0.6454745531082153 0.3444029688835144
vt 0.6454745531082153 0.3444029688835144
vt 0.6420847773551941 0.28745004534721375
vt 0.6453048586845398 0.2872951328754425
vt 0.6497033834457397 0.2872384190559387
vt 0.6530591249465942 0.3441905379295349
vt 0.6486802697181702 0.3442475199699402
vt 0.6486802697181702 0.3442475199699402
vt 0.6453048586845398 0.2872951328754425
vt 0.6497033834457397 0.2872384190559387
vt 0.5881341099739075 0.011207889765501022
vt 0.5942714810371399 0.03516921028494835
vt 0.589903712272644 0.035179268568754196
vt 0.589903712272644 0.035179268568754196
vt 0.5844008922576904 0.011217933148145676
vt 0.5881341099739075 0.011207889765501022
vt 0.7357256412506104 0.43363091349601746
vt 0.7357243895530701 0.40870389342308044
vt 0.7389041185379028 0.40886232256889343
vt 0.7389041185379028 0.40886232256889343
vt 0.7389045357704163 0.4336390793323517
vt 0.7357256412506104 0.43363091349601746
vt 0.7313833832740784 0.433623343706131
vt 0.7313808798789978 0.408645898103714
vt 0.7357243895530701 0.40870389342308044
vt 0.7357243895530701 0.40870389342308044
vt 0.7357256412506104 0.43363091349601746
vt 0.7313833832740784 0.433623343706131
vt 0.6065809726715088 0.06620194017887115
vt 0.6105147004127502 0.08183377981185913
vt 0.606203556060791 0.08184382319450378
vt 0.606203556060791 0.08184382319450378
vt 0.6022428274154663 0.06621204316616058
vt 0.6065809726715088 0.06620194017887115
vt 0.6097536087036133 0.06617441773414612
vt 0.613667368888855 0.08180612325668335
vt 0.6105147004127502 0.08183377981185913
vt 0.6105147004127502 0.08183377981185913
vt 0.6065809726715088 0.06620194017887115
vt 0.6097536087036133 0.06617441773414612
vt 0.7313598394393921 0.3763425946235657
vt 0.7313395142555237 0.36018356680870056
vt 0.7357037663459778 0.3602408170700073
vt 0.7357037663459778 0.3602408170700073
vt 0.7357139587402344 0.3764001727104187
vt 0.7313598394393921 0.3763425946235657
vt 0.6110910773277283 0.09746551513671875
vt 0.611111044883728 0.1532486528158188
vt 0.606840193271637 0.15325884521007538
vt 0.606840193271637 0.15325884521007538
vt 0.6068029403686523 0.09747566282749176
vt 0.6110910773277283 0.09746551513671875
vt 0.7356894016265869 0.3442475199699402
vt 0.7381739020347595 0.2872951328754425
vt 0.7413936257362366 0.28745004534721375
vt 0.7413936257362366 0.28745004534721375
vt 0.7388947010040283 0.3444029688835144
vt 0.7356894016265869 0.3442475199699402
vt 0.7313109636306763 0.3441905677318573
vt 0.7337757349014282 0.2872385084629059
vt 0.7381739020347595 0.2872951328754425
vt 0.7381739020347595 0.2872951328754425
vt 0.7356894016265869 0.3442475199699402
vt 0.7313109636306763 0.3441905677318573
vt 0.6010472774505615 0.05207134410738945
vt 0.6065809726715088 0.06620194017887115
vt 0.6022428274154663 0.06621204316616058
vt 0.6022428274154663 0.06621204316616058
vt 0.5966875553131104 0.052081432193517685
vt 0.6010472774505615 0.05207134410738945
vt 0.6042357087135315 0.052043866366147995
vt 0.6097536087036133 0.06617441773414612
vt 0.6065809726715088 0.06620194017887115
vt 0.6065809726715088 0.06620194017887115
vt 0.6010472774505615 0.05207134410738945
vt 0.6042357087135315 0.052043866366147995
vt 0.7313733100891113 0.3910478353500366
vt 0.7313598394393921 0.3763425946235657
vt 0.7357139587402344 0.3764001727104187
vt 0.7357139587402344 0.3764001727104187
vt 0.735720694065094 0.39110568165779114
vt 0.7313733100891113 0.3910478353500366
vt 0.5942714810371399 0.03516921028494835
vt 0.6010472774505615 0.05207134410738945
vt 0.5966875553131104 0.052081432193517685
vt 0.5966875553131104 0.052081432193517685
vt 0.589903712272644 0.035179268568754196
vt 0.5942714810371399 0.03516921028494835
vt 0.5974655747413635 0.035141732543706894
vt 0.6042357087135315 0.052043866366147995
vt 0.6010472774505615 0.05207134410738945
vt 0.6010472774505615 0.05207134410738945
vt 0.5942714810371399 0.03516921028494835
vt 0.5974655747413635 0.035141732543706894
vt 0.7313808798789978 0.408645898103714
vt 0.7313733100891113 0.3910478353500366
vt 0.735720694065094 0.39110568165779114
vt 0.735720694065094 0.39110568165779114
vt 0.7357243895530701 0.40870389342308044
vt 0.7313808798789978 0.408645898103714
vt 0.9418111443519592 0.05995043367147446
vt 0.9588591456413269 0.06635107100009918
vt 0.9543673992156982 0.06629998981952667
vt 0.9543673992156982 0.06629998981952667
vt 0.9370427131652832 0.05989927798509598
vt 0.9418111443519592 0.05995043367147446
vt 0.4968053102493286 0.1262107938528061
vt 0.49680620431900024 0.1460089385509491
vt 0.49320119619369507 0.1421443670988083
vt 0.49320119619369507 0.1421443670988083
vt 0.49320095777511597 0.12210822105407715
vt 0.4968053102493286 0.1262107938528061
vt 0.5017290115356445 0.12771235406398773
vt 0.5017307996749878 0.14742343127727509
vt 0.49680620431900024 0.1460089385509491
vt 0.49680620431900024 0.1460089385509491
vt 0.4968053102493286 0.1262107938528061
vt 0.5017290115356445 0.12771235406398773
vt 0.9588591456413269 0.06635107100009918
vt 0.9610396027565002 0.07270778715610504
vt 0.9566235542297363 0.07265664637088776
vt 0.9566235542297363 0.07265664637088776
vt 0.9543673992156982 0.06629998981952667
vt 0.9588591456413269 0.06635107100009918
vt 0.9621473550796509 0.06649084389209747
vt 0.9642722606658936 0.07284761965274811
vt 0.9610396027565002 0.07270778715610504
vt 0.9610396027565002 0.07270778715610504
vt 0.9588591456413269 0.06635107100009918
vt 0.9621473550796509 0.06649084389209747
vt 0.19573090970516205 0.3479307293891907
vt 0.1957244873046875 0.3430165648460388
vt 0.19897416234016418 0.34300750494003296
vt 0.19897416234016418 0.34300750494003296
vt 0.19897866249084473 0.34792160987854004
vt 0.19573090970516205 0.3479307293891907
vt 0.8488901853561401 0.06635107100009918
vt 0.8659384250640869 0.05995043367147446
vt 0.8707064986228943 0.059899285435676575
vt 0.8707064986228943 0.059899285435676575
vt 0.8533818125724792 0.06629998981952667
vt 0.8488901853561401 0.06635107100009918
vt 0.49680620431900024 0.00903623178601265
vt 0.4968053102493286 0.028834447264671326
vt 0.49320095777511597 0.032936833798885345
vt 0.49320095777511597 0.032936833798885345
vt 0.49320122599601746 0.012900616973638535
vt 0.49680620431900024 0.00903623178601265
vt 0.5017307996749878 0.007621828466653824
vt 0.501728892326355 0.02733290195465088
vt 0.4968053102493286 0.028834447264671326
vt 0.4968053102493286 0.028834447264671326
vt 0.49680620431900024 0.00903623178601265
vt 0.5017307996749878 0.007621828466653824
vt 0.8467098474502563 0.07270778715610504
vt 0.8488901853561401 0.06635107100009918
vt 0.8533818125724792 0.06629998981952667
vt 0.8533818125724792 0.06629998981952667
vt 0.8511255979537964 0.0726565271615982
vt 0.8467098474502563 0.07270778715610504
vt 0.8434771299362183 0.07284761965274811
vt 0.8456021547317505 0.06649090349674225
vt 0.8488901853561401 0.06635107100009918
vt 0.8488901853561401 0.06635107100009918
vt 0.8467098474502563 0.07270778715610504
vt 0.8434771299362183 0.07284761965274811
vt 0.5501275658607483 0.366854190826416
vt 0.5501192808151245 0.37327075004577637
vt 0.5458797216415405 0.3732597827911377
vt 0.5458797216415405 0.3732597827911377
vt 0.5458857417106628 0.36684346199035645
vt 0.5501275658607483 0.366854190826416
vt 0.9610396027565002 0.07270778715610504
vt 0.9604527950286865 0.08418209850788116
vt 0.9560946822166443 0.08413077890872955
vt 0.9560946822166443 0.08413077890872955
vt 0.9566235542297363 0.07265664637088776
vt 0.9610396027565002 0.07270778715610504
vt 0.9642722606658936 0.07284761965274811
vt 0.9636430740356445 0.08432205021381378
vt 0.9604527950286865 0.08418209850788116
vt 0.9604527950286865 0.08418209850788116
vt 0.9610396027565002 0.07270778715610504
vt 0.9642722606658936 0.07284761965274811
vt 0.1957244873046875 0.3430165648460388
vt 0.19571805000305176 0.33411282300949097
vt 0.1989709585905075 0.33410394191741943
vt 0.1989709585905075 0.33410394191741943
vt 0.19897416234016418 0.34300750494003296
vt 0.1957244873046875 0.3430165648460388
vt 0.8472964763641357 0.08418215811252594
vt 0.8467098474502563 0.07270778715610504
vt 0.8511255979537964 0.0726565271615982
vt 0.8511255979537964 0.0726565271615982
vt 0.8516542911529541 0.08413077145814896
vt 0.8472964763641357 0.08418215811252594
vt 0.8441063761711121 0.08432210981845856
vt 0.8434771299362183 0.07284761965274811
vt 0.8467098474502563 0.07270778715610504
vt 0.8467098474502563 0.07270778715610504
vt 0.8472964763641357 0.08418215811252594
vt 0.8441063761711121 0.08432210981845856
vt 0.5501360297203064 0.3552321791648865
vt 0.5501275658607483 0.366854190826416
vt 0.5458857417106628 0.36684346199035645
vt 0.5458857417106628 0.36684346199035645
vt 0.5458897352218628 0.35522156953811646
vt 0.5501360297203064 0.3552321791648865
vt 0.9604527950286865 0.08418209850788116
vt 0.9525769948959351 0.15540803968906403
vt 0.9482636451721191 0.15535666048526764
vt 0.9482636451721191 0.15535666048526764
vt 0.9560946822166443 0.08413077890872955
vt 0.9604527950286865 0.08418209850788116
vt 0.9636430740356445 0.08432205021381378
vt 0.9557346701622009 0.1555483490228653
vt 0.9525769948959351 0.15540803968906403
vt 0.9525769948959351 0.15540803968906403
vt 0.9604527950286865 0.08418209850788116
vt 0.9636430740356445 0.08432205021381378
vt 0.19571805000305176 0.33411282300949097
vt 0.19571320712566376 0.2788139581680298
vt 0.19897112250328064 0.278805136680603
vt 0.19897112250328064 0.278805136680603
vt 0.1989709585905075 0.33410394191741943
vt 0.19571805000305176 0.33411282300949097
vt 0.858727753162384 0.22663410007953644
vt 0.8551722764968872 0.15540805459022522
vt 0.8594853281974792 0.1553567796945572
vt 0.8594853281974792 0.1553567796945572
vt 0.8630067706108093 0.22658266127109528
vt 0.858727753162384 0.22663410007953644
vt 0.8555952906608582 0.22677458822727203
vt 0.8520148396492004 0.1555483490228653
vt 0.8551722764968872 0.15540805459022522
vt 0.8551722764968872 0.15540805459022522
vt 0.858727753162384 0.22663410007953644
vt 0.8555952906608582 0.22677458822727203
vt 0.5501598119735718 0.21091464161872864
vt 0.5501420497894287 0.28305405378341675
vt 0.5458893179893494 0.2830435633659363
vt 0.5458893179893494 0.2830435633659363
vt 0.5458978414535522 0.21090421080589294
vt 0.5501598119735718 0.21091464161872864
vt 0.9490215182304382 0.2266339808702469
vt 0.9487826228141785 0.281721293926239
vt 0.9445286393165588 0.2816697955131531
vt 0.9445286393165588 0.2816697955131531
vt 0.9447420835494995 0.22658266127109528
vt 0.9490215182304382 0.2266339808702469
vt 0.9521541595458984 0.22677458822727203
vt 0.9518967866897583 0.28186237812042236
vt 0.9487826228141785 0.281721293926239
vt 0.9487826228141785 0.281721293926239
vt 0.9490215182304382 0.2266339808702469
vt 0.9521541595458984 0.22677458822727203
vt 0.19569942355155945 0.22354747354984283
vt 0.1956775039434433 0.18082240223884583
vt 0.19895225763320923 0.1808137148618698
vt 0.19895225763320923 0.1808137148618698
vt 0.1989644467830658 0.22353877127170563
vt 0.19569942355155945 0.22354747354984283
vt 0.9525769948959351 0.15540803968906403
vt 0.9490215182304382 0.2266339808702469
vt 0.9447420835494995 0.22658266127109528
vt 0.9447420835494995 0.22658266127109528
vt 0.9482636451721191 0.15535666048526764
vt 0.9525769948959351 0.15540803968906403
vt 0.9557346701622009 0.1555483490228653
vt 0.9521541595458984 0.22677458822727203
vt 0.9490215182304382 0.2266339808702469
vt 0.9490215182304382 0.2266339808702469
vt 0.9525769948959351 0.15540803968906403
vt 0.9557346701622009 0.1555483490228653
vt 0.19571320712566376 0.2788139581680298
vt 0.19569942355155945 0.22354747354984283
vt 0.1989644467830658 0.22353877127170563
vt 0.1989644467830658 0.22353877127170563
vt 0.19897112250328064 0.278805136680603
vt 0.19571320712566376 0.2788139581680298
vt 0.8551722764968872 0.15540805459022522
vt 0.8472964763641357 0.08418215811252594
vt 0.8516542911529541 0.08413077145814896
vt 0.8516542911529541 0.08413077145814896
vt 0.8594853281974792 0.1553567796945572
vt 0.8551722764968872 0.15540805459022522
vt 0.8520148396492004 0.1555483490228653
vt 0.8441063761711121 0.08432210981845856
vt 0.8472964763641357 0.08418215811252594
vt 0.8472964763641357 0.08418215811252594
vt 0.8551722764968872 0.15540805459022522
vt 0.8520148396492004 0.1555483490228653
vt 0.5501420497894287 0.28305405378341675
vt 0.5501360297203064 0.3552321791648865
vt 0.5458897352218628 0.35522156953811646
vt 0.5458897352218628 0.35522156953811646
vt 0.5458893179893494 0.2830435633659363
vt 0.5501420497894287 0.28305405378341675
vt 0.858966588973999 0.281721293926239
vt 0.858727753162384 0.22663410007953644
vt 0.8630067706108093 0.22658266127109528
vt 0.8630067706108093 0.22658266127109528
vt 0.8632200956344604 0.2816697955131531
vt 0.858966588973999 0.281721293926239
vt 0.8558527231216431 0.28186237812042236
vt 0.8555952906608582 0.22677458822727203
vt 0.858727753162384 0.22663410007953644
vt 0.858727753162384 0.22663410007953644
vt 0.858966588973999 0.281721293926239
vt 0.8558527231216431 0.28186237812042236
vt 0.5501881837844849 0.15514340996742249
vt 0.5501598119735718 0.21091464161872864
vt 0.5458978414535522 0.21090421080589294
vt 0.5458978414535522 0.21090421080589294
vt 0.545913577079773 0.15513303875923157
vt 0.5501881837844849 0.15514340996742249
vt 0.9455419778823853 0.36789602041244507
vt 0.9455484747886658 0.38210445642471313
vt 0.9413437843322754 0.3820517659187317
vt 0.9413437843322754 0.3820517659187317
vt 0.9413308501243591 0.3678436279296875
vt 0.9455419778823853 0.36789602041244507
vt 0.19548261165618896 0.1141127496957779
vt 0.19124199450016022 0.10328643023967743
vt 0.19369155168533325 0.10326330363750458
vt 0.19369155168533325 0.10326330363750458
vt 0.19792009890079498 0.11408955603837967
vt 0.19548261165618896 0.1141127496957779
vt 0.1921563297510147 0.11412135511636734
vt 0.1878991276025772 0.10329499840736389
vt 0.19124199450016022 0.10328643023967743
vt 0.19124199450016022 0.10328643023967743
vt 0.19548261165618896 0.1141127496957779
vt 0.1921563297510147 0.11412135511636734
vt 0.9455484747886658 0.38210445642471313
vt 0.9455522894859314 0.39910727739334106
vt 0.9413512349128723 0.39905452728271484
vt 0.9413512349128723 0.39905452728271484
vt 0.9413437843322754 0.3820517659187317
vt 0.9455484747886658 0.38210445642471313
vt 0.19124199450016022 0.10328643023967743
vt 0.18604938685894012 0.09033665060997009
vt 0.1885034590959549 0.09031351655721664
vt 0.1885034590959549 0.09031351655721664
vt 0.19369155168533325 0.10326330363750458
vt 0.19124199450016022 0.10328643023967743
vt 0.1878991276025772 0.10329499840736389
vt 0.18270047008991241 0.09034521877765656
vt 0.18604938685894012 0.09033665060997009
vt 0.18604938685894012 0.09033665060997009
vt 0.19124199450016022 0.10328643023967743
vt 0.1878991276025772 0.10329499840736389
vt 0.9455522894859314 0.39910727739334106
vt 0.9455534219741821 0.4232902526855469
vt 0.9413536787033081 0.42328786849975586
vt 0.9413536787033081 0.42328786849975586
vt 0.9413512349128723 0.39905452728271484
vt 0.9455522894859314 0.39910727739334106
vt 0.9486275315284729 0.39925146102905273
vt 0.9486278295516968 0.4233136773109436
vt 0.9455534219741821 0.4232902526855469
vt 0.9455534219741821 0.4232902526855469
vt 0.9455522894859314 0.39910727739334106
vt 0.9486275315284729 0.39925146102905273
vt 0.18270047008991241 0.09034521877765656
vt 0.17848290503025055 0.07198681682348251
vt 0.17940720915794373 0.071978360414505
vt 0.17940720915794373 0.071978360414505
vt 0.18604938685894012 0.09033665060997009
vt 0.18270047008991241 0.09034521877765656
vt 0.9455181956291199 0.33680880069732666
vt 0.9455321431159973 0.35227686166763306
vt 0.9413111209869385 0.35222482681274414
vt 0.9413111209869385 0.35222482681274414
vt 0.941283106803894 0.3367570638656616
vt 0.9455181956291199 0.33680880069732666
vt 0.19893993437290192 0.13806599378585815
vt 0.19849739968776703 0.12608931958675385
vt 0.2009197175502777 0.12606608867645264
vt 0.2009197175502777 0.12606608867645264
vt 0.20134936273097992 0.13804270327091217
vt 0.19893993437290192 0.13806599378585815
vt 0.19565202295780182 0.13807465136051178
vt 0.19519183039665222 0.12609794735908508
vt 0.19849739968776703 0.12608931958675385
vt 0.19849739968776703 0.12608931958675385
vt 0.19893993437290192 0.13806599378585815
vt 0.19565202295780182 0.13807465136051178
vt 0.9487826228141785 0.281721293926239
vt 0.9455181956291199 0.33680880069732666
vt 0.941283106803894 0.3367570638656616
vt 0.941283106803894 0.3367570638656616
vt 0.9445286393165588 0.2816697955131531
vt 0.9487826228141785 0.281721293926239
vt 0.9518967866897583 0.28186237812042236
vt 0.9486183524131775 0.3369503617286682
vt 0.9455181956291199 0.33680880069732666
vt 0.9455181956291199 0.33680880069732666
vt 0.9487826228141785 0.281721293926239
vt 0.9518967866897583 0.28186237812042236
vt 0.1956775039434433 0.18082240223884583
vt 0.19565202295780182 0.13807465136051178
vt 0.19893993437290192 0.13806599378585815
vt 0.19893993437290192 0.13806599378585815
vt 0.19895225763320923 0.1808137148618698
vt 0.1956775039434433 0.18082240223884583
vt 0.8613342046737671 0.4232902526855469
vt 0.8613354563713074 0.39910727739334106
vt 0.8655361533164978 0.39905452728271484
vt 0.8655361533164978 0.39905452728271484
vt 0.8655337691307068 0.42328786849975586
vt 0.8613342046737671 0.4232902526855469
vt 0.8582599759101868 0.4233136773109436
vt 0.8582602739334106 0.39925146102905273
vt 0.8613354563713074 0.39910727739334106
vt 0.8613354563713074 0.39910727739334106
vt 0.8613342046737671 0.4232902526855469
vt 0.8582599759101868 0.4233136773109436
vt 0.5726337432861328 0.013084571808576584
vt 0.5671285390853882 0.03704887256026268
vt 0.5627570152282715 0.03703857585787773
vt 0.5627570152282715 0.03703857585787773
vt 0.5714273452758789 0.013074468821287155
vt 0.5726337432861328 0.013084571808576584
vt 0.8613455891609192 0.36789602041244507
vt 0.8613553643226624 0.35227686166763306
vt 0.8655761480331421 0.35222482681274414
vt 0.8655761480331421 0.35222482681274414
vt 0.865556538105011 0.3678436875343323
vt 0.8613455891609192 0.36789602041244507
vt 0.5504435896873474 0.06807488203048706
vt 0.5465081930160522 0.08370858430862427
vt 0.5433462858200073 0.08368083834648132
vt 0.5433462858200073 0.08368083834648132
vt 0.5472617745399475 0.06804719567298889
vt 0.5504435896873474 0.06807488203048706
vt 0.554785430431366 0.06808517873287201
vt 0.5508230924606323 0.08371888101100922
vt 0.5465081930160522 0.08370858430862427
vt 0.5465081930160522 0.08370858430862427
vt 0.5504435896873474 0.06807488203048706
vt 0.554785430431366 0.06808517873287201
vt 0.861369252204895 0.33680880069732666
vt 0.858966588973999 0.281721293926239
vt 0.8632200956344604 0.2816697955131531
vt 0.8632200956344604 0.2816697955131531
vt 0.8656038641929626 0.3367570638656616
vt 0.861369252204895 0.33680880069732666
vt 0.8582693338394165 0.3369503617286682
vt 0.8558527231216431 0.28186237812042236
vt 0.858966588973999 0.281721293926239
vt 0.858966588973999 0.281721293926239
vt 0.861369252204895 0.33680880069732666
vt 0.8582693338394165 0.3369503617286682
vt 0.5502225160598755 0.09935277700424194
vt 0.5501881837844849 0.15514340996742249
vt 0.545913577079773 0.15513303875923157
vt 0.545913577079773 0.15513303875923157
vt 0.5459305644035339 0.09934242069721222
vt 0.5502225160598755 0.09935277700424194
vt 0.8613390922546387 0.38210445642471313
vt 0.8613455891609192 0.36789602041244507
vt 0.865556538105011 0.3678436875343323
vt 0.865556538105011 0.3678436875343323
vt 0.86554354429245 0.3820517659187317
vt 0.8613390922546387 0.38210445642471313
vt 0.5559790134429932 0.05394267663359642
vt 0.5504435896873474 0.06807488203048706
vt 0.5472617745399475 0.06804719567298889
vt 0.5472617745399475 0.06804719567298889
vt 0.5527814626693726 0.05391503497958183
vt 0.5559790134429932 0.05394267663359642
vt 0.56034255027771 0.053952958434820175
vt 0.554785430431366 0.06808517873287201
vt 0.5504435896873474 0.06807488203048706
vt 0.5504435896873474 0.06807488203048706
vt 0.5559790134429932 0.05394267663359642
vt 0.56034255027771 0.053952958434820175
vt 0.8613354563713074 0.39910727739334106
vt 0.8613390922546387 0.38210445642471313
vt 0.86554354429245 0.3820517659187317
vt 0.86554354429245 0.3820517659187317
vt 0.8655361533164978 0.39905452728271484
vt 0.8613354563713074 0.39910727739334106
vt 0.5627570152282715 0.03703857585787773
vt 0.5559790134429932 0.05394267663359642
vt 0.5527814626693726 0.05391503497958183
vt 0.5527814626693726 0.05391503497958183
vt 0.5595536231994629 0.03701096400618553
vt 0.5627570152282715 0.03703857585787773
vt 0.5671285390853882 0.03704887256026268
vt 0.56034255027771 0.053952958434820175
vt 0.5559790134429932 0.05394267663359642
vt 0.5559790134429932 0.05394267663359642
vt 0.5627570152282715 0.03703857585787773
vt 0.5671285390853882 0.03704887256026268
vt 0.34817519783973694 0.152567520737648
vt 0.35181668400764465 0.1380973905324936
vt 0.3558324873447418 0.13810765743255615
vt 0.3558324873447418 0.13810765743255615
vt 0.35216599702835083 0.15257777273654938
vt 0.34817519783973694 0.152567520737648
vt 0.3452567756175995 0.15253955125808716
vt 0.3488799035549164 0.1380695104598999
vt 0.35181668400764465 0.1380973905324936
vt 0.35181668400764465 0.1380973905324936
vt 0.34817519783973694 0.152567520737648
vt 0.3452567756175995 0.15253955125808716
vt 0.6530303359031677 0.36018356680870056
vt 0.6530100107192993 0.3763425648212433
vt 0.6486555337905884 0.3764001429080963
vt 0.6486555337905884 0.3764001429080963
vt 0.648665726184845 0.36024078726768494
vt 0.6530303359031677 0.36018356680870056
vt 0.6105147004127502 0.08183377981185913
vt 0.6110910773277283 0.09746551513671875
vt 0.6068029403686523 0.09747566282749176
vt 0.6068029403686523 0.09747566282749176
vt 0.606203556060791 0.08184382319450378
vt 0.6105147004127502 0.08183377981185913
vt 0.613667368888855 0.08180612325668335
vt 0.6142269372940063 0.09743784368038177
vt 0.6110910773277283 0.09746551513671875
vt 0.6110910773277283 0.09746551513671875
vt 0.6105147004127502 0.08183377981185913
vt 0.613667368888855 0.08180612325668335
vt 0.7313395142555237 0.36018356680870056
vt 0.7313109636306763 0.3441905677318573
vt 0.7356894016265869 0.3442475199699402
vt 0.7356894016265869 0.3442475199699402
vt 0.7357037663459778 0.3602408170700073
vt 0.7313395142555237 0.36018356680870056
vt 0.9455321431159973 0.35227686166763306
vt 0.9455419778823853 0.36789602041244507
vt 0.9413308501243591 0.3678436279296875
vt 0.9413308501243591 0.3678436279296875
vt 0.9413111209869385 0.35222482681274414
vt 0.9455321431159973 0.35227686166763306
vt 0.19849739968776703 0.12608931958675385
vt 0.19548261165618896 0.1141127496957779
vt 0.19792009890079498 0.11408955603837967
vt 0.19792009890079498 0.11408955603837967
vt 0.2009197175502777 0.12606608867645264
vt 0.19849739968776703 0.12608931958675385
vt 0.19519183039665222 0.12609794735908508
vt 0.1921563297510147 0.11412135511636734
vt 0.19548261165618896 0.1141127496957779
vt 0.19548261165618896 0.1141127496957779
vt 0.19849739968776703 0.12608931958675385
vt 0.19519183039665222 0.12609794735908508
vt 0.8613553643226624 0.35227686166763306
vt 0.861369252204895 0.33680880069732666
vt 0.8656038641929626 0.3367570638656616
vt 0.8656038641929626 0.3367570638656616
vt 0.8655761480331421 0.35222482681274414
vt 0.8613553643226624 0.35227686166763306
vt 0.5465081930160522 0.08370858430862427
vt 0.5459305644035339 0.09934242069721222
vt 0.5427854061126709 0.09931458532810211
vt 0.5427854061126709 0.09931458532810211
vt 0.5433462858200073 0.08368083834648132
vt 0.5465081930160522 0.08370858430862427
vt 0.5508230924606323 0.08371888101100922
vt 0.5502225160598755 0.09935277700424194
vt 0.5459305644035339 0.09934242069721222
vt 0.5459305644035339 0.09934242069721222
vt 0.5465081930160522 0.08370858430862427
vt 0.5508230924606323 0.08371888101100922
vt 0.5044679045677185 0.17813050746917725
vt 0.5044694542884827 0.16143159568309784
vt 0.5266314148902893 0.16143162548542023
vt 0.5266314148902893 0.16143162548542023
vt 0.5266314148902893 0.17813050746917725
vt 0.5044679045677185 0.17813050746917725
vt 0.7260348200798035 0.05796036124229431
vt 0.7439484596252441 0.06457772850990295
vt 0.6395303010940552 0.06457772850990295
vt 0.6395303010940552 0.06457772850990295
vt 0.6574438214302063 0.05796036124229431
vt 0.7260348200798035 0.05796036124229431
vt 0.3514956831932068 0.42059412598609924
vt 0.35149744153022766 0.41465678811073303
vt 0.37232863903045654 0.4146570861339569
vt 0.37232863903045654 0.4146570861339569
vt 0.3723314106464386 0.42059439420700073
vt 0.3514956831932068 0.42059412598609924
vt 0.7439484596252441 0.06457772850990295
vt 0.7462813258171082 0.07114957273006439
vt 0.6371974349021912 0.07114960253238678
vt 0.6371974349021912 0.07114960253238678
vt 0.6395303010940552 0.06457772850990295
vt 0.7439484596252441 0.06457772850990295
vt 0.5002967119216919 0.17940258979797363
vt 0.5044679045677185 0.17813050746917725
vt 0.5266314148902893 0.17813050746917725
vt 0.5266314148902893 0.17813050746917725
vt 0.5266314148902893 0.2631702125072479
vt 0.5044679045677185 0.2631702125072479
vt 0.5044679045677185 0.2631702125072479
vt 0.5002966523170471 0.26189810037612915
vt 0.49724313616752625 0.25842270255088806
vt 0.49724313616752625 0.25842270255088806
vt 0.4961254596710205 0.25367510318756104
vt 0.4961254596710205 0.18762600421905518
vt 0.4961254596710205 0.18762600421905518
vt 0.49724313616752625 0.18287818133831024
vt 0.5002967119216919 0.17940258979797363
vt 0.5002967119216919 0.17940258979797363
vt 0.5266314148902893 0.17813050746917725
vt 0.5044679045677185 0.2631702125072479
vt 0.5044679045677185 0.2631702125072479
vt 0.49724313616752625 0.25842270255088806
vt 0.4961254596710205 0.18762600421905518
vt 0.4961254596710205 0.18762600421905518
vt 0.5002967119216919 0.17940258979797363
vt 0.5044679045677185 0.2631702125072479
vt 0.5044695138931274 0.2798691391944885
vt 0.5044679045677185 0.2631702125072479
vt 0.5266314148902893 0.2631702125072479
vt 0.5266314148902893 0.2631702125072479
vt 0.5266314148902893 0.2798691987991333
vt 0.5044695138931274 0.2798691391944885
vt 0.35149744153022766 0.41465678811073303
vt 0.3515062928199768 0.4038994610309601
vt 0.3723295032978058 0.4038996696472168
vt 0.3723295032978058 0.4038996696472168
vt 0.37232863903045654 0.4146570861339569
vt 0.35149744153022766 0.41465678811073303
vt 0.7462813258171082 0.07114957273006439
vt 0.745734691619873 0.08301225304603577
vt 0.6377442479133606 0.08301225304603577
vt 0.6377442479133606 0.08301225304603577
vt 0.6371974349021912 0.07114960253238678
vt 0.7462813258171082 0.07114957273006439
vt 0.6069209575653076 0.36494147777557373
vt 0.6069228053092957 0.3713570535182953
vt 0.5844147205352783 0.3713570535182953
vt 0.5844147205352783 0.3713570535182953
vt 0.5844178795814514 0.36494147777557373
vt 0.6069209575653076 0.36494147777557373
vt 0.6069115400314331 0.3533209562301636
vt 0.6069209575653076 0.36494147777557373
vt 0.5844178795814514 0.36494147777557373
vt 0.5844178795814514 0.36494147777557373
vt 0.5844169855117798 0.3533209562301636
vt 0.6069115400314331 0.3533209562301636
vt 0.3515062928199768 0.4038994610309601
vt 0.35152894258499146 0.3370879292488098
vt 0.37233999371528625 0.33708813786506653
vt 0.37233999371528625 0.33708813786506653
vt 0.3723295032978058 0.4038996696472168
vt 0.3515062928199768 0.4038994610309601
vt 0.745734691619873 0.08301225304603577
vt 0.7376374006271362 0.15664935111999512
vt 0.6458414196968079 0.15664935111999512
vt 0.6458414196968079 0.15664935111999512
vt 0.6377442479133606 0.08301225304603577
vt 0.745734691619873 0.08301225304603577
vt 0.6068880558013916 0.2811524271965027
vt 0.6069115400314331 0.3533209562301636
vt 0.5844169855117798 0.3533209562301636
vt 0.5844169855117798 0.3533209562301636
vt 0.5844065546989441 0.2811524569988251
vt 0.6068880558013916 0.2811524271965027
vt 0.35152894258499146 0.3370879292488098
vt 0.35155078768730164 0.2703154683113098
vt 0.3723446726799011 0.2703157365322113
vt 0.3723446726799011 0.2703157365322113
vt 0.37233999371528625 0.33708813786506653
vt 0.35152894258499146 0.3370879292488098
vt 0.7376374006271362 0.15664935111999512
vt 0.7339963912963867 0.23028643429279327
vt 0.6494826674461365 0.23028644919395447
vt 0.6494826674461365 0.23028644919395447
vt 0.6458414196968079 0.15664935111999512
vt 0.7376374006271362 0.15664935111999512
vt 0.6068653464317322 0.2090226709842682
vt 0.6068880558013916 0.2811524271965027
vt 0.5844065546989441 0.2811524569988251
vt 0.5844065546989441 0.2811524569988251
vt 0.584402322769165 0.2090226113796234
vt 0.6068653464317322 0.2090226709842682
vt 0.606840193271637 0.15325884521007538
vt 0.6068653464317322 0.2090226709842682
vt 0.584402322769165 0.2090226113796234
vt 0.584402322769165 0.2090226113796234
vt 0.5844026207923889 0.15325884521007538
vt 0.606840193271637 0.15325884521007538
vt 0.7339963912963867 0.23028643429279327
vt 0.7337757349014282 0.2872385084629059
vt 0.6497033834457397 0.2872384190559387
vt 0.6497033834457397 0.2872384190559387
vt 0.6494826674461365 0.23028644919395447
vt 0.7339963912963867 0.23028643429279327
vt 0.35157471895217896 0.21869537234306335
vt 0.3516109585762024 0.16704796254634857
vt 0.3723493814468384 0.16704823076725006
vt 0.3723493814468384 0.16704823076725006
vt 0.37234506011009216 0.21869565546512604
vt 0.35157471895217896 0.21869537234306335
vt 0.35155078768730164 0.2703154683113098
vt 0.35157471895217896 0.21869537234306335
vt 0.37234506011009216 0.21869565546512604
vt 0.37234506011009216 0.21869565546512604
vt 0.3723446726799011 0.2703157365322113
vt 0.35155078768730164 0.2703154683113098
vt 0.7313109636306763 0.3441905677318573
vt 0.6530591249465942 0.3441905379295349
vt 0.6497033834457397 0.2872384190559387
vt 0.6497033834457397 0.2872384190559387
vt 0.7337757349014282 0.2872385084629059
vt 0.7313109636306763 0.3441905677318573
vt 0.6068029403686523 0.09747566282749176
vt 0.606840193271637 0.15325884521007538
vt 0.5844026207923889 0.15325884521007538
vt 0.5844026207923889 0.15325884521007538
vt 0.5843998193740845 0.09747570753097534
vt 0.6068029403686523 0.09747566282749176
vt 0.008615650236606598 0.007195747457444668
vt 0.008741137571632862 0.004835925064980984
vt 0.011576162651181221 0.003972124308347702
vt 0.011576163582503796 0.07506678998470306
vt 0.0087411068379879 0.0742029920220375
vt 0.008615650236606598 0.07184305042028427
vt 0.008615650236606598 0.07184305042028427
vt 0.008499138057231903 0.06861931085586548
vt 0.00849916785955429 0.010419370606541634
vt 0.00849916785955429 0.010419370606541634
vt 0.008615650236606598 0.007195747457444668
vt 0.011576162651181221 0.003972124308347702
vt 0.011576163582503796 0.07506678998470306
vt 0.008615650236606598 0.07184305042028427
vt 0.00849916785955429 0.010419370606541634
vt 0.011576163582503796 0.07506678998470306
vt 0.00849916785955429 0.010419370606541634
vt 0.011576162651181221 0.003972124308347702
vt 0.7313833832740784 0.433623343706131
vt 0.6529862284660339 0.433623343706131
vt 0.6529886722564697 0.408645898103714
vt 0.6529886722564697 0.408645898103714
vt 0.7313808798789978 0.408645898103714
vt 0.7313833832740784 0.433623343706131
vt 0.5844008922576904 0.011217933148145676
vt 0.589903712272644 0.035179268568754196
vt 0.5844005942344666 0.035179268568754196
vt 0.3723493814468384 0.10938121378421783
vt 0.36725521087646484 0.10938113927841187
vt 0.3723493814468384 0.08720052242279053
vt 0.589903712272644 0.035179268568754196
vt 0.5966875553131104 0.052081432193517685
vt 0.5844004154205322 0.052081432193517685
vt 0.5844004154205322 0.052081432193517685
vt 0.5844005942344666 0.035179268568754196
vt 0.589903712272644 0.035179268568754196
vt 0.7313808798789978 0.408645898103714
vt 0.6529886722564697 0.408645898103714
vt 0.6529964208602905 0.3910478353500366
vt 0.6529964208602905 0.3910478353500366
vt 0.7313733100891113 0.3910478353500366
vt 0.7313808798789978 0.408645898103714
vt 0.3609752357006073 0.12502720952033997
vt 0.36725521087646484 0.10938113927841187
vt 0.3723493814468384 0.10938121378421783
vt 0.3723493814468384 0.10938121378421783
vt 0.3723493814468384 0.1250273585319519
vt 0.3609752357006073 0.12502720952033997
vt 0.7313733100891113 0.3910478353500366
vt 0.6529964208602905 0.3910478353500366
vt 0.6530100107192993 0.3763425648212433
vt 0.6530100107192993 0.3763425648212433
vt 0.7313598394393921 0.3763425946235657
vt 0.7313733100891113 0.3910478353500366
vt 0.5966875553131104 0.052081432193517685
vt 0.6022428274154663 0.06621204316616058
vt 0.5844002962112427 0.06621204316616058
vt 0.5844002962112427 0.06621204316616058
vt 0.5844004154205322 0.052081432193517685
vt 0.5966875553131104 0.052081432193517685
vt 0.3558324873447418 0.13810765743255615
vt 0.3609752357006073 0.12502720952033997
vt 0.3723493814468384 0.1250273585319519
vt 0.3723493814468384 0.1250273585319519
vt 0.3723493814468384 0.13810786604881287
vt 0.3558324873447418 0.13810765743255615
vt 0.7313598394393921 0.3763425946235657
vt 0.6530100107192993 0.3763425648212433
vt 0.6530303359031677 0.36018356680870056
vt 0.6530303359031677 0.36018356680870056
vt 0.7313395142555237 0.36018356680870056
vt 0.7313598394393921 0.3763425946235657
vt 0.6022428274154663 0.06621204316616058
vt 0.606203556060791 0.08184382319450378
vt 0.5844000577926636 0.08184385299682617
vt 0.5844000577926636 0.08184385299682617
vt 0.5844002962112427 0.06621204316616058
vt 0.6022428274154663 0.06621204316616058
vt 0.35216599702835083 0.15257777273654938
vt 0.3558324873447418 0.13810765743255615
vt 0.3723493814468384 0.13810786604881287
vt 0.3723493814468384 0.13810786604881287
vt 0.3723493814468384 0.15257804095745087
vt 0.35216599702835083 0.15257777273654938
vt 0.7313395142555237 0.36018356680870056
vt 0.6530303359031677 0.36018356680870056
vt 0.6530591249465942 0.3441905379295349
vt 0.6530591249465942 0.3441905379295349
vt 0.7313109636306763 0.3441905677318573
vt 0.7313395142555237 0.36018356680870056
vt 0.606203556060791 0.08184382319450378
vt 0.6068029403686523 0.09747566282749176
vt 0.5843998193740845 0.09747570753097534
vt 0.5843998193740845 0.09747570753097534
vt 0.5844000577926636 0.08184385299682617
vt 0.606203556060791 0.08184382319450378
vt 0.3516109585762024 0.16704796254634857
vt 0.35216599702835083 0.15257777273654938
vt 0.3723493814468384 0.15257804095745087
vt 0.3723493814468384 0.15257804095745087
vt 0.3723493814468384 0.16704823076725006
vt 0.3516109585762024 0.16704796254634857
vt 0.5017307996749878 0.14742343127727509
vt 0.5017290115356445 0.12771235406398773
vt 0.5278904438018799 0.12771235406398773
vt 0.5278904438018799 0.12771235406398773
vt 0.5278904438018799 0.14742343127727509
vt 0.5017307996749878 0.14742343127727509
vt 0.8533818125724792 0.06629998981952667
vt 0.9543673992156982 0.06629998981952667
vt 0.9566235542297363 0.07265664637088776
vt 0.9566235542297363 0.07265664637088776
vt 0.8511255979537964 0.0726565271615982
vt 0.8533818125724792 0.06629998981952667
vt 0.8707064986228943 0.059899285435676575
vt 0.9370427131652832 0.05989927798509598
vt 0.9543673992156982 0.06629998981952667
vt 0.9543673992156982 0.06629998981952667
vt 0.8533818125724792 0.06629998981952667
vt 0.8707064986228943 0.059899285435676575
vt 0.1957244873046875 0.3430165648460388
vt 0.19573090970516205 0.3479307293891907
vt 0.17848551273345947 0.3479316234588623
vt 0.17848551273345947 0.3479316234588623
vt 0.17848289012908936 0.3430173397064209
vt 0.1957244873046875 0.3430165648460388
vt 0.4968053102493286 0.028834447264671326
vt 0.501728892326355 0.02733290195465088
vt 0.5278903841972351 0.02733290195465088
vt 0.5278903841972351 0.02733290195465088
vt 0.5278904438018799 0.12771235406398773
vt 0.5017290115356445 0.12771235406398773
vt 0.5017290115356445 0.12771235406398773
vt 0.4968053102493286 0.1262107938528061
vt 0.49320095777511597 0.12210822105407715
vt 0.49320095777511597 0.12210822105407715
vt 0.49188166856765747 0.11650402843952179
vt 0.49188166856765747 0.03854077309370041
vt 0.49188166856765747 0.03854077309370041
vt 0.49320095777511597 0.032936833798885345
vt 0.4968053102493286 0.028834447264671326
vt 0.4968053102493286 0.028834447264671326
vt 0.5278903841972351 0.02733290195465088
vt 0.5017290115356445 0.12771235406398773
vt 0.5017290115356445 0.12771235406398773
vt 0.49320095777511597 0.12210822105407715
vt 0.49188166856765747 0.03854077309370041
vt 0.49188166856765747 0.03854077309370041
vt 0.4968053102493286 0.028834447264671326
vt 0.5017290115356445 0.12771235406398773
vt 0.501728892326355 0.02733290195465088
vt 0.5017307996749878 0.007621828466653824
vt 0.5278904438018799 0.007621828466653824
vt 0.5278904438018799 0.007621828466653824
vt 0.5278903841972351 0.02733290195465088
vt 0.501728892326355 0.02733290195465088
vt 0.19571805000305176 0.33411282300949097
vt 0.1957244873046875 0.3430165648460388
vt 0.17848289012908936 0.3430173397064209
vt 0.17848289012908936 0.3430173397064209
vt 0.1784830242395401 0.3341136574745178
vt 0.19571805000305176 0.33411282300949097
vt 0.8511255979537964 0.0726565271615982
vt 0.9566235542297363 0.07265664637088776
vt 0.9560946822166443 0.08413077890872955
vt 0.9560946822166443 0.08413077890872955
vt 0.8516542911529541 0.08413077145814896
vt 0.8511255979537964 0.0726565271615982
vt 0.5501192808151245 0.37327075004577637
vt 0.5501275658607483 0.366854190826416
vt 0.5726337432861328 0.36685529351234436
vt 0.5726337432861328 0.36685529351234436
vt 0.5726304650306702 0.37327176332473755
vt 0.5501192808151245 0.37327075004577637
vt 0.5501275658607483 0.366854190826416
vt 0.5501360297203064 0.3552321791648865
vt 0.5726336240768433 0.3552332818508148
vt 0.5726336240768433 0.3552332818508148
vt 0.5726337432861328 0.36685529351234436
vt 0.5501275658607483 0.366854190826416
vt 0.8516542911529541 0.08413077145814896
vt 0.9560946822166443 0.08413077890872955
vt 0.9482636451721191 0.15535666048526764
vt 0.9482636451721191 0.15535666048526764
vt 0.8594853281974792 0.1553567796945572
vt 0.8516542911529541 0.08413077145814896
vt 0.19571320712566376 0.2788139581680298
vt 0.19571805000305176 0.33411282300949097
vt 0.1784830242395401 0.3341136574745178
vt 0.1784830242395401 0.3341136574745178
vt 0.17848820984363556 0.2788148522377014
vt 0.19571320712566376 0.2788139581680298
vt 0.5501360297203064 0.3552321791648865
vt 0.5501420497894287 0.28305405378341675
vt 0.5726265907287598 0.2830551564693451
vt 0.5726265907287598 0.2830551564693451
vt 0.5726336240768433 0.3552332818508148
vt 0.5501360297203064 0.3552321791648865
vt 0.8594853281974792 0.1553567796945572
vt 0.9482636451721191 0.15535666048526764
vt 0.9447420835494995 0.22658266127109528
vt 0.9447420835494995 0.22658266127109528
vt 0.8630067706108093 0.22658266127109528
vt 0.8594853281974792 0.1553567796945572
vt 0.19569942355155945 0.22354747354984283
vt 0.19571320712566376 0.2788139581680298
vt 0.17848820984363556 0.2788148522377014
vt 0.17848820984363556 0.2788148522377014
vt 0.17848864197731018 0.22354838252067566
vt 0.19569942355155945 0.22354747354984283
vt 0.5501420497894287 0.28305405378341675
vt 0.5501598119735718 0.21091464161872864
vt 0.5726258158683777 0.2109157145023346
vt 0.5726258158683777 0.2109157145023346
vt 0.5726265907287598 0.2830551564693451
vt 0.5501420497894287 0.28305405378341675
vt 0.8630067706108093 0.22658266127109528
vt 0.9447420835494995 0.22658266127109528
vt 0.9445286393165588 0.2816697955131531
vt 0.9445286393165588 0.2816697955131531
vt 0.8632200956344604 0.2816697955131531
vt 0.8630067706108093 0.22658266127109528
vt 0.5501598119735718 0.21091464161872864
vt 0.5501881837844849 0.15514340996742249
vt 0.5726287961006165 0.15514445304870605
vt 0.5726287961006165 0.15514445304870605
vt 0.5726258158683777 0.2109157145023346
vt 0.5501598119735718 0.21091464161872864
vt 0.1956775039434433 0.18082240223884583
vt 0.19569942355155945 0.22354747354984283
vt 0.17848864197731018 0.22354838252067566
vt 0.17848864197731018 0.22354838252067566
vt 0.17848624289035797 0.18082325160503387
vt 0.1956775039434433 0.18082240223884583
vt 0.8656038641929626 0.3367570638656616
vt 0.8632200956344604 0.2816697955131531
vt 0.9445286393165588 0.2816697955131531
vt 0.9445286393165588 0.2816697955131531
vt 0.941283106803894 0.3367570638656616
vt 0.8656038641929626 0.3367570638656616
vt 0.19565202295780182 0.13807465136051178
vt 0.1956775039434433 0.18082240223884583
vt 0.17848624289035797 0.18082325160503387
vt 0.17848624289035797 0.18082325160503387
vt 0.17848709225654602 0.13807550072669983
vt 0.19565202295780182 0.13807465136051178
vt 0.5501881837844849 0.15514340996742249
vt 0.5502225160598755 0.09935277700424194
vt 0.5726286172866821 0.09935382008552551
vt 0.5726286172866821 0.09935382008552551
vt 0.5726287961006165 0.15514445304870605
vt 0.5501881837844849 0.15514340996742249
vt 0.02168128453195095 0.0718429908156395
vt 0.021286364644765854 0.0742029920220375
vt 0.020371820777654648 0.07506678998470306
vt 0.02037183754146099 0.003972131293267012
vt 0.02128634974360466 0.004835871513932943
vt 0.02168128453195095 0.007195693906396627
vt 0.02168128453195095 0.007195693906396627
vt 0.021720735356211662 0.010419316589832306
vt 0.02172072045505047 0.0686192512512207
vt 0.02172072045505047 0.0686192512512207
vt 0.02168128453195095 0.0718429908156395
vt 0.020371820777654648 0.07506678998470306
vt 0.02037183754146099 0.003972131293267012
vt 0.02168128453195095 0.007195693906396627
vt 0.02172072045505047 0.0686192512512207
vt 0.02037183754146099 0.003972131293267012
vt 0.02172072045505047 0.0686192512512207
vt 0.020371820777654648 0.07506678998470306
vt 0.8655337691307068 0.42328786849975586
vt 0.8655361533164978 0.39905452728271484
vt 0.9413512349128723 0.39905452728271484
vt 0.9413512349128723 0.39905452728271484
vt 0.9413536787033081 0.42328786849975586
vt 0.8655337691307068 0.42328786849975586
vt 0.572632372379303 0.037049125880002975
vt 0.5671285390853882 0.03704887256026268
vt 0.5726337432861328 0.013084571808576584
vt 0.17848290503025055 0.07198681682348251
vt 0.18270047008991241 0.09034521877765656
vt 0.17848409712314606 0.09034542739391327
vt 0.8655361533164978 0.39905452728271484
vt 0.86554354429245 0.3820517659187317
vt 0.9413437843322754 0.3820517659187317
vt 0.9413437843322754 0.3820517659187317
vt 0.9413512349128723 0.39905452728271484
vt 0.8655361533164978 0.39905452728271484
vt 0.56034255027771 0.053952958434820175
vt 0.5671285390853882 0.03704887256026268
vt 0.572632372379303 0.037049125880002975
vt 0.572632372379303 0.037049125880002975
vt 0.5726314187049866 0.053953539580106735
vt 0.56034255027771 0.053952958434820175
vt 0.18270047008991241 0.09034521877765656
vt 0.1878991276025772 0.10329499840736389
vt 0.17848491668701172 0.10329549014568329
vt 0.17848491668701172 0.10329549014568329
vt 0.17848409712314606 0.09034542739391327
vt 0.18270047008991241 0.09034521877765656
vt 0.554785430431366 0.06808517873287201
vt 0.56034255027771 0.053952958434820175
vt 0.5726314187049866 0.053953539580106735
vt 0.5726314187049866 0.053953539580106735
vt 0.5726305246353149 0.06808601319789886
vt 0.554785430431366 0.06808517873287201
vt 0.86554354429245 0.3820517659187317
vt 0.865556538105011 0.3678436875343323
vt 0.9413308501243591 0.3678436279296875
vt 0.9413308501243591 0.3678436279296875
vt 0.9413437843322754 0.3820517659187317
vt 0.86554354429245 0.3820517659187317
vt 0.1878991276025772 0.10329499840736389
vt 0.1921563297510147 0.11412135511636734
vt 0.17848557233810425 0.11412201821804047
vt 0.17848557233810425 0.11412201821804047
vt 0.17848491668701172 0.10329549014568329
vt 0.1878991276025772 0.10329499840736389
vt 0.5508230924606323 0.08371888101100922
vt 0.554785430431366 0.06808517873287201
vt 0.5726305246353149 0.06808601319789886
vt 0.5726305246353149 0.06808601319789886
vt 0.5726295709609985 0.08371990919113159
vt 0.5508230924606323 0.08371888101100922
vt 0.865556538105011 0.3678436875343323
vt 0.8655761480331421 0.35222482681274414
vt 0.9413111209869385 0.35222482681274414
vt 0.9413111209869385 0.35222482681274414
vt 0.9413308501243591 0.3678436279296875
vt 0.865556538105011 0.3678436875343323
vt 0.1921563297510147 0.11412135511636734
vt 0.19519183039665222 0.12609794735908508
vt 0.17848634719848633 0.12609876692295074
vt 0.17848634719848633 0.12609876692295074
vt 0.17848557233810425 0.11412201821804047
vt 0.1921563297510147 0.11412135511636734
vt 0.5502225160598755 0.09935277700424194
vt 0.5508230924606323 0.08371888101100922
vt 0.5726295709609985 0.08371990919113159
vt 0.5726295709609985 0.08371990919113159
vt 0.5726286172866821 0.09935382008552551
vt 0.5502225160598755 0.09935277700424194
vt 0.8655761480331421 0.35222482681274414
vt 0.8656038641929626 0.3367570638656616
vt 0.941283106803894 0.3367570638656616
vt 0.941283106803894 0.3367570638656616
vt 0.9413111209869385 0.35222482681274414
vt 0.8655761480331421 0.35222482681274414
vt 0.19519183039665222 0.12609794735908508
vt 0.19565202295780182 0.13807465136051178
vt 0.17848709225654602 0.13807550072669983
vt 0.17848709225654602 0.13807550072669983
vt 0.17848634719848633 0.12609876692295074
vt 0.19519183039665222 0.12609794735908508
vt 0.8413192629814148 0.19895656406879425
vt 0.8433141112327576 0.19894762337207794
vt 0.8441420197486877 0.20176930725574493
vt 0.51854008436203 0.397865355014801
vt 0.5186547636985779 0.395955353975296
vt 0.5207422971725464 0.39858466386795044
vt 0.033065538853406906 0.10754590481519699
vt 0.03179864585399628 0.10897902399301529
vt 0.029731910675764084 0.10793392360210419
vt 0.7891982793807983 0.10435421764850616
vt 0.7911931276321411 0.10436399281024933
vt 0.7883703708648682 0.10717673599720001
vt 0.0937003344297409 0.04685182496905327
vt 0.0924294963479042 0.04828200116753578
vt 0.09036502242088318 0.04723438248038292
vt 0.822590172290802 0.19894690811634064
vt 0.8245879411697388 0.19895590841770172
vt 0.8217642903327942 0.2017686516046524
vt 0.8079250454902649 0.1043633371591568
vt 0.8099226951599121 0.10435362160205841
vt 0.8107485771179199 0.10717590153217316
vt 0.10900342464447021 0.03181847184896469
vt 0.10757141560316086 0.03308634087443352
vt 0.10795982927083969 0.029752817004919052
vt 0.23525743186473846 0.5123072266578674
vt 0.19767262041568756 0.5123072266578674
vt 0.19659990072250366 0.5107162594795227
vt 0.19659990072250366 0.5107162594795227
vt 0.2379446029663086 0.5107162594795227
vt 0.23525743186473846 0.5123072266578674
vt 0.22877083718776703 0.5129662752151489
vt 0.2002624273300171 0.5129662752151489
vt 0.19767262041568756 0.5123072266578674
vt 0.19767262041568756 0.5123072266578674
vt 0.23525743186473846 0.5123072266578674
vt 0.22877083718776703 0.5129662752151489
vt 0.27722373604774475 0.5123072266578674
vt 0.23525743186473846 0.5123072266578674
vt 0.2379446029663086 0.5107162594795227
vt 0.2379446029663086 0.5107162594795227
vt 0.27453652024269104 0.5107162594795227
vt 0.27722373604774475 0.5123072266578674
vt 0.06213308125734329 0.08173766732215881
vt 0.062133029103279114 0.027053337544202805
vt 0.06374654918909073 0.03350980579853058
vt 0.06374654918909073 0.03350980579853058
vt 0.06374653428792953 0.07528120279312134
vt 0.06213308125734329 0.08173766732215881
vt 0.7891982793807983 0.10435421764850616
vt 0.7891871333122253 0.08900906145572662
vt 0.7911819219589233 0.08901883661746979
vt 0.7911819219589233 0.08901883661746979
vt 0.7911931276321411 0.10436399281024933
vt 0.7891982793807983 0.10435421764850616
vt 0.033065538853406906 0.10754590481519699
vt 0.03803315386176109 0.11996924132108688
vt 0.03676145523786545 0.12140759825706482
vt 0.03676145523786545 0.12140759825706482
vt 0.03179864585399628 0.10897902399301529
vt 0.033065538853406906 0.10754590481519699
vt 0.8433364629745483 0.16824568808078766
vt 0.8433253169059753 0.18359674513339996
vt 0.8413305282592773 0.18360556662082672
vt 0.8413305282592773 0.18360556662082672
vt 0.8413417339324951 0.16825468838214874
vt 0.8433364629745483 0.16824568808078766
vt 0.4940691888332367 0.4065183699131012
vt 0.5063614845275879 0.4012473225593567
vt 0.5062465071678162 0.40316441655158997
vt 0.5062465071678162 0.40316441655158997
vt 0.4939531683921814 0.4084573984146118
vt 0.4940691888332367 0.4065183699131012
vt 0.789175808429718 0.07366378605365753
vt 0.7891587615013123 0.059839069843292236
vt 0.791153609752655 0.05984915792942047
vt 0.791153609752655 0.05984915792942047
vt 0.7911707162857056 0.07367374002933502
vt 0.789175808429718 0.07366378605365753
vt 0.043014802038669586 0.13237708806991577
vt 0.04497038573026657 0.14638197422027588
vt 0.043658383190631866 0.1478644460439682
vt 0.043658383190631866 0.1478644460439682
vt 0.04172838479280472 0.13383163511753082
vt 0.043014802038669586 0.13237708806991577
vt 0.8433535695075989 0.1544116884469986
vt 0.8433364629745483 0.16824568808078766
vt 0.8413417339324951 0.16825468838214874
vt 0.8413417339324951 0.16825468838214874
vt 0.8413587212562561 0.15442092716693878
vt 0.8433535695075989 0.1544116884469986
vt 0.4827924966812134 0.41505807638168335
vt 0.4940691888332367 0.4065183699131012
vt 0.4939531683921814 0.4084573984146118
vt 0.4939531683921814 0.4084573984146118
vt 0.48267486691474915 0.41703489422798157
vt 0.4827924966812134 0.41505807638168335
vt 0.15262341499328613 0.2048899382352829
vt 0.15262341499328613 0.1895466148853302
vt 0.15431952476501465 0.18864132463932037
vt 0.15431952476501465 0.18864132463932037
vt 0.15431952476501465 0.20399947464466095
vt 0.15262341499328613 0.2048899382352829
vt 0.04497038573026657 0.14638197422027588
vt 0.04508057236671448 0.16557346284389496
vt 0.043746355921030045 0.16708017885684967
vt 0.043746355921030045 0.16708017885684967
vt 0.043658383190631866 0.1478644460439682
vt 0.04497038573026657 0.14638197422027588
vt 0.14416097104549408 0.21561720967292786
vt 0.14416100084781647 0.23096045851707458
vt 0.14246484637260437 0.23006999492645264
vt 0.14246484637260437 0.23006999492645264
vt 0.14246487617492676 0.21471188962459564
vt 0.14416097104549408 0.21561720967292786
vt 0.4691599905490875 0.42857515811920166
vt 0.4827924966812134 0.41505807638168335
vt 0.48267486691474915 0.41703489422798157
vt 0.48267486691474915 0.41703489422798157
vt 0.4690409004688263 0.4305848777294159
vt 0.4691599905490875 0.42857515811920166
vt 0.15262341499328613 0.1895466148853302
vt 0.15262342989444733 0.14872713387012482
vt 0.15431953966617584 0.14782671630382538
vt 0.15431953966617584 0.14782671630382538
vt 0.15431952476501465 0.18864132463932037
vt 0.15262341499328613 0.1895466148853302
vt 0.04508057236671448 0.16557346284389496
vt 0.03335597366094589 0.2057843655347824
vt 0.03202907741069794 0.20728319883346558
vt 0.03202907741069794 0.20728319883346558
vt 0.043746355921030045 0.16708017885684967
vt 0.04508057236671448 0.16557346284389496
vt 0.14416100084781647 0.1747976690530777
vt 0.14416097104549408 0.21561720967292786
vt 0.14246487617492676 0.21471188962459564
vt 0.14246487617492676 0.21471188962459564
vt 0.14246487617492676 0.17389723658561707
vt 0.14416100084781647 0.1747976690530777
vt 0.4490654170513153 0.465340793132782
vt 0.4691599905490875 0.42857515811920166
vt 0.4690409004688263 0.4305848777294159
vt 0.4690409004688263 0.4305848777294159
vt 0.4489467740058899 0.46733978390693665
vt 0.4490654170513153 0.465340793132782
vt 0.15262342989444733 0.14872713387012482
vt 0.1526234894990921 0.09151167422533035
vt 0.15431959927082062 0.09064141660928726
vt 0.15431959927082062 0.09064141660928726
vt 0.15431953966617584 0.14782671630382538
vt 0.15262342989444733 0.14872713387012482
vt 0.03335597366094589 0.2057843655347824
vt 0.02594255656003952 0.2704586386680603
vt 0.024660857394337654 0.2719079554080963
vt 0.024660857394337654 0.2719079554080963
vt 0.03202907741069794 0.20728319883346558
vt 0.03335597366094589 0.2057843655347824
vt 0.14416100084781647 0.11758218705654144
vt 0.14416100084781647 0.1747976690530777
vt 0.14246487617492676 0.17389723658561707
vt 0.14246487617492676 0.17389723658561707
vt 0.14246487617492676 0.11671194434165955
vt 0.14416100084781647 0.11758218705654144
vt 0.40863901376724243 0.5163910388946533
vt 0.4490654170513153 0.465340793132782
vt 0.4489467740058899 0.46733978390693665
vt 0.4489467740058899 0.46733978390693665
vt 0.40852323174476624 0.5183229446411133
vt 0.40863901376724243 0.5163910388946533
vt 0.25584450364112854 0.3936634659767151
vt 0.255807101726532 0.36272940039634705
vt 0.2574279308319092 0.3627370297908783
vt 0.2574279308319092 0.3627370297908783
vt 0.2574652433395386 0.39367127418518066
vt 0.25584450364112854 0.3936634659767151
vt 0.02594255656003952 0.2704586386680603
vt 0.03252608701586723 0.3076907694339752
vt 0.0312807522714138 0.3091002404689789
vt 0.0312807522714138 0.3091002404689789
vt 0.024660857394337654 0.2719079554080963
vt 0.02594255656003952 0.2704586386680603
vt 0.29725080728530884 0.3656109571456909
vt 0.2972134053707123 0.396565705537796
vt 0.2955925762653351 0.39657288789749146
vt 0.2955925762653351 0.39657288789749146
vt 0.29562997817993164 0.36561790108680725
vt 0.29725080728530884 0.3656109571456909
vt 0.3776790499687195 0.5381158590316772
vt 0.40863901376724243 0.5163910388946533
vt 0.40852323174476624 0.5183229446411133
vt 0.40852323174476624 0.5183229446411133
vt 0.3775656819343567 0.5399938821792603
vt 0.3776790499687195 0.5381158590316772
vt 0.255807101726532 0.36272940039634705
vt 0.25577786564826965 0.328019380569458
vt 0.25739869475364685 0.3280268609523773
vt 0.25739869475364685 0.3280268609523773
vt 0.2574279308319092 0.3627370297908783
vt 0.255807101726532 0.36272940039634705
vt 0.03252608701586723 0.3076907694339752
vt 0.045703526586294174 0.343005895614624
vt 0.044485460966825485 0.34438562393188477
vt 0.044485460966825485 0.34438562393188477
vt 0.0312807522714138 0.3091002404689789
vt 0.03252608701586723 0.3076907694339752
vt 0.29728013277053833 0.33088505268096924
vt 0.29725080728530884 0.3656109571456909
vt 0.29562997817993164 0.36561790108680725
vt 0.29562997817993164 0.36561790108680725
vt 0.29565924406051636 0.3308919370174408
vt 0.29728013277053833 0.33088505268096924
vt 0.3434019982814789 0.5538257360458374
vt 0.3776790499687195 0.5381158590316772
vt 0.3775656819343567 0.5399938821792603
vt 0.3775656819343567 0.5399938821792603
vt 0.3432903587818146 0.5556634068489075
vt 0.3434019982814789 0.5538257360458374
vt 0.25577786564826965 0.328019380569458
vt 0.25576379895210266 0.29008135199546814
vt 0.25738462805747986 0.2900887429714203
vt 0.25738462805747986 0.2900887429714203
vt 0.25739869475364685 0.3280268609523773
vt 0.25577786564826965 0.328019380569458
vt 0.045703526586294174 0.343005895614624
vt 0.0682610347867012 0.3725056052207947
vt 0.06705652177333832 0.3738705515861511
vt 0.06705652177333832 0.3738705515861511
vt 0.044485460966825485 0.34438562393188477
vt 0.045703526586294174 0.343005895614624
vt 0.2972941994667053 0.29294008016586304
vt 0.29728013277053833 0.33088505268096924
vt 0.29565924406051636 0.3308919370174408
vt 0.29565924406051636 0.3308919370174408
vt 0.29567334055900574 0.29294684529304504
vt 0.2972941994667053 0.29294008016586304
vt 0.3065876066684723 0.558790922164917
vt 0.3434019982814789 0.5538257360458374
vt 0.3432903587818146 0.5556634068489075
vt 0.3432903587818146 0.5556634068489075
vt 0.306476891040802 0.5606085658073425
vt 0.3065876066684723 0.558790922164917
vt 0.25576379895210266 0.29008135199546814
vt 0.25575339794158936 0.2184157818555832
vt 0.25737419724464417 0.21842317283153534
vt 0.25737419724464417 0.21842317283153534
vt 0.25738462805747986 0.2900887429714203
vt 0.25576379895210266 0.29008135199546814
vt 0.0682610347867012 0.3725056052207947
vt 0.11823549121618271 0.4200148284435272
vt 0.1170310229063034 0.42137962579727173
vt 0.1170310229063034 0.42137962579727173
vt 0.06705652177333832 0.3738705515861511
vt 0.0682610347867012 0.3725056052207947
vt 0.2973046898841858 0.22127075493335724
vt 0.2972941994667053 0.29294008016586304
vt 0.29567334055900574 0.29294684529304504
vt 0.29567334055900574 0.29294684529304504
vt 0.2956838607788086 0.22127749025821686
vt 0.2973046898841858 0.22127075493335724
vt 0.23763185739517212 0.5571498870849609
vt 0.3065876066684723 0.558790922164917
vt 0.306476891040802 0.5606085658073425
vt 0.306476891040802 0.5606085658073425
vt 0.2375212162733078 0.5589674115180969
vt 0.23763185739517212 0.5571498870849609
vt 0.25575339794158936 0.2184157818555832
vt 0.2557600438594818 0.1537078320980072
vt 0.257380872964859 0.15371528267860413
vt 0.257380872964859 0.15371528267860413
vt 0.25737419724464417 0.21842317283153534
vt 0.25575339794158936 0.2184157818555832
vt 0.11823549121618271 0.4200148284435272
vt 0.1707087606191635 0.45470887422561646
vt 0.1694907397031784 0.45608842372894287
vt 0.1694907397031784 0.45608842372894287
vt 0.1170310229063034 0.42137962579727173
vt 0.11823549121618271 0.4200148284435272
vt 0.2972979247570038 0.15656869113445282
vt 0.2973046898841858 0.22127075493335724
vt 0.2956838607788086 0.22127749025821686
vt 0.2956838607788086 0.22127749025821686
vt 0.2956770956516266 0.1565755009651184
vt 0.2972979247570038 0.15656869113445282
vt 0.17595705389976501 0.5446658730506897
vt 0.23763185739517212 0.5571498870849609
vt 0.2375212162733078 0.5589674115180969
vt 0.2375212162733078 0.5589674115180969
vt 0.1758454144001007 0.5465033650398254
vt 0.17595705389976501 0.5446658730506897
vt 0.2557600438594818 0.1537078320980072
vt 0.25577276945114136 0.11350748687982559
vt 0.25739362835884094 0.11351512372493744
vt 0.25739362835884094 0.11351512372493744
vt 0.257380872964859 0.15371528267860413
vt 0.2557600438594818 0.1537078320980072
vt 0.1707087606191635 0.45470887422561646
vt 0.20721355080604553 0.4719048738479614
vt 0.20596808195114136 0.4733146131038666
vt 0.20596808195114136 0.4733146131038666
vt 0.1694907397031784 0.45608842372894287
vt 0.1707087606191635 0.45470887422561646
vt 0.2972852289676666 0.11637695133686066
vt 0.2972979247570038 0.15656869113445282
vt 0.2956770956516266 0.1565755009651184
vt 0.2956770956516266 0.1565755009651184
vt 0.2956644594669342 0.1163838803768158
vt 0.2972852289676666 0.11637695133686066
vt 0.13795237243175507 0.5310647487640381
vt 0.17595705389976501 0.5446658730506897
vt 0.1758454144001007 0.5465033650398254
vt 0.1758454144001007 0.5465033650398254
vt 0.13783900439739227 0.532943069934845
vt 0.13795237243175507 0.5310647487640381
vt 0.25577276945114136 0.11350748687982559
vt 0.25579655170440674 0.07173064351081848
vt 0.25741732120513916 0.07173853367567062
vt 0.25741732120513916 0.07173853367567062
vt 0.25739362835884094 0.11351512372493744
vt 0.25577276945114136 0.11350748687982559
vt 0.20721355080604553 0.4719048738479614
vt 0.24997083842754364 0.48439568281173706
vt 0.24868284165859222 0.48585185408592224
vt 0.24868284165859222 0.48585185408592224
vt 0.20596808195114136 0.4733146131038666
vt 0.20721355080604553 0.4719048738479614
vt 0.29726144671440125 0.07461513578891754
vt 0.2972852289676666 0.11637695133686066
vt 0.2956644594669342 0.1163838803768158
vt 0.2956644594669342 0.1163838803768158
vt 0.2956407070159912 0.07462235540151596
vt 0.29726144671440125 0.07461513578891754
vt 0.09884178638458252 0.5097145438194275
vt 0.13795237243175507 0.5310647487640381
vt 0.13783900439739227 0.532943069934845
vt 0.13783900439739227 0.532943069934845
vt 0.09872569888830185 0.5116557478904724
vt 0.09884178638458252 0.5097145438194275
vt 0.25579655170440674 0.07173064351081848
vt 0.25584450364112854 0.028744708746671677
vt 0.2574651837348938 0.028753012418746948
vt 0.2574651837348938 0.028753012418746948
vt 0.25741732120513916 0.07173853367567062
vt 0.25579655170440674 0.07173064351081848
vt 0.24997083842754364 0.48439568281173706
vt 0.3046723008155823 0.48530006408691406
vt 0.30331915616989136 0.4868274927139282
vt 0.30331915616989136 0.4868274927139282
vt 0.24868284165859222 0.48585185408592224
vt 0.24997083842754364 0.48439568281173706
vt 0.2972134053707123 0.031658295542001724
vt 0.29726144671440125 0.07461513578891754
vt 0.2956407070159912 0.07462235540151596
vt 0.2956407070159912 0.07462235540151596
vt 0.29559263586997986 0.03166589513421059
vt 0.2972134053707123 0.031658295542001724
vt 0.05945337191224098 0.47172072529792786
vt 0.09884178638458252 0.5097145438194275
vt 0.09872569888830185 0.5116557478904724
vt 0.09872569888830185 0.5116557478904724
vt 0.05933307483792305 0.4737584888935089
vt 0.05945337191224098 0.47172072529792786
vt 0.395506352186203 0.5123072266578674
vt 0.3574748933315277 0.5123072266578674
vt 0.3584021329879761 0.5107162594795227
vt 0.3584021329879761 0.5107162594795227
vt 0.39636746048927307 0.5107162594795227
vt 0.395506352186203 0.5123072266578674
vt 0.3046723008155823 0.48530006408691406
vt 0.34693390130996704 0.4731343388557434
vt 0.34547489881515503 0.4747777283191681
vt 0.34547489881515503 0.4747777283191681
vt 0.30331915616989136 0.4868274927139282
vt 0.3046723008155823 0.48530006408691406
vt 0.1550062596797943 0.5123072266578674
vt 0.11697475612163544 0.5123072266578674
vt 0.11611369252204895 0.5107161998748779
vt 0.11611369252204895 0.5107161998748779
vt 0.15407902002334595 0.5107161402702332
vt 0.1550062596797943 0.5123072266578674
vt 0.03810831904411316 0.43325433135032654
vt 0.05945337191224098 0.47172072529792786
vt 0.05933307483792305 0.4737584888935089
vt 0.05933307483792305 0.4737584888935089
vt 0.03798115998506546 0.4354488253593445
vt 0.03810831904411316 0.43325433135032654
vt 0.3574748933315277 0.5123072266578674
vt 0.31480851769447327 0.5123072266578674
vt 0.31588122248649597 0.5107162594795227
vt 0.31588122248649597 0.5107162594795227
vt 0.3584021329879761 0.5107162594795227
vt 0.3574748933315277 0.5123072266578674
vt 0.34693390130996704 0.4731343388557434
vt 0.3839024305343628 0.449716180562973
vt 0.382210910320282 0.4516140818595886
vt 0.382210910320282 0.4516140818595886
vt 0.34547489881515503 0.4747777283191681
vt 0.34693390130996704 0.4731343388557434
vt 0.19767262041568756 0.5123072266578674
vt 0.1550062596797943 0.5123072266578674
vt 0.15407902002334595 0.5107161402702332
vt 0.15407902002334595 0.5107161402702332
vt 0.19659990072250366 0.5107162594795227
vt 0.19767262041568756 0.5123072266578674
vt 0.02846008539199829 0.3905552327632904
vt 0.03810831904411316 0.43325433135032654
vt 0.03798115998506546 0.4354488253593445
vt 0.03798115998506546 0.4354488253593445
vt 0.02831789292395115 0.3930942714214325
vt 0.02846008539199829 0.3905552327632904
vt 0.31480851769447327 0.5123072266578674
vt 0.27722373604774475 0.5123072266578674
vt 0.27453652024269104 0.5107162594795227
vt 0.27453652024269104 0.5107162594795227
vt 0.31588122248649597 0.5107162594795227
vt 0.31480851769447327 0.5123072266578674
vt 0.31221872568130493 0.5129662752151489
vt 0.2837103307247162 0.5129662752151489
vt 0.27722373604774475 0.5123072266578674
vt 0.27722373604774475 0.5123072266578674
vt 0.31480851769447327 0.5123072266578674
vt 0.31221872568130493 0.5129662752151489
vt 0.23525743186473846 0.49579012393951416
vt 0.19767262041568756 0.49579018354415894
vt 0.2002624273300171 0.4951311945915222
vt 0.2002624273300171 0.4951311945915222
vt 0.22877083718776703 0.4951311945915222
vt 0.23525743186473846 0.49579012393951416
vt 0.2379445880651474 0.49738121032714844
vt 0.19659990072250366 0.49738121032714844
vt 0.19767262041568756 0.49579018354415894
vt 0.19767262041568756 0.49579018354415894
vt 0.23525743186473846 0.49579012393951416
vt 0.2379445880651474 0.49738121032714844
vt 0.07388543337583542 0.045086413621902466
vt 0.07388544082641602 0.08687838166952133
vt 0.07227274775505066 0.0933380275964737
vt 0.07227274775505066 0.0933380275964737
vt 0.07227274775505066 0.038626767694950104
vt 0.07388543337583542 0.045086413621902466
vt 0.2745365500450134 0.49738121032714844
vt 0.2379445880651474 0.49738121032714844
vt 0.23525743186473846 0.49579012393951416
vt 0.23525743186473846 0.49579012393951416
vt 0.27722373604774475 0.49579018354415894
vt 0.2745365500450134 0.49738121032714844
vt 0.10900342464447021 0.03181847184896469
vt 0.12143126875162125 0.03678443282842636
vt 0.11999402940273285 0.038057103753089905
vt 0.11999402940273285 0.038057103753089905
vt 0.10757141560316086 0.03308634087443352
vt 0.10900342464447021 0.03181847184896469
vt 0.8079250454902649 0.1043633371591568
vt 0.8079136610031128 0.08901824057102203
vt 0.8099114298820496 0.08900834619998932
vt 0.8099114298820496 0.08900834619998932
vt 0.8099226951599121 0.10435362160205841
vt 0.8079250454902649 0.1043633371591568
vt 0.1023244708776474 0.07315866649150848
vt 0.09737490862607956 0.06072263419628143
vt 0.09865051507949829 0.0592871718108654
vt 0.09865051507949829 0.0592871718108654
vt 0.1036149263381958 0.07170706242322922
vt 0.1023244708776474 0.07315866649150848
vt 0.8246102333068848 0.1682540327310562
vt 0.8245990872383118 0.18360503017902374
vt 0.8226013779640198 0.18359602987766266
vt 0.8226013779640198 0.18359602987766266
vt 0.8226125836372375 0.16824497282505035
vt 0.8246102333068848 0.1682540327310562
vt 0.13385456800460815 0.041754502803087234
vt 0.1478869915008545 0.04368804395198822
vt 0.14640562236309052 0.045001011341810226
vt 0.14640562236309052 0.045001011341810226
vt 0.13240113854408264 0.0430418886244297
vt 0.13385456800460815 0.041754502803087234
vt 0.807902455329895 0.07367308437824249
vt 0.8078855276107788 0.05984862148761749
vt 0.809883177280426 0.05983841419219971
vt 0.809883177280426 0.05983841419219971
vt 0.8099002838134766 0.073663130402565
vt 0.807902455329895 0.07367308437824249
vt 0.10423372685909271 0.08719898760318756
vt 0.1023244708776474 0.07315866649150848
vt 0.1036149263381958 0.07170706242322922
vt 0.1036149263381958 0.07170706242322922
vt 0.10554973781108856 0.0857195034623146
vt 0.10423372685909271 0.08719898760318756
vt 0.8246273994445801 0.1544203907251358
vt 0.8246102333068848 0.1682540327310562
vt 0.8226125836372375 0.16824497282505035
vt 0.8226125836372375 0.16824497282505035
vt 0.8226296305656433 0.15441109240055084
vt 0.8246273994445801 0.1544203907251358
vt 0.1478869915008545 0.04368804395198822
vt 0.16710248589515686 0.043780870735645294
vt 0.16559681296348572 0.04511608928442001
vt 0.16559681296348572 0.04511608928442001
vt 0.14640562236309052 0.045001011341810226
vt 0.1478869915008545 0.04368804395198822
vt 0.1685352921485901 0.20399947464466095
vt 0.16853533685207367 0.18864132463932037
vt 0.17023144662380219 0.18954667448997498
vt 0.17023144662380219 0.18954667448997498
vt 0.1702314168214798 0.2048899233341217
vt 0.1685352921485901 0.20399947464466095
vt 0.10429242253303528 0.10642071068286896
vt 0.10423372685909271 0.08719898760318756
vt 0.10554973781108856 0.0857195034623146
vt 0.10554973781108856 0.0857195034623146
vt 0.10563071817159653 0.10491693019866943
vt 0.10429242253303528 0.10642071068286896
vt 0.12824904918670654 0.21471188962459564
vt 0.12824904918670654 0.23006999492645264
vt 0.12655292451381683 0.23096045851707458
vt 0.12655292451381683 0.23096045851707458
vt 0.12655295431613922 0.21561720967292786
vt 0.12824904918670654 0.21471188962459564
vt 0.16710248589515686 0.043780870735645294
vt 0.20730644464492798 0.03207370638847351
vt 0.20580868422985077 0.03340160474181175
vt 0.20580868422985077 0.03340160474181175
vt 0.16559681296348572 0.04511608928442001
vt 0.16710248589515686 0.043780870735645294
vt 0.16853533685207367 0.18864132463932037
vt 0.16853536665439606 0.14782671630382538
vt 0.17023147642612457 0.1487272083759308
vt 0.17023147642612457 0.1487272083759308
vt 0.17023144662380219 0.18954667448997498
vt 0.16853533685207367 0.18864132463932037
vt 0.09251008927822113 0.14661657810211182
vt 0.10429242253303528 0.10642071068286896
vt 0.10563071817159653 0.10491693019866943
vt 0.10563071817159653 0.10491693019866943
vt 0.09384112060070038 0.14512069523334503
vt 0.09251008927822113 0.14661657810211182
vt 0.12824907898902893 0.17389723658561707
vt 0.12824904918670654 0.21471188962459564
vt 0.12655295431613922 0.21561720967292786
vt 0.12655295431613922 0.21561720967292786
vt 0.12655295431613922 0.1747976690530777
vt 0.12824907898902893 0.17389723658561707
vt 0.20730644464492798 0.03207370638847351
vt 0.2719312906265259 0.02472185157239437
vt 0.2704831063747406 0.026004519313573837
vt 0.2704831063747406 0.026004519313573837
vt 0.20580868422985077 0.03340160474181175
vt 0.20730644464492798 0.03207370638847351
vt 0.16853536665439606 0.14782671630382538
vt 0.16853541135787964 0.09064142405986786
vt 0.17023152112960815 0.09151167422533035
vt 0.17023152112960815 0.09151167422533035
vt 0.17023147642612457 0.1487272083759308
vt 0.16853536665439606 0.14782671630382538
vt 0.08504102379083633 0.21124881505966187
vt 0.09251008927822113 0.14661657810211182
vt 0.09384112060070038 0.14512069523334503
vt 0.09384112060070038 0.14512069523334503
vt 0.08632668107748032 0.20980246365070343
vt 0.08504102379083633 0.21124881505966187
vt 0.12824907898902893 0.11671194434165955
vt 0.12824907898902893 0.17389723658561707
vt 0.12655295431613922 0.1747976690530777
vt 0.12655295431613922 0.1747976690530777
vt 0.12655295431613922 0.11758218705654144
vt 0.12824907898902893 0.11671194434165955
vt 0.2719312906265259 0.02472185157239437
vt 0.30912235379219055 0.03135109692811966
vt 0.30771395564079285 0.03259745612740517
vt 0.30771395564079285 0.03259745612740517
vt 0.2704831063747406 0.026004519313573837
vt 0.2719312906265259 0.02472185157239437
vt 0.2710590958595276 0.39366990327835083
vt 0.2710217833518982 0.3627355992794037
vt 0.2726448178291321 0.36272764205932617
vt 0.2726448178291321 0.36272764205932617
vt 0.27268216013908386 0.3936617076396942
vt 0.2710590958595276 0.39366990327835083
vt 0.09160634875297546 0.2484634518623352
vt 0.08504102379083633 0.21124881505966187
vt 0.08632668107748032 0.20980246365070343
vt 0.08632668107748032 0.20980246365070343
vt 0.09285558760166168 0.24705679714679718
vt 0.09160634875297546 0.2484634518623352
vt 0.2820357084274292 0.3656165301799774
vt 0.28199833631515503 0.39657148718833923
vt 0.2803751826286316 0.39656391739845276
vt 0.2803751826286316 0.39656391739845276
vt 0.2804126441478729 0.36560916900634766
vt 0.2820357084274292 0.3656165301799774
vt 0.30912235379219055 0.03135109692811966
vt 0.34440577030181885 0.04456472396850586
vt 0.34302717447280884 0.04578384384512901
vt 0.34302717447280884 0.04578384384512901
vt 0.30771395564079285 0.03259745612740517
vt 0.30912235379219055 0.03135109692811966
vt 0.2710217833518982 0.3627355992794037
vt 0.2709925174713135 0.3280254602432251
vt 0.27261555194854736 0.32801762223243713
vt 0.27261555194854736 0.32801762223243713
vt 0.2726448178291321 0.36272764205932617
vt 0.2710217833518982 0.3627355992794037
vt 0.10476139187812805 0.28378158807754517
vt 0.09160634875297546 0.2484634518623352
vt 0.09285558760166168 0.24705679714679718
vt 0.09285558760166168 0.24705679714679718
vt 0.10598333925008774 0.28240472078323364
vt 0.10476139187812805 0.28378158807754517
vt 0.28206494450569153 0.3308904469013214
vt 0.2820357084274292 0.3656165301799774
vt 0.2804126441478729 0.36560916900634766
vt 0.2804126441478729 0.36560916900634766
vt 0.28044191002845764 0.33088332414627075
vt 0.28206494450569153 0.3308904469013214
vt 0.34440577030181885 0.04456472396850586
vt 0.3738876283168793 0.0671432614326477
vt 0.37252387404441833 0.06834878027439117
vt 0.37252387404441833 0.06834878027439117
vt 0.34302717447280884 0.04578384384512901
vt 0.34440577030181885 0.04456472396850586
vt 0.2709925174713135 0.3280254602432251
vt 0.27097848057746887 0.2900873124599457
vt 0.27260151505470276 0.29007959365844727
vt 0.27260151505470276 0.29007959365844727
vt 0.27261555194854736 0.32801762223243713
vt 0.2709925174713135 0.3280254602432251
vt 0.1272946447134018 0.3133128583431244
vt 0.10476139187812805 0.28378158807754517
vt 0.10598333925008774 0.28240472078323364
vt 0.10598333925008774 0.28240472078323364
vt 0.12850302457809448 0.31195083260536194
vt 0.1272946447134018 0.3133128583431244
vt 0.2820790708065033 0.29294541478157043
vt 0.28206494450569153 0.3308904469013214
vt 0.28044191002845764 0.33088332414627075
vt 0.28044191002845764 0.33088332414627075
vt 0.280456006526947 0.2929382920265198
vt 0.2820790708065033 0.29294541478157043
vt 0.3738876283168793 0.0671432614326477
vt 0.42139020562171936 0.11712978780269623
vt 0.4200265109539032 0.11833526194095612
vt 0.4200265109539032 0.11833526194095612
vt 0.37252387404441833 0.06834878027439117
vt 0.3738876283168793 0.0671432614326477
vt 0.27097848057746887 0.2900873124599457
vt 0.2709680497646332 0.21842177212238312
vt 0.27259108424186707 0.21841402351856232
vt 0.27259108424186707 0.21841402351856232
vt 0.27260151505470276 0.29007959365844727
vt 0.27097848057746887 0.2900873124599457
vt 0.17721255123615265 0.3609192669391632
vt 0.1272946447134018 0.3133128583431244
vt 0.12850302457809448 0.31195083260536194
vt 0.12850302457809448 0.31195083260536194
vt 0.17842085659503937 0.3595573306083679
vt 0.17721255123615265 0.3609192669391632
vt 0.282089501619339 0.22127601504325867
vt 0.2820790708065033 0.29294541478157043
vt 0.280456006526947 0.2929382920265198
vt 0.280456006526947 0.2929382920265198
vt 0.2804664373397827 0.22126898169517517
vt 0.282089501619339 0.22127601504325867
vt 0.42139020562171936 0.11712978780269623
vt 0.4560924172401428 0.1695983111858368
vt 0.4547139108181 0.1708173006772995
vt 0.4547139108181 0.1708173006772995
vt 0.4200265109539032 0.11833526194095612
vt 0.42139020562171936 0.11712978780269623
vt 0.2709680497646332 0.21842177212238312
vt 0.270974725484848 0.1537138819694519
vt 0.2725977599620819 0.15370607376098633
vt 0.2725977599620819 0.15370607376098633
vt 0.27259108424186707 0.21841402351856232
vt 0.2709680497646332 0.21842177212238312
vt 0.22963599860668182 0.39572569727897644
vt 0.17721255123615265 0.3609192669391632
vt 0.17842085659503937 0.3595573306083679
vt 0.17842085659503937 0.3595573306083679
vt 0.23085789382457733 0.3943489193916321
vt 0.22963599860668182 0.39572569727897644
vt 0.28208282589912415 0.1565740704536438
vt 0.282089501619339 0.22127601504325867
vt 0.2804664373397827 0.22126898169517517
vt 0.2804664373397827 0.22126898169517517
vt 0.28045976161956787 0.15656690299510956
vt 0.28208282589912415 0.1565740704536438
vt 0.4560924172401428 0.1695983111858368
vt 0.4733140468597412 0.20607994496822357
vt 0.4719054102897644 0.20732644200325012
vt 0.4719054102897644 0.20732644200325012
vt 0.4547139108181 0.1708173006772995
vt 0.4560924172401428 0.1695983111858368
vt 0.270974725484848 0.1537138819694519
vt 0.2709874212741852 0.11351370066404343
vt 0.27261048555374146 0.11350573599338531
vt 0.27261048555374146 0.11350573599338531
vt 0.2725977599620819 0.15370607376098633
vt 0.270974725484848 0.1537138819694519
vt 0.26609864830970764 0.4130175709724426
vt 0.22963599860668182 0.39572569727897644
vt 0.23085789382457733 0.3943489193916321
vt 0.23085789382457733 0.3943489193916321
vt 0.2673480212688446 0.41161078214645386
vt 0.26609864830970764 0.4130175709724426
vt 0.2820701003074646 0.11638247966766357
vt 0.28208282589912415 0.1565740704536438
vt 0.28045976161956787 0.15656690299510956
vt 0.28045976161956787 0.15656690299510956
vt 0.2804470658302307 0.11637517809867859
vt 0.2820701003074646 0.11638247966766357
vt 0.4733140468597412 0.20607994496822357
vt 0.4858461022377014 0.2487979233264923
vt 0.4843909740447998 0.25008687376976013
vt 0.4843909740447998 0.25008687376976013
vt 0.4719054102897644 0.20732644200325012
vt 0.4733140468597412 0.20607994496822357
vt 0.2709874212741852 0.11351370066404343
vt 0.2710111439228058 0.07173711806535721
vt 0.27263423800468445 0.07172887772321701
vt 0.27263423800468445 0.07172887772321701
vt 0.27261048555374146 0.11350573599338531
vt 0.2709874212741852 0.11351370066404343
vt 0.3088078200817108 0.42562949657440186
vt 0.26609864830970764 0.4130175709724426
vt 0.2673480212688446 0.41161078214645386
vt 0.2673480212688446 0.41161078214645386
vt 0.3100997805595398 0.42417624592781067
vt 0.3088078200817108 0.42562949657440186
vt 0.2820463478565216 0.07462091743946075
vt 0.2820701003074646 0.11638247966766357
vt 0.2804470658302307 0.11637517809867859
vt 0.2804470658302307 0.11637517809867859
vt 0.28042322397232056 0.07461338490247726
vt 0.2820463478565216 0.07462091743946075
vt 0.4858461022377014 0.2487979233264923
vt 0.4868151843547821 0.3034345507621765
vt 0.4852888584136963 0.30478858947753906
vt 0.4852888584136963 0.30478858947753906
vt 0.4843909740447998 0.25008687376976013
vt 0.4858461022377014 0.2487979233264923
vt 0.2710111439228058 0.07173711806535721
vt 0.2710590958595276 0.028751611709594727
vt 0.27268216013908386 0.0287429541349411
vt 0.27268216013908386 0.0287429541349411
vt 0.27263423800468445 0.07172887772321701
vt 0.2710111439228058 0.07173711806535721
vt 0.3634600043296814 0.4266960918903351
vt 0.3088078200817108 0.42562949657440186
vt 0.3100997805595398 0.42417624592781067
vt 0.3100997805595398 0.42417624592781067
vt 0.3648172616958618 0.4251716136932373
vt 0.3634600043296814 0.4266960918903351
vt 0.2819983959197998 0.03166443109512329
vt 0.2820463478565216 0.07462091743946075
vt 0.28042322397232056 0.07461338490247726
vt 0.28042322397232056 0.07461338490247726
vt 0.2803751826286316 0.031656548380851746
vt 0.2819983959197998 0.03166443109512329
vt 0.4868151843547821 0.3034345507621765
vt 0.474760502576828 0.34558719396591187
vt 0.47311824560165405 0.3470471203327179
vt 0.47311824560165405 0.3470471203327179
vt 0.4852888584136963 0.30478858947753906
vt 0.4868151843547821 0.3034345507621765
vt 0.39636746048927307 0.49738121032714844
vt 0.3584021329879761 0.49738121032714844
vt 0.3574748933315277 0.49579018354415894
vt 0.3574748933315277 0.49579018354415894
vt 0.395506352186203 0.49579018354415894
vt 0.39636746048927307 0.49738121032714844
vt 0.4056474566459656 0.41471248865127563
vt 0.3634600043296814 0.4266960918903351
vt 0.3648172616958618 0.4251716136932373
vt 0.3648172616958618 0.4251716136932373
vt 0.40711072087287903 0.41307228803634644
vt 0.4056474566459656 0.41471248865127563
vt 0.15407902002334595 0.49738121032714844
vt 0.11611369997262955 0.49738121032714844
vt 0.11697475612163544 0.49579018354415894
vt 0.11697475612163544 0.49579018354415894
vt 0.1550062596797943 0.49579018354415894
vt 0.15407902002334595 0.49738121032714844
vt 0.474760502576828 0.34558719396591187
vt 0.4515927731990814 0.3823174238204956
vt 0.44969597458839417 0.38400980830192566
vt 0.44969597458839417 0.38400980830192566
vt 0.47311824560165405 0.3470471203327179
vt 0.474760502576828 0.34558719396591187
vt 0.3584021329879761 0.49738121032714844
vt 0.31588122248649597 0.49738121032714844
vt 0.31480851769447327 0.49579018354415894
vt 0.31480851769447327 0.49579018354415894
vt 0.3574748933315277 0.49579018354415894
vt 0.3584021329879761 0.49738121032714844
vt 0.4424304962158203 0.3916027247905731
vt 0.4056474566459656 0.41471248865127563
vt 0.40711072087287903 0.41307228803634644
vt 0.40711072087287903 0.41307228803634644
vt 0.44412675499916077 0.38970834016799927
vt 0.4424304962158203 0.3916027247905731
vt 0.19659990072250366 0.49738121032714844
vt 0.15407902002334595 0.49738121032714844
vt 0.1550062596797943 0.49579018354415894
vt 0.1550062596797943 0.49579018354415894
vt 0.19767262041568756 0.49579018354415894
vt 0.19659990072250366 0.49738121032714844
vt 0.31480851769447327 0.49579018354415894
vt 0.27722373604774475 0.49579018354415894
vt 0.2837103307247162 0.4951311945915222
vt 0.2837103307247162 0.4951311945915222
vt 0.31221872568130493 0.4951311945915222
vt 0.31480851769447327 0.49579018354415894
vt 0.31588122248649597 0.49738121032714844
vt 0.2745365500450134 0.49738121032714844
vt 0.27722373604774475 0.49579018354415894
vt 0.27722373604774475 0.49579018354415894
vt 0.31480851769447327 0.49579018354415894
vt 0.31588122248649597 0.49738121032714844
vt 0.7891871333122253 0.08900906145572662
vt 0.789175808429718 0.07366378605365753
vt 0.7911707162857056 0.07367374002933502
vt 0.7911707162857056 0.07367374002933502
vt 0.7911819219589233 0.08901883661746979
vt 0.7891871333122253 0.08900906145572662
vt 0.03803315386176109 0.11996924132108688
vt 0.043014802038669586 0.13237708806991577
vt 0.04172838479280472 0.13383163511753082
vt 0.04172838479280472 0.13383163511753082
vt 0.03676145523786545 0.12140759825706482
vt 0.03803315386176109 0.11996924132108688
vt 0.8433253169059753 0.18359674513339996
vt 0.8433141112327576 0.19894762337207794
vt 0.8413192629814148 0.19895656406879425
vt 0.8413192629814148 0.19895656406879425
vt 0.8413305282592773 0.18360556662082672
vt 0.8433253169059753 0.18359674513339996
vt 0.5063614845275879 0.4012473225593567
vt 0.5186547636985779 0.395955353975296
vt 0.51854008436203 0.397865355014801
vt 0.51854008436203 0.397865355014801
vt 0.5062465071678162 0.40316441655158997
vt 0.5063614845275879 0.4012473225593567
vt 0.12143126875162125 0.03678443282842636
vt 0.13385456800460815 0.041754502803087234
vt 0.13240113854408264 0.0430418886244297
vt 0.13240113854408264 0.0430418886244297
vt 0.11999402940273285 0.038057103753089905
vt 0.12143126875162125 0.03678443282842636
vt 0.8079136610031128 0.08901824057102203
vt 0.807902455329895 0.07367308437824249
vt 0.8099002838134766 0.073663130402565
vt 0.8099002838134766 0.073663130402565
vt 0.8099114298820496 0.08900834619998932
vt 0.8079136610031128 0.08901824057102203
vt 0.09737490862607956 0.06072263419628143
vt 0.0924294963479042 0.04828200116753578
vt 0.0937003344297409 0.04685182496905327
vt 0.0937003344297409 0.04685182496905327
vt 0.09865051507949829 0.0592871718108654
vt 0.09737490862607956 0.06072263419628143
vt 0.8245990872383118 0.18360503017902374
vt 0.8245879411697388 0.19895590841770172
vt 0.822590172290802 0.19894690811634064
vt 0.822590172290802 0.19894690811634064
vt 0.8226013779640198 0.18359602987766266
vt 0.8245990872383118 0.18360503017902374
vt 0.19659990072250366 0.49738121032714844
vt 0.2379445880651474 0.49738121032714844
vt 0.2379446029663086 0.5107162594795227
vt 0.2379446029663086 0.5107162594795227
vt 0.19659990072250366 0.5107162594795227
vt 0.19659990072250366 0.49738121032714844
vt 0.2379445880651474 0.49738121032714844
vt 0.2745365500450134 0.49738121032714844
vt 0.27453652024269104 0.5107162594795227
vt 0.27453652024269104 0.5107162594795227
vt 0.2379446029663086 0.5107162594795227
vt 0.2379445880651474 0.49738121032714844
vt 0.2745365500450134 0.49738121032714844
vt 0.31588122248649597 0.49738121032714844
vt 0.31588122248649597 0.5107162594795227
vt 0.31588122248649597 0.5107162594795227
vt 0.27453652024269104 0.5107162594795227
vt 0.2745365500450134 0.49738121032714844
vt 0.8217642903327942 0.2017686516046524
vt 0.8245879411697388 0.19895590841770172
vt 0.8413192629814148 0.19895656406879425
vt 0.8413192629814148 0.19895656406879425
vt 0.8441420197486877 0.20176930725574493
vt 0.8441339135169983 0.2539135813713074
vt 0.8441339135169983 0.2539135813713074
vt 0.8217561841011047 0.2539128065109253
vt 0.8217642903327942 0.2017686516046524
vt 0.8217642903327942 0.2017686516046524
vt 0.8413192629814148 0.19895656406879425
vt 0.8441339135169983 0.2539135813713074
vt 0.5186547636985779 0.395955353975296
vt 0.5187639594078064 0.3934551179409027
vt 0.5616279244422913 0.3972180187702179
vt 0.5616279244422913 0.3972180187702179
vt 0.5207422971725464 0.39858466386795044
vt 0.5186547636985779 0.395955353975296
vt 0.8245879411697388 0.19895590841770172
vt 0.8245990872383118 0.18360503017902374
vt 0.8413305282592773 0.18360556662082672
vt 0.8413305282592773 0.18360556662082672
vt 0.8413192629814148 0.19895656406879425
vt 0.8245879411697388 0.19895590841770172
vt 0.5063614845275879 0.4012473225593567
vt 0.5067245960235596 0.3929295539855957
vt 0.5187639594078064 0.3934551179409027
vt 0.5187639594078064 0.3934551179409027
vt 0.5186547636985779 0.395955353975296
vt 0.5063614845275879 0.4012473225593567
vt 0.8079136610031128 0.08901824057102203
vt 0.8079250454902649 0.1043633371591568
vt 0.7911931276321411 0.10436399281024933
vt 0.7911931276321411 0.10436399281024933
vt 0.7911819219589233 0.08901883661746979
vt 0.8079136610031128 0.08901824057102203
vt 0.03520653396844864 0.10520249605178833
vt 0.04410053789615631 0.11332814395427704
vt 0.03803315386176109 0.11996924132108688
vt 0.03803315386176109 0.11996924132108688
vt 0.033065538853406906 0.10754590481519699
vt 0.03520653396844864 0.10520249605178833
vt 0.0017521490808576345 0.07810812443494797
vt 0.03520653396844864 0.10520249605178833
vt 0.033065538853406906 0.10754590481519699
vt 0.033065538853406906 0.10754590481519699
vt 0.029731910675764084 0.10793392360210419
vt 0.0017521490808576345 0.07810812443494797
vt 0.8107485771179199 0.10717590153217316
vt 0.8107567429542542 0.1593179851770401
vt 0.7883782982826233 0.15931858122348785
vt 0.7883782982826233 0.15931858122348785
vt 0.7883703708648682 0.10717673599720001
vt 0.7911931276321411 0.10436399281024933
vt 0.7911931276321411 0.10436399281024933
vt 0.8079250454902649 0.1043633371591568
vt 0.8107485771179199 0.10717590153217316
vt 0.8107485771179199 0.10717590153217316
vt 0.7883782982826233 0.15931858122348785
vt 0.7911931276321411 0.10436399281024933
vt 0.8245990872383118 0.18360503017902374
vt 0.8246102333068848 0.1682540327310562
vt 0.8413417339324951 0.16825468838214874
vt 0.8413417339324951 0.16825468838214874
vt 0.8413305282592773 0.18360556662082672
vt 0.8245990872383118 0.18360503017902374
vt 0.4827924966812134 0.41505807638168335
vt 0.48380210995674133 0.3919289708137512
vt 0.49468526244163513 0.39240404963493347
vt 0.49468526244163513 0.39240404963493347
vt 0.4940691888332367 0.4065183699131012
vt 0.4827924966812134 0.41505807638168335
vt 0.4940691888332367 0.4065183699131012
vt 0.49468526244163513 0.39240404963493347
vt 0.5067245960235596 0.3929295539855957
vt 0.5067245960235596 0.3929295539855957
vt 0.5063614845275879 0.4012473225593567
vt 0.4940691888332367 0.4065183699131012
vt 0.8246102333068848 0.1682540327310562
vt 0.8246273994445801 0.1544203907251358
vt 0.8413587212562561 0.15442092716693878
vt 0.8413587212562561 0.15442092716693878
vt 0.8413417339324951 0.16825468838214874
vt 0.8246102333068848 0.1682540327310562
vt 0.8078855276107788 0.05984862148761749
vt 0.807902455329895 0.07367308437824249
vt 0.7911707162857056 0.07367374002933502
vt 0.7911707162857056 0.07367374002933502
vt 0.791153609752655 0.05984915792942047
vt 0.8078855276107788 0.05984862148761749
vt 0.0529944933950901 0.12145382910966873
vt 0.061034344136714935 0.12879908084869385
vt 0.04497038573026657 0.14638197422027588
vt 0.04497038573026657 0.14638197422027588
vt 0.043014802038669586 0.13237708806991577
vt 0.0529944933950901 0.12145382910966873
vt 0.807902455329895 0.07367308437824249
vt 0.8079136610031128 0.08901824057102203
vt 0.7911819219589233 0.08901883661746979
vt 0.7911819219589233 0.08901883661746979
vt 0.7911707162857056 0.07367374002933502
vt 0.807902455329895 0.07367308437824249
vt 0.04410053789615631 0.11332814395427704
vt 0.0529944933950901 0.12145382910966873
vt 0.043014802038669586 0.13237708806991577
vt 0.043014802038669586 0.13237708806991577
vt 0.03803315386176109 0.11996924132108688
vt 0.04410053789615631 0.11332814395427704
vt 0.4691599905490875 0.42857515811920166
vt 0.47078439593315125 0.3913607597351074
vt 0.48380210995674133 0.3919289708137512
vt 0.48380210995674133 0.3919289708137512
vt 0.4827924966812134 0.41505807638168335
vt 0.4691599905490875 0.42857515811920166
vt 0.12824904918670654 0.23006999492645264
vt 0.12824904918670654 0.21471188962459564
vt 0.14246487617492676 0.21471188962459564
vt 0.14246487617492676 0.21471188962459564
vt 0.14246484637260437 0.23006999492645264
vt 0.12824904918670654 0.23006999492645264
vt 0.16853533685207367 0.18864132463932037
vt 0.1685352921485901 0.20399947464466095
vt 0.15431952476501465 0.20399947464466095
vt 0.15431952476501465 0.20399947464466095
vt 0.15431952476501465 0.18864132463932037
vt 0.16853533685207367 0.18864132463932037
vt 0.061034344136714935 0.12879908084869385
vt 0.0706510990858078 0.1375851184129715
vt 0.04508057236671448 0.16557346284389496
vt 0.04508057236671448 0.16557346284389496
vt 0.04497038573026657 0.14638197422027588
vt 0.061034344136714935 0.12879908084869385
vt 0.4490654170513153 0.465340793132782
vt 0.4523299038410187 0.390555202960968
vt 0.47078439593315125 0.3913607597351074
vt 0.47078439593315125 0.3913607597351074
vt 0.4691599905490875 0.42857515811920166
vt 0.4490654170513153 0.465340793132782
vt 0.12824904918670654 0.21471188962459564
vt 0.12824907898902893 0.17389723658561707
vt 0.14246487617492676 0.17389723658561707
vt 0.14246487617492676 0.17389723658561707
vt 0.14246487617492676 0.21471188962459564
vt 0.12824904918670654 0.21471188962459564
vt 0.16853536665439606 0.14782671630382538
vt 0.16853533685207367 0.18864132463932037
vt 0.15431952476501465 0.18864132463932037
vt 0.15431952476501465 0.18864132463932037
vt 0.15431953966617584 0.14782671630382538
vt 0.16853536665439606 0.14782671630382538
vt 0.0706510990858078 0.1375851184129715
vt 0.08428424596786499 0.15004058182239532
vt 0.03335597366094589 0.2057843655347824
vt 0.03335597366094589 0.2057843655347824
vt 0.04508057236671448 0.16557346284389496
vt 0.0706510990858078 0.1375851184129715
vt 0.12824907898902893 0.17389723658561707
vt 0.12824907898902893 0.11671194434165955
vt 0.14246487617492676 0.11671194434165955
vt 0.14246487617492676 0.11671194434165955
vt 0.14246487617492676 0.17389723658561707
vt 0.12824907898902893 0.17389723658561707
vt 0.16853541135787964 0.09064142405986786
vt 0.16853536665439606 0.14782671630382538
vt 0.15431953966617584 0.14782671630382538
vt 0.15431953966617584 0.14782671630382538
vt 0.15431959927082062 0.09064141660928726
vt 0.16853541135787964 0.09064142405986786
vt 0.28199833631515503 0.39657148718833923
vt 0.2820357084274292 0.3656165301799774
vt 0.29562997817993164 0.36561790108680725
vt 0.29562997817993164 0.36561790108680725
vt 0.2955925762653351 0.39657288789749146
vt 0.28199833631515503 0.39657148718833923
vt 0.2710217833518982 0.3627355992794037
vt 0.2710590958595276 0.39366990327835083
vt 0.2574652433395386 0.39367127418518066
vt 0.2574652433395386 0.39367127418518066
vt 0.2574279308319092 0.3627370297908783
vt 0.2710217833518982 0.3627355992794037
vt 0.2820357084274292 0.3656165301799774
vt 0.28206494450569153 0.3308904469013214
vt 0.29565924406051636 0.3308919370174408
vt 0.29565924406051636 0.3308919370174408
vt 0.29562997817993164 0.36561790108680725
vt 0.2820357084274292 0.3656165301799774
vt 0.2709925174713135 0.3280254602432251
vt 0.2710217833518982 0.3627355992794037
vt 0.2574279308319092 0.3627370297908783
vt 0.2574279308319092 0.3627370297908783
vt 0.25739869475364685 0.3280268609523773
vt 0.2709925174713135 0.3280254602432251
vt 0.28206494450569153 0.3308904469013214
vt 0.2820790708065033 0.29294541478157043
vt 0.29567334055900574 0.29294684529304504
vt 0.29567334055900574 0.29294684529304504
vt 0.29565924406051636 0.3308919370174408
vt 0.28206494450569153 0.3308904469013214
vt 0.27097848057746887 0.2900873124599457
vt 0.2709925174713135 0.3280254602432251
vt 0.25739869475364685 0.3280268609523773
vt 0.25739869475364685 0.3280268609523773
vt 0.25738462805747986 0.2900887429714203
vt 0.27097848057746887 0.2900873124599457
vt 0.2820790708065033 0.29294541478157043
vt 0.282089501619339 0.22127601504325867
vt 0.2956838607788086 0.22127749025821686
vt 0.2956838607788086 0.22127749025821686
vt 0.29567334055900574 0.29294684529304504
vt 0.2820790708065033 0.29294541478157043
vt 0.2709680497646332 0.21842177212238312
vt 0.27097848057746887 0.2900873124599457
vt 0.25738462805747986 0.2900887429714203
vt 0.25738462805747986 0.2900887429714203
vt 0.25737419724464417 0.21842317283153534
vt 0.2709680497646332 0.21842177212238312
vt 0.282089501619339 0.22127601504325867
vt 0.28208282589912415 0.1565740704536438
vt 0.2956770956516266 0.1565755009651184
vt 0.2956770956516266 0.1565755009651184
vt 0.2956838607788086 0.22127749025821686
vt 0.282089501619339 0.22127601504325867
vt 0.270974725484848 0.1537138819694519
vt 0.2709680497646332 0.21842177212238312
vt 0.25737419724464417 0.21842317283153534
vt 0.25737419724464417 0.21842317283153534
vt 0.257380872964859 0.15371528267860413
vt 0.270974725484848 0.1537138819694519
vt 0.28208282589912415 0.1565740704536438
vt 0.2820701003074646 0.11638247966766357
vt 0.2956644594669342 0.1163838803768158
vt 0.2956644594669342 0.1163838803768158
vt 0.2956770956516266 0.1565755009651184
vt 0.28208282589912415 0.1565740704536438
vt 0.2709874212741852 0.11351370066404343
vt 0.270974725484848 0.1537138819694519
vt 0.257380872964859 0.15371528267860413
vt 0.257380872964859 0.15371528267860413
vt 0.25739362835884094 0.11351512372493744
vt 0.2709874212741852 0.11351370066404343
vt 0.2820701003074646 0.11638247966766357
vt 0.2820463478565216 0.07462091743946075
vt 0.2956407070159912 0.07462235540151596
vt 0.2956407070159912 0.07462235540151596
vt 0.2956644594669342 0.1163838803768158
vt 0.2820701003074646 0.11638247966766357
vt 0.2710111439228058 0.07173711806535721
vt 0.2709874212741852 0.11351370066404343
vt 0.25739362835884094 0.11351512372493744
vt 0.25739362835884094 0.11351512372493744
vt 0.25741732120513916 0.07173853367567062
vt 0.2710111439228058 0.07173711806535721
vt 0.2820463478565216 0.07462091743946075
vt 0.2819983959197998 0.03166443109512329
vt 0.29559263586997986 0.03166589513421059
vt 0.29559263586997986 0.03166589513421059
vt 0.2956407070159912 0.07462235540151596
vt 0.2820463478565216 0.07462091743946075
vt 0.2710590958595276 0.028751611709594727
vt 0.2710111439228058 0.07173711806535721
vt 0.25741732120513916 0.07173853367567062
vt 0.25741732120513916 0.07173853367567062
vt 0.2574651837348938 0.028753012418746948
vt 0.2710590958595276 0.028751611709594727
vt 0.11611369997262955 0.49738121032714844
vt 0.15407902002334595 0.49738121032714844
vt 0.15407902002334595 0.5107161402702332
vt 0.15407902002334595 0.5107161402702332
vt 0.11611369252204895 0.5107161998748779
vt 0.11611369997262955 0.49738121032714844
vt 0.3584021329879761 0.49738121032714844
vt 0.39636746048927307 0.49738121032714844
vt 0.39636746048927307 0.5107162594795227
vt 0.39636746048927307 0.5107162594795227
vt 0.3584021329879761 0.5107162594795227
vt 0.3584021329879761 0.49738121032714844
vt 0.15407902002334595 0.49738121032714844
vt 0.19659990072250366 0.49738121032714844
vt 0.19659990072250366 0.5107162594795227
vt 0.19659990072250366 0.5107162594795227
vt 0.15407902002334595 0.5107161402702332
vt 0.15407902002334595 0.49738121032714844
vt 0.31588122248649597 0.49738121032714844
vt 0.3584021329879761 0.49738121032714844
vt 0.3584021329879761 0.5107162594795227
vt 0.3584021329879761 0.5107162594795227
vt 0.31588122248649597 0.5107162594795227
vt 0.31588122248649597 0.49738121032714844
vt 0.0937003344297409 0.04685182496905327
vt 0.09036502242088318 0.04723438248038292
vt 0.062421925365924835 0.017353098839521408
vt 0.062421925365924835 0.017353098839521408
vt 0.0953911542892456 0.045007023960351944
vt 0.0937003344297409 0.04685182496905327
vt 0.09865051507949829 0.0592871718108654
vt 0.0937003344297409 0.04685182496905327
vt 0.0953911542892456 0.045007023960351944
vt 0.0953911542892456 0.045007023960351944
vt 0.10427557677030563 0.05314989760518074
vt 0.09865051507949829 0.0592871718108654
vt 0.12147676199674606 0.053018853068351746
vt 0.13240113854408264 0.0430418886244297
vt 0.14640562236309052 0.045001011341810226
vt 0.14640562236309052 0.045001011341810226
vt 0.1288209855556488 0.06106057018041611
vt 0.12147676199674606 0.053018853068351746
vt 0.11335228383541107 0.044122811406850815
vt 0.11999402940273285 0.038057103753089905
vt 0.13240113854408264 0.0430418886244297
vt 0.13240113854408264 0.0430418886244297
vt 0.12147676199674606 0.053018853068351746
vt 0.11335228383541107 0.044122811406850815
vt 0.10522773116827011 0.03522677347064018
vt 0.10757141560316086 0.03308634087443352
vt 0.11999402940273285 0.038057103753089905
vt 0.11999402940273285 0.038057103753089905
vt 0.11335228383541107 0.044122811406850815
vt 0.10522773116827011 0.03522677347064018
vt 0.10522773116827011 0.03522677347064018
vt 0.07813768088817596 0.0017655661795288324
vt 0.10795982927083969 0.029752817004919052
vt 0.10795982927083969 0.029752817004919052
vt 0.10757141560316086 0.03308634087443352
vt 0.10522773116827011 0.03522677347064018
vt 0.1036149263381958 0.07170706242322922
vt 0.09865051507949829 0.0592871718108654
vt 0.10427557677030563 0.05314989760518074
vt 0.10427557677030563 0.05314989760518074
vt 0.11315997689962387 0.06129276752471924
vt 0.1036149263381958 0.07170706242322922
vt 0.10554973781108856 0.0857195034623146
vt 0.1036149263381958 0.07170706242322922
vt 0.11315997689962387 0.06129276752471924
vt 0.11315997689962387 0.06129276752471924
vt 0.12119118869304657 0.0686536580324173
vt 0.10554973781108856 0.0857195034623146
vt 0.1288209855556488 0.06106057018041611
vt 0.14640562236309052 0.045001011341810226
vt 0.16559681296348572 0.04511608928442001
vt 0.16559681296348572 0.04511608928442001
vt 0.13760581612586975 0.07067950814962387
vt 0.1288209855556488 0.06106057018041611
vt 0.10563071817159653 0.10491693019866943
vt 0.10554973781108856 0.0857195034623146
vt 0.12119118869304657 0.0686536580324173
vt 0.12119118869304657 0.0686536580324173
vt 0.1307975798845291 0.07745826989412308
vt 0.10563071817159653 0.10491693019866943
vt 0.13760581612586975 0.07067950814962387
vt 0.16559681296348572 0.04511608928442001
vt 0.20580868422985077 0.03340160474181175
vt 0.20580868422985077 0.03340160474181175
vt 0.15005949139595032 0.08431587368249893
vt 0.13760581612586975 0.07067950814962387
vt 0.09384112060070038 0.14512069523334503
vt 0.10563071817159653 0.10491693019866943
vt 0.1307975798845291 0.07745826989412308
vt 0.1307975798845291 0.07745826989412308
vt 0.14441612362861633 0.08994017541408539
vt 0.09384112060070038 0.14512069523334503
vn 0.0012371939492108585 -1.6292055492665137e-7 -0.9999992346752599
vn 0.0012371939492108585 -1.6292055492665137e-7 -0.9999992346752599
vn 0.0012371939492108585 -1.6292055492665137e-7 -0.9999992346752599
vn 0.0012371939492108585 -1.6292055492665137e-7 -0.9999992346752599
vn 0.0012371939492108585 -1.6292055492665137e-7 -0.9999992346752599
vn 0.0012371939492108585 -1.6292055492665137e-7 -0.9999992346752599
vn 0.0012371324820143058 2.766415355710192e-7 -0.9999992347512798
vn 0.0012371324820143058 2.766415355710192e-7 -0.9999992347512798
vn 0.0012371324820143058 2.766415355710192e-7 -0.9999992347512798
vn 0.0012371324820143058 2.766415355710192e-7 -0.9999992347512798
vn 0.0012371324820143058 2.766415355710192e-7 -0.9999992347512798
vn 0.0012371324820143058 2.766415355710192e-7 -0.9999992347512798
vn 0.0012371324820143058 2.766415355710192e-7 -0.9999992347512798
vn 0.0012371324820143058 2.766415355710192e-7 -0.9999992347512798
vn 0.0012371324820143058 2.766415355710192e-7 -0.9999992347512798
vn 0.0012371324820143058 2.766415355710192e-7 -0.9999992347512798
vn 0.0012371324820143058 2.766415355710192e-7 -0.9999992347512798
vn 0.0012371324820143058 2.766415355710192e-7 -0.9999992347512798
vn 0.001237143192207744 -1.8571031989764322e-7 -0.999999234738051
vn 0.001237143192207744 -1.8571031989764322e-7 -0.999999234738051
vn 0.001237143192207744 -1.8571031989764322e-7 -0.999999234738051
vn 0.001237143192207744 -1.8571031989764322e-7 -0.999999234738051
vn 0.001237143192207744 -1.8571031989764322e-7 -0.999999234738051
vn 0.001237143192207744 -1.8571031989764322e-7 -0.999999234738051
vn 0.001237138419186756 -4.5521052597402215e-7 -0.9999992347438695
vn 0.001237138419186756 -4.5521052597402215e-7 -0.9999992347438695
vn 0.001237138419186756 -4.5521052597402215e-7 -0.9999992347438695
vn 0.001237138419186756 -4.5521052597402215e-7 -0.9999992347438695
vn 0.001237138419186756 -4.5521052597402215e-7 -0.9999992347438695
vn 0.001237138419186756 -4.5521052597402215e-7 -0.9999992347438695
vn 0.001237150409946658 1.5324396488571524e-7 -0.999999234729127
vn 0.001237150409946658 1.5324396488571524e-7 -0.999999234729127
vn 0.001237150409946658 1.5324396488571524e-7 -0.999999234729127
vn 0.001237150409946658 1.5324396488571524e-7 -0.999999234729127
vn 0.001237150409946658 1.5324396488571524e-7 -0.999999234729127
vn 0.001237150409946658 1.5324396488571524e-7 -0.999999234729127
vn 0.0012371521561738911 -1.629205549350752e-7 -0.9999992347269651
vn 0.0012371521561738911 -1.629205549350752e-7 -0.9999992347269651
vn 0.0012371521561738911 -1.629205549350752e-7 -0.9999992347269651
vn 0.0012371521561738911 -1.629205549350752e-7 -0.9999992347269651
vn 0.0012371521561738911 -1.629205549350752e-7 -0.9999992347269651
vn 0.0012371521561738911 -1.629205549350752e-7 -0.9999992347269651
vn 0.001237166708066986 -1.8153892240264124e-7 -0.9999992347089588
vn 0.001237166708066986 -1.8153892240264124e-7 -0.9999992347089588
vn 0.001237166708066986 -1.8153892240264124e-7 -0.9999992347089588
vn 0.001237166708066986 -1.8153892240264124e-7 -0.9999992347089588
vn 0.001237166708066986 -1.8153892240264124e-7 -0.9999992347089588
vn 0.001237166708066986 -1.8153892240264124e-7 -0.9999992347089588
vn 0.0012371547173070754 -1.3125015499488275e-7 -0.9999992347238013
vn 0.0012371547173070754 -1.3125015499488275e-7 -0.9999992347238013
vn 0.0012371547173070754 -1.3125015499488275e-7 -0.9999992347238013
vn 0.0012371547173070754 -1.3125015499488275e-7 -0.9999992347238013
vn 0.0012371547173070754 -1.3125015499488275e-7 -0.9999992347238013
vn 0.0012371547173070754 -1.3125015499488275e-7 -0.9999992347238013
vn 0.0012371247986148705 -1.629205549405893e-7 -0.9999992347608103
vn 0.0012371247986148705 -1.629205549405893e-7 -0.9999992347608103
vn 0.0012371247986148705 -1.629205549405893e-7 -0.9999992347608103
vn 0.0012371247986148705 -1.629205549405893e-7 -0.9999992347608103
vn 0.0012371247986148705 -1.629205549405893e-7 -0.9999992347608103
vn 0.0012371247986148705 -1.629205549405893e-7 -0.9999992347608103
vn 0.0012371376042807955 -1.6292055493800826e-7 -0.9999992347449681
vn 0.0012371376042807955 -1.6292055493800826e-7 -0.9999992347449681
vn 0.0012371376042807955 -1.6292055493800826e-7 -0.9999992347449681
vn 0.0012371376042807955 -1.6292055493800826e-7 -0.9999992347449681
vn 0.0012371376042807955 -1.6292055493800826e-7 -0.9999992347449681
vn 0.0012371376042807955 -1.6292055493800826e-7 -0.9999992347449681
vn 0.0012371509920224423 -2.0791548226222644e-7 -0.9999992347283969
vn 0.0012371509920224423 -2.0791548226222644e-7 -0.9999992347283969
vn 0.0012371509920224423 -2.0791548226222644e-7 -0.9999992347283969
vn 0.0012371509920224423 -2.0791548226222644e-7 -0.9999992347283969
vn 0.0012371509920224423 -2.0791548226222644e-7 -0.9999992347283969
vn 0.0012371509920224423 -2.0791548226222644e-7 -0.9999992347283969
vn 0.0012371877792076167 7.970999972950313e-7 -0.999999234682589
vn 0.0012371877792076167 7.970999972950313e-7 -0.999999234682589
vn 0.0012371877792076167 7.970999972950313e-7 -0.999999234682589
vn 0.0012371877792076167 7.970999972950313e-7 -0.999999234682589
vn 0.0012371877792076167 7.970999972950313e-7 -0.999999234682589
vn 0.0012371877792076167 7.970999972950313e-7 -0.999999234682589
vn -0.2630168514198189 0.964791184752646 -0.0003251042766117818
vn -0.2630168514198189 0.964791184752646 -0.0003251042766117818
vn -0.2630168514198189 0.964791184752646 -0.0003251042766117818
vn -0.2630168514198189 0.964791184752646 -0.0003251042766117818
vn -0.2630168514198189 0.964791184752646 -0.0003251042766117818
vn -0.2630168514198189 0.964791184752646 -0.0003251042766117818
vn 0.9842904369994784 -0.17655273048923828 0.001212018221941637
vn 0.9842904369994784 -0.17655273048923828 0.001212018221941637
vn 0.9842904369994784 -0.17655273048923828 0.001212018221941637
vn 0.9842904369994784 -0.17655273048923828 0.001212018221941637
vn 0.9842904369994784 -0.17655273048923828 0.001212018221941637
vn 0.9842904369994784 -0.17655273048923828 0.001212018221941637
vn 0.26301685137753317 0.9647911847034965 0.0003252842944595527
vn 0.26301685137753317 0.9647911847034965 0.0003252842944595527
vn 0.26301685137753317 0.9647911847034965 0.0003252842944595527
vn 0.26301685137753317 0.9647911847034965 0.0003252842944595527
vn 0.26301685137753317 0.9647911847034965 0.0003252842944595527
vn 0.26301685137753317 0.9647911847034965 0.0003252842944595527
vn -0.9998031266648875 -0.019803889312217354 -0.0012303979943296384
vn -0.9998031266648875 -0.019803889312217354 -0.0012303979943296384
vn -0.9998031266648875 -0.019803889312217354 -0.0012303979943296384
vn -0.9998031266648875 -0.019803889312217354 -0.0012303979943296384
vn -0.9998031266648875 -0.019803889312217354 -0.0012303979943296384
vn -0.9998031266648875 -0.019803889312217354 -0.0012303979943296384
vn -0.16575497267669995 0.9861669467980723 -0.0002051241440998579
vn -0.16575497267669995 0.9861669467980723 -0.0002051241440998579
vn -0.16575497267669995 0.9861669467980723 -0.0002051241440998579
vn -0.16575497267669995 0.9861669467980723 -0.0002051241440998579
vn -0.16575497267669995 0.9861669467980723 -0.0002051241440998579
vn -0.16575497267669995 0.9861669467980723 -0.0002051241440998579
vn 0.9998031263316752 -0.01980390566850773 0.001230405494586346
vn 0.9998031263316752 -0.01980390566850773 0.001230405494586346
vn 0.9998031263316752 -0.01980390566850773 0.001230405494586346
vn 0.9998031263316752 -0.01980390566850773 0.001230405494586346
vn 0.9998031263316752 -0.01980390566850773 0.001230405494586346
vn 0.9998031263316752 -0.01980390566850773 0.001230405494586346
vn -0.9878691966120646 0.1552835541726694 -0.0012116883005547678
vn -0.9878691966120646 0.1552835541726694 -0.0012116883005547678
vn -0.9878691966120646 0.1552835541726694 -0.0012116883005547678
vn -0.9878691966120646 0.1552835541726694 -0.0012116883005547678
vn -0.9878691966120646 0.1552835541726694 -0.0012116883005547678
vn -0.9878691966120646 0.1552835541726694 -0.0012116883005547678
vn 1.1665647114966758e-8 -0.9999999999999867 1.6292067961387597e-7
vn 1.1665647114966758e-8 -0.9999999999999867 1.6292067961387597e-7
vn 1.1665647114966758e-8 -0.9999999999999867 1.6292067961387597e-7
vn 1.1665647114966758e-8 -0.9999999999999867 1.6292067961387597e-7
vn 1.1665647114966758e-8 -0.9999999999999867 1.6292067961387597e-7
vn 1.1665647114966758e-8 -0.9999999999999867 1.6292067961387597e-7
vn 1.1264801536015055e-8 -0.9999999999999867 1.6292067961387597e-7
vn 1.1264801536015055e-8 -0.9999999999999867 1.6292067961387597e-7
vn 1.1264801536015055e-8 -0.9999999999999867 1.6292067961387597e-7
vn 1.1264801536015055e-8 -0.9999999999999867 1.6292067961387597e-7
vn 1.1264801536015055e-8 -0.9999999999999867 1.6292067961387597e-7
vn 1.1264801536015055e-8 -0.9999999999999867 1.6292067961387597e-7
vn 0.9878690774398631 0.15528426982993493 0.0012171201658096726
vn 0.9878690774398631 0.15528426982993493 0.0012171201658096726
vn 0.9878690774398631 0.15528426982993493 0.0012171201658096726
vn 0.9878690774398631 0.15528426982993493 0.0012171201658096726
vn 0.9878690774398631 0.15528426982993493 0.0012171201658096726
vn 0.9878690774398631 0.15528426982993493 0.0012171201658096726
vn 0.1657546441149339 0.986167002089305 0.00020480362410934923
vn 0.1657546441149339 0.986167002089305 0.00020480362410934923
vn 0.1657546441149339 0.986167002089305 0.00020480362410934923
vn 0.1657546441149339 0.986167002089305 0.00020480362410934923
vn 0.1657546441149339 0.986167002089305 0.00020480362410934923
vn 0.1657546441149339 0.986167002089305 0.00020480362410934923
vn -3.3493465778633436e-9 -0.9999999999999868 1.62920679613876e-7
vn -3.3493465778633436e-9 -0.9999999999999868 1.62920679613876e-7
vn -3.3493465778633436e-9 -0.9999999999999868 1.62920679613876e-7
vn -3.3493465778633436e-9 -0.9999999999999868 1.62920679613876e-7
vn -3.3493465778633436e-9 -0.9999999999999868 1.62920679613876e-7
vn -3.3493465778633436e-9 -0.9999999999999868 1.62920679613876e-7
vn -0.9554178086461607 0.2952548551601065 -0.0011753408667395369
vn -0.9554178086461607 0.2952548551601065 -0.0011753408667395369
vn -0.9554178086461607 0.2952548551601065 -0.0011753408667395369
vn -0.9554178086461607 0.2952548551601065 -0.0011753408667395369
vn -0.9554178086461607 0.2952548551601065 -0.0011753408667395369
vn -0.9554178086461607 0.2952548551601065 -0.0011753408667395369
vn 2.2510147346110324e-7 0.9999999999999613 -1.6292067961387184e-7
vn 2.2510147346110324e-7 0.9999999999999613 -1.6292067961387184e-7
vn 2.2510147346110324e-7 0.9999999999999613 -1.6292067961387184e-7
vn 2.2510147346110324e-7 0.9999999999999613 -1.6292067961387184e-7
vn 2.2510147346110324e-7 0.9999999999999613 -1.6292067961387184e-7
vn 2.2510147346110324e-7 0.9999999999999613 -1.6292067961387184e-7
vn 0.9554178002395632 0.2952548827474783 0.0011752443009045088
vn 0.9554178002395632 0.2952548827474783 0.0011752443009045088
vn 0.9554178002395632 0.2952548827474783 0.0011752443009045088
vn 0.9554178002395632 0.2952548827474783 0.0011752443009045088
vn 0.9554178002395632 0.2952548827474783 0.0011752443009045088
vn 0.9554178002395632 0.2952548827474783 0.0011752443009045088
vn -0.5864856046505313 -0.8099593249796583 -0.0007262342575206581
vn -0.5864856046505313 -0.8099593249796583 -0.0007262342575206581
vn -0.5864856046505313 -0.8099593249796583 -0.0007262342575206581
vn -0.5864856046505313 -0.8099593249796583 -0.0007262342575206581
vn -0.5864856046505313 -0.8099593249796583 -0.0007262342575206581
vn -0.5864856046505313 -0.8099593249796583 -0.0007262342575206581
vn -0.8979973550497762 0.4399994491094055 -0.0011113536907041055
vn -0.8979973550497762 0.4399994491094055 -0.0011113536907041055
vn -0.8979973550497762 0.4399994491094055 -0.0011113536907041055
vn -0.8979973550497762 0.4399994491094055 -0.0011113536907041055
vn -0.8979973550497762 0.4399994491094055 -0.0011113536907041055
vn -0.8979973550497762 0.4399994491094055 -0.0011113536907041055
vn 0.5864858460020945 -0.8099591499796225 0.0007265008569243713
vn 0.5864858460020945 -0.8099591499796225 0.0007265008569243713
vn 0.5864858460020945 -0.8099591499796225 0.0007265008569243713
vn 0.5864858460020945 -0.8099591499796225 0.0007265008569243713
vn 0.5864858460020945 -0.8099591499796225 0.0007265008569243713
vn 0.5864858460020945 -0.8099591499796225 0.0007265008569243713
vn 0.8979973550494277 0.4399994494713365 0.001111210669931014
vn 0.8979973550494277 0.4399994494713365 0.001111210669931014
vn 0.8979973550494277 0.4399994494713365 0.001111210669931014
vn 0.8979973550494277 0.4399994494713365 0.001111210669931014
vn 0.8979973550494277 0.4399994494713365 0.001111210669931014
vn 0.8979973550494277 0.4399994494713365 0.001111210669931014
vn -0.793091104760946 -0.6091022388797518 -0.000980887728579797
vn -0.793091104760946 -0.6091022388797518 -0.000980887728579797
vn -0.793091104760946 -0.6091022388797518 -0.000980887728579797
vn -0.793091104760946 -0.6091022388797518 -0.000980887728579797
vn -0.793091104760946 -0.6091022388797518 -0.000980887728579797
vn -0.793091104760946 -0.6091022388797518 -0.000980887728579797
vn -0.7497095013789462 0.6617664224487461 -0.0009304093291535645
vn -0.7497095013789462 0.6617664224487461 -0.0009304093291535645
vn -0.7497095013789462 0.6617664224487461 -0.0009304093291535645
vn -0.7497095013789462 0.6617664224487461 -0.0009304093291535645
vn -0.7497095013789462 0.6617664224487461 -0.0009304093291535645
vn -0.7497095013789462 0.6617664224487461 -0.0009304093291535645
vn 0.7930911844620505 -0.6091021347851057 0.0009810855256299556
vn 0.7930911844620505 -0.6091021347851057 0.0009810855256299556
vn 0.7930911844620505 -0.6091021347851057 0.0009810855256299556
vn 0.7930911844620505 -0.6091021347851057 0.0009810855256299556
vn 0.7930911844620505 -0.6091021347851057 0.0009810855256299556
vn 0.7930911844620505 -0.6091021347851057 0.0009810855256299556
vn 0.7497095013789462 0.6617664227518768 0.0009301936982829333
vn 0.7497095013789462 0.6617664227518768 0.0009301936982829333
vn 0.7497095013789462 0.6617664227518768 0.0009301936982829333
vn 0.7497095013789462 0.6617664227518768 0.0009301936982829333
vn 0.7497095013789462 0.6617664227518768 0.0009301936982829333
vn 0.7497095013789462 0.6617664227518768 0.0009301936982829333
vn -0.8902517173727406 -0.4554675332017209 -0.0010981411683059108
vn -0.8902517173727406 -0.4554675332017209 -0.0010981411683059108
vn -0.8902517173727406 -0.4554675332017209 -0.0010981411683059108
vn -0.8902517173727406 -0.4554675332017209 -0.0010981411683059108
vn -0.8902517173727406 -0.4554675332017209 -0.0010981411683059108
vn -0.8902517173727406 -0.4554675332017209 -0.0010981411683059108
vn -0.5233219223871851 0.8521348168439488 -0.000647666049097089
vn -0.5233219223871851 0.8521348168439488 -0.000647666049097089
vn -0.5233219223871851 0.8521348168439488 -0.000647666049097089
vn -0.5233219223871851 0.8521348168439488 -0.000647666049097089
vn -0.5233219223871851 0.8521348168439488 -0.000647666049097089
vn -0.5233219223871851 0.8521348168439488 -0.000647666049097089
vn 0.8902507826735837 -0.4554693598010974 0.0010982856869374714
vn 0.8902507826735837 -0.4554693598010974 0.0010982856869374714
vn 0.8902507826735837 -0.4554693598010974 0.0010982856869374714
vn 0.8902507826735837 -0.4554693598010974 0.0010982856869374714
vn 0.8902507826735837 -0.4554693598010974 0.0010982856869374714
vn 0.8902507826735837 -0.4554693598010974 0.0010982856869374714
vn 0.5233225146775687 0.8521344533110227 0.0006473885001571528
vn 0.5233225146775687 0.8521344533110227 0.0006473885001571528
vn 0.5233225146775687 0.8521344533110227 0.0006473885001571528
vn 0.5233225146775687 0.8521344533110227 0.0006473885001571528
vn 0.5233225146775687 0.8521344533110227 0.0006473885001571528
vn 0.5233225146775687 0.8521344533110227 0.0006473885001571528
vn -0.9842903781704907 -0.1765530588488369 -0.001211962091645442
vn -0.9842903781704907 -0.1765530588488369 -0.001211962091645442
vn -0.9842903781704907 -0.1765530588488369 -0.001211962091645442
vn -0.9842903781704907 -0.1765530588488369 -0.001211962091645442
vn -0.9842903781704907 -0.1765530588488369 -0.001211962091645442
vn -0.9842903781704907 -0.1765530588488369 -0.001211962091645442
vn -0.0012370672895299652 -0.0000021746418318169774 0.9999992348296034
vn -0.0012370672895299652 -0.0000021746418318169774 0.9999992348296034
vn -0.0012370672895299652 -0.0000021746418318169774 0.9999992348296034
vn -0.0012370672895299652 -0.0000021746418318169774 0.9999992348296034
vn -0.0012370672895299652 -0.0000021746418318169774 0.9999992348296034
vn -0.0012370672895299652 -0.0000021746418318169774 0.9999992348296034
vn -0.0012370935993560605 4.8748585964115604e-8 0.9999992347994193
vn -0.0012370935993560605 4.8748585964115604e-8 0.9999992347994193
vn -0.0012370935993560605 4.8748585964115604e-8 0.9999992347994193
vn -0.0012370935993560605 4.8748585964115604e-8 0.9999992347994193
vn -0.0012370935993560605 4.8748585964115604e-8 0.9999992347994193
vn -0.0012370935993560605 4.8748585964115604e-8 0.9999992347994193
vn -0.0012370935993560605 4.8748585964115604e-8 0.9999992347994193
vn -0.0012370935993560605 4.8748585964115604e-8 0.9999992347994193
vn -0.0012370935993560605 4.8748585964115604e-8 0.9999992347994193
vn -0.0012370935993560605 4.8748585964115604e-8 0.9999992347994193
vn -0.0012370935993560605 4.8748585964115604e-8 0.9999992347994193
vn -0.0012370935993560605 4.8748585964115604e-8 0.9999992347994193
vn -0.001237143192207744 1.3728206957807009e-7 0.9999992347380589
vn -0.001237143192207744 1.3728206957807009e-7 0.9999992347380589
vn -0.001237143192207744 1.3728206957807009e-7 0.9999992347380589
vn -0.001237143192207744 1.3728206957807009e-7 0.9999992347380589
vn -0.001237143192207744 1.3728206957807009e-7 0.9999992347380589
vn -0.001237143192207744 1.3728206957807009e-7 0.9999992347380589
vn -0.0012371660095761175 1.8689746628496066e-7 0.9999992347098221
vn -0.0012371660095761175 1.8689746628496066e-7 0.9999992347098221
vn -0.0012371660095761175 1.8689746628496066e-7 0.9999992347098221
vn -0.0012371660095761175 1.8689746628496066e-7 0.9999992347098221
vn -0.0012371660095761175 1.8689746628496066e-7 0.9999992347098221
vn -0.0012371660095761175 1.8689746628496066e-7 0.9999992347098221
vn -0.001237150409946666 -1.3249569047691487e-7 0.99999923472913
vn -0.001237150409946666 -1.3249569047691487e-7 0.99999923472913
vn -0.001237150409946666 -1.3249569047691487e-7 0.99999923472913
vn -0.001237150409946666 -1.3249569047691487e-7 0.99999923472913
vn -0.001237150409946666 -1.3249569047691487e-7 0.99999923472913
vn -0.001237150409946666 -1.3249569047691487e-7 0.99999923472913
vn -0.001237152272589036 1.7165881668863234e-7 0.9999992347268196
vn -0.001237152272589036 1.7165881668863234e-7 0.9999992347268196
vn -0.001237152272589036 1.7165881668863234e-7 0.9999992347268196
vn -0.001237152272589036 1.7165881668863234e-7 0.9999992347268196
vn -0.001237152272589036 1.7165881668863234e-7 0.9999992347268196
vn -0.001237152272589036 1.7165881668863234e-7 0.9999992347268196
vn -0.0012371665916518413 1.751388596393943e-7 0.999999234709104
vn -0.0012371665916518413 1.751388596393943e-7 0.999999234709104
vn -0.0012371665916518413 1.751388596393943e-7 0.999999234709104
vn -0.0012371665916518413 1.751388596393943e-7 0.999999234709104
vn -0.0012371665916518413 1.751388596393943e-7 0.999999234709104
vn -0.0012371665916518413 1.751388596393943e-7 0.999999234709104
vn -0.0012371546008919313 1.678690548141353e-7 0.9999992347239398
vn -0.0012371546008919313 1.678690548141353e-7 0.9999992347239398
vn -0.0012371546008919313 1.678690548141353e-7 0.9999992347239398
vn -0.0012371546008919313 1.678690548141353e-7 0.9999992347239398
vn -0.0012371546008919313 1.678690548141353e-7 0.9999992347239398
vn -0.0012371546008919313 1.678690548141353e-7 0.9999992347239398
vn -0.001237124915030015 1.432122486527416e-7 0.9999992347606694
vn -0.001237124915030015 1.432122486527416e-7 0.9999992347606694
vn -0.001237124915030015 1.432122486527416e-7 0.9999992347606694
vn -0.001237124915030015 1.432122486527416e-7 0.9999992347606694
vn -0.001237124915030015 1.432122486527416e-7 0.9999992347606694
vn -0.001237124915030015 1.432122486527416e-7 0.9999992347606694
vn -0.0012371374878656508 1.7010166449184275e-7 0.9999992347451108
vn -0.0012371374878656508 1.7010166449184275e-7 0.9999992347451108
vn -0.0012371374878656508 1.7010166449184275e-7 0.9999992347451108
vn -0.0012371374878656508 1.7010166449184275e-7 0.9999992347451108
vn -0.0012371374878656508 1.7010166449184275e-7 0.9999992347451108
vn -0.0012371374878656508 1.7010166449184275e-7 0.9999992347451108
vn -0.0012371502935315745 1.347987262442817e-7 0.9999992347292735
vn -0.0012371502935315745 1.347987262442817e-7 0.9999992347292735
vn -0.0012371502935315745 1.347987262442817e-7 0.9999992347292735
vn -0.0012371502935315745 1.347987262442817e-7 0.9999992347292735
vn -0.0012371502935315745 1.347987262442817e-7 0.9999992347292735
vn -0.0012371502935315745 1.347987262442817e-7 0.9999992347292735
vn -0.0012371192106879207 1.8006377883624903e-7 0.9999992347677202
vn -0.0012371192106879207 1.8006377883624903e-7 0.9999992347677202
vn -0.0012371192106879207 1.8006377883624903e-7 0.9999992347677202
vn -0.0012371192106879207 1.8006377883624903e-7 0.9999992347677202
vn -0.0012371192106879207 1.8006377883624903e-7 0.9999992347677202
vn -0.0012371192106879207 1.8006377883624903e-7 0.9999992347677202
vn -0.2630169068589546 0.9647911694727622 -0.00032559749407302723
vn -0.2630169068589546 0.9647911694727622 -0.00032559749407302723
vn -0.2630169068589546 0.9647911694727622 -0.00032559749407302723
vn -0.2630169068589546 0.9647911694727622 -0.00032559749407302723
vn -0.2630169068589546 0.9647911694727622 -0.00032559749407302723
vn -0.2630169068589546 0.9647911694727622 -0.00032559749407302723
vn 0.9842904111043546 -0.17655287485602578 0.0012120181900796324
vn 0.9842904111043546 -0.17655287485602578 0.0012120181900796324
vn 0.9842904111043546 -0.17655287485602578 0.0012120181900796324
vn 0.9842904111043546 -0.17655287485602578 0.0012120181900796324
vn 0.9842904111043546 -0.17655287485602578 0.0012120181900796324
vn 0.9842904111043546 -0.17655287485602578 0.0012120181900796324
vn 0.2630167958539786 0.9647911996737243 0.00032577728930160965
vn 0.2630167958539786 0.9647911996737243 0.00032577728930160965
vn 0.2630167958539786 0.9647911996737243 0.00032577728930160965
vn 0.2630167958539786 0.9647911996737243 0.00032577728930160965
vn 0.2630167958539786 0.9647911996737243 0.00032577728930160965
vn 0.2630167958539786 0.9647911996737243 0.00032577728930160965
vn -0.9998031265542464 -0.01980389489796125 -0.0012303979941925686
vn -0.9998031265542464 -0.01980389489796125 -0.0012303979941925686
vn -0.9998031265542464 -0.01980389489796125 -0.0012303979941925686
vn -0.9998031265542464 -0.01980389489796125 -0.0012303979941925686
vn -0.9998031265542464 -0.01980389489796125 -0.0012303979941925686
vn -0.9998031265542464 -0.01980389489796125 -0.0012303979941925686
vn -0.1657549581849449 0.9861669492338528 -0.00020512411550267345
vn -0.1657549581849449 0.9861669492338528 -0.00020512411550267345
vn -0.1657549581849449 0.9861669492338528 -0.00020512411550267345
vn -0.1657549581849449 0.9861669492338528 -0.00020512411550267345
vn -0.1657549581849449 0.9861669492338528 -0.00020512411550267345
vn -0.1657549581849449 0.9861669492338528 -0.00020512411550267345
vn 0.9998031261472734 -0.01980391497808088 0.0012304054943609295
vn 0.9998031261472734 -0.01980391497808088 0.0012304054943609295
vn 0.9998031261472734 -0.01980391497808088 0.0012304054943609295
vn 0.9998031261472734 -0.01980391497808088 0.0012304054943609295
vn 0.9998031261472734 -0.01980391497808088 0.0012304054943609295
vn 0.9998031261472734 -0.01980391497808088 0.0012304054943609295
vn -0.9878691854632325 0.15528358222160868 -0.0012171707499531164
vn -0.9878691854632325 0.15528358222160868 -0.0012171707499531164
vn -0.9878691854632325 0.15528358222160868 -0.0012171707499531164
vn -0.9878691854632325 0.15528358222160868 -0.0012171707499531164
vn -0.9878691854632325 0.15528358222160868 -0.0012171707499531164
vn -0.9878691854632325 0.15528358222160868 -0.0012171707499531164
vn 1.1665695964779841e-8 -0.9999999999999867 1.6292067961387597e-7
vn 1.1665695964779841e-8 -0.9999999999999867 1.6292067961387597e-7
vn 1.1665695964779841e-8 -0.9999999999999867 1.6292067961387597e-7
vn 1.1665695964779841e-8 -0.9999999999999867 1.6292067961387597e-7
vn 1.1665695964779841e-8 -0.9999999999999867 1.6292067961387597e-7
vn 1.1665695964779841e-8 -0.9999999999999867 1.6292067961387597e-7
vn -2.4782655927424447e-8 -0.9999999999999865 1.6292067961387594e-7
vn -2.4782655927424447e-8 -0.9999999999999865 1.6292067961387594e-7
vn -2.4782655927424447e-8 -0.9999999999999865 1.6292067961387594e-7
vn -2.4782655927424447e-8 -0.9999999999999865 1.6292067961387594e-7
vn -2.4782655927424447e-8 -0.9999999999999865 1.6292067961387594e-7
vn -2.4782655927424447e-8 -0.9999999999999865 1.6292067961387594e-7
vn 0.9878690774398631 0.15528426982993493 0.0012171201658096726
vn 0.9878690774398631 0.15528426982993493 0.0012171201658096726
vn 0.9878690774398631 0.15528426982993493 0.0012171201658096726
vn 0.9878690774398631 0.15528426982993493 0.0012171201658096726
vn 0.9878690774398631 0.15528426982993493 0.0012171201658096726
vn 0.9878690774398631 0.15528426982993493 0.0012171201658096726
vn 0.1657546441149339 0.986167002089305 0.00020480362410934923
vn 0.1657546441149339 0.986167002089305 0.00020480362410934923
vn 0.1657546441149339 0.986167002089305 0.00020480362410934923
vn 0.1657546441149339 0.986167002089305 0.00020480362410934923
vn 0.1657546441149339 0.986167002089305 0.00020480362410934923
vn 0.1657546441149339 0.986167002089305 0.00020480362410934923
vn -3.3493465778633436e-9 -0.9999999999999868 1.62920679613876e-7
vn -3.3493465778633436e-9 -0.9999999999999868 1.62920679613876e-7
vn -3.3493465778633436e-9 -0.9999999999999868 1.62920679613876e-7
vn -3.3493465778633436e-9 -0.9999999999999868 1.62920679613876e-7
vn -3.3493465778633436e-9 -0.9999999999999868 1.62920679613876e-7
vn -3.3493465778633436e-9 -0.9999999999999868 1.62920679613876e-7
vn -0.9554177698220521 0.2952549807912531 -0.0011753408923228684
vn -0.9554177698220521 0.2952549807912531 -0.0011753408923228684
vn -0.9554177698220521 0.2952549807912531 -0.0011753408923228684
vn -0.9554177698220521 0.2952549807912531 -0.0011753408923228684
vn -0.9554177698220521 0.2952549807912531 -0.0011753408923228684
vn -0.9554177698220521 0.2952549807912531 -0.0011753408923228684
vn 2.251014308285391e-7 0.9999999999999613 -1.6292067961387184e-7
vn 2.251014308285391e-7 0.9999999999999613 -1.6292067961387184e-7
vn 2.251014308285391e-7 0.9999999999999613 -1.6292067961387184e-7
vn 2.251014308285391e-7 0.9999999999999613 -1.6292067961387184e-7
vn 2.251014308285391e-7 0.9999999999999613 -1.6292067961387184e-7
vn 2.251014308285391e-7 0.9999999999999613 -1.6292067961387184e-7
vn 0.9554178254603992 0.29525480113456076 0.0011752444483581492
vn 0.9554178254603992 0.29525480113456076 0.0011752444483581492
vn 0.9554178254603992 0.29525480113456076 0.0011752444483581492
vn 0.9554178254603992 0.29525480113456076 0.0011752444483581492
vn 0.9554178254603992 0.29525480113456076 0.0011752444483581492
vn 0.9554178254603992 0.29525480113456076 0.0011752444483581492
vn -0.5864855655478193 -0.8099593532936212 -0.0007262342829078216
vn -0.5864855655478193 -0.8099593532936212 -0.0007262342829078216
vn -0.5864855655478193 -0.8099593532936212 -0.0007262342829078216
vn -0.5864855655478193 -0.8099593532936212 -0.0007262342829078216
vn -0.5864855655478193 -0.8099593532936212 -0.0007262342829078216
vn -0.5864855655478193 -0.8099593532936212 -0.0007262342829078216
vn -0.897997362750985 0.43999945288409437 -0.0011036095203392248
vn -0.897997362750985 0.43999945288409437 -0.0011036095203392248
vn -0.897997362750985 0.43999945288409437 -0.0011036095203392248
vn -0.897997362750985 0.43999945288409437 -0.0011036095203392248
vn -0.897997362750985 0.43999945288409437 -0.0011036095203392248
vn -0.897997362750985 0.43999945288409437 -0.0011036095203392248
vn 0.5864859134199205 -0.8099591011652794 0.0007264981308331055
vn 0.5864859134199205 -0.8099591011652794 0.0007264981308331055
vn 0.5864859134199205 -0.8099591011652794 0.0007264981308331055
vn 0.5864859134199205 -0.8099591011652794 0.0007264981308331055
vn 0.5864859134199205 -0.8099591011652794 0.0007264981308331055
vn 0.5864859134199205 -0.8099591011652794 0.0007264981308331055
vn 0.897997312040924 0.43999954700942495 0.0011073386004667755
vn 0.897997312040924 0.43999954700942495 0.0011073386004667755
vn 0.897997312040924 0.43999954700942495 0.0011073386004667755
vn 0.897997312040924 0.43999954700942495 0.0011073386004667755
vn 0.897997312040924 0.43999954700942495 0.0011073386004667755
vn 0.897997312040924 0.43999954700942495 0.0011073386004667755
vn -0.7930910861917628 -0.6091022703946719 -0.0009763212717599801
vn -0.7930910861917628 -0.6091022703946719 -0.0009763212717599801
vn -0.7930910861917628 -0.6091022703946719 -0.0009763212717599801
vn -0.7930910861917628 -0.6091022703946719 -0.0009763212717599801
vn -0.7930910861917628 -0.6091022703946719 -0.0009763212717599801
vn -0.7930910861917628 -0.6091022703946719 -0.0009763212717599801
vn -0.7497096127284258 0.6617662963016228 -0.0009304094940028937
vn -0.7497096127284258 0.6617662963016228 -0.0009304094940028937
vn -0.7497096127284258 0.6617662963016228 -0.0009304094940028937
vn -0.7497096127284258 0.6617662963016228 -0.0009304094940028937
vn -0.7497096127284258 0.6617662963016228 -0.0009304094940028937
vn -0.7497096127284258 0.6617662963016228 -0.0009304094940028937
vn 0.7930913659795494 -0.609101898442888 0.0009810820364758318
vn 0.7930913659795494 -0.609101898442888 0.0009810820364758318
vn 0.7930913659795494 -0.609101898442888 0.0009810820364758318
vn 0.7930913659795494 -0.609101898442888 0.0009810820364758318
vn 0.7930913659795494 -0.609101898442888 0.0009810820364758318
vn 0.7930913659795494 -0.609101898442888 0.0009810820364758318
vn 0.7497096127284258 0.6617662966047536 0.0009301938631733663
vn 0.7497096127284258 0.6617662966047536 0.0009301938631733663
vn 0.7497096127284258 0.6617662966047536 0.0009301938631733663
vn 0.7497096127284258 0.6617662966047536 0.0009301938631733663
vn 0.7497096127284258 0.6617662966047536 0.0009301938631733663
vn 0.7497096127284258 0.6617662966047536 0.0009301938631733663
vn -0.8902517097568443 -0.4554675591068787 -0.0010935612636605125
vn -0.8902517097568443 -0.4554675591068787 -0.0010935612636605125
vn -0.8902517097568443 -0.4554675591068787 -0.0010935612636605125
vn -0.8902517097568443 -0.4554675591068787 -0.0010935612636605125
vn -0.8902517097568443 -0.4554675591068787 -0.0010935612636605125
vn -0.8902517097568443 -0.4554675591068787 -0.0010935612636605125
vn -0.5233219217212629 0.8521348157592957 -0.0006496282285040638
vn -0.5233219217212629 0.8521348157592957 -0.0006496282285040638
vn -0.5233219217212629 0.8521348157592957 -0.0006496282285040638
vn -0.5233219217212629 0.8521348157592957 -0.0006496282285040638
vn -0.5233219217212629 0.8521348157592957 -0.0006496282285040638
vn -0.5233219217212629 0.8521348157592957 -0.0006496282285040638
vn 0.8902507826735837 -0.4554693598010974 0.0010982856869374714
vn 0.8902507826735837 -0.4554693598010974 0.0010982856869374714
vn 0.8902507826735837 -0.4554693598010974 0.0010982856869374714
vn 0.8902507826735837 -0.4554693598010974 0.0010982856869374714
vn 0.8902507826735837 -0.4554693598010974 0.0010982856869374714
vn 0.8902507826735837 -0.4554693598010974 0.0010982856869374714
vn 0.5233225140116261 0.8521344522269773 0.000649350737758033
vn 0.5233225140116261 0.8521344522269773 0.000649350737758033
vn 0.5233225140116261 0.8521344522269773 0.000649350737758033
vn 0.5233225140116261 0.8521344522269773 0.000649350737758033
vn 0.5233225140116261 0.8521344522269773 0.000649350737758033
vn 0.5233225140116261 0.8521344522269773 0.000649350737758033
vn -0.9842903859390378 -0.17655301553880356 -0.0012119621012181793
vn -0.9842903859390378 -0.17655301553880356 -0.0012119621012181793
vn -0.9842903859390378 -0.17655301553880356 -0.0012119621012181793
vn -0.9842903859390378 -0.17655301553880356 -0.0012119621012181793
vn -0.9842903859390378 -0.17655301553880356 -0.0012119621012181793
vn -0.9842903859390378 -0.17655301553880356 -0.0012119621012181793
vn -0.9938857239528709 0.1104067742143675 -0.001229605731741131
vn -0.9938857239528709 0.1104067742143675 -0.001229605731741131
vn -0.9938857239528709 0.1104067742143675 -0.001229605731741131
vn -0.9938857239528709 0.1104067742143675 -0.001229605731741131
vn -0.9938857239528709 0.1104067742143675 -0.001229605731741131
vn -0.9938857239528709 0.1104067742143675 -0.001229605731741131
vn -0.3568808205710218 -0.9341498194294601 -0.00044132579926545905
vn -0.3568808205710218 -0.9341498194294601 -0.00044132579926545905
vn -0.3568808205710218 -0.9341498194294601 -0.00044132579926545905
vn -0.3568808205710218 -0.9341498194294601 -0.00044132579926545905
vn -0.3568808205710218 -0.9341498194294601 -0.00044132579926545905
vn -0.3568808205710218 -0.9341498194294601 -0.00044132579926545905
vn 0.9987343601362888 0.05028072418204221 0.0012355803847436462
vn 0.9987343601362888 0.05028072418204221 0.0012355803847436462
vn 0.9987343601362888 0.05028072418204221 0.0012355803847436462
vn 0.9987343601362888 0.05028072418204221 0.0012355803847436462
vn 0.9987343601362888 0.05028072418204221 0.0012355803847436462
vn 0.9987343601362888 0.05028072418204221 0.0012355803847436462
vn -9.810312207036939e-8 -0.999999999999982 1.6292067961387522e-7
vn -9.810312207036939e-8 -0.999999999999982 1.6292067961387522e-7
vn -9.810312207036939e-8 -0.999999999999982 1.6292067961387522e-7
vn -9.810312207036939e-8 -0.999999999999982 1.6292067961387522e-7
vn -9.810312207036939e-8 -0.999999999999982 1.6292067961387522e-7
vn -9.810312207036939e-8 -0.999999999999982 1.6292067961387522e-7
vn -0.9999877558586787 0.004791388431539404 -0.0012372265846628124
vn -0.9999877558586787 0.004791388431539404 -0.0012372265846628124
vn -0.9999877558586787 0.004791388431539404 -0.0012372265846628124
vn -0.9999877558586787 0.004791388431539404 -0.0012372265846628124
vn -0.9999877558586787 0.004791388431539404 -0.0012372265846628124
vn -0.9999877558586787 0.004791388431539404 -0.0012372265846628124
vn -0.9987343605124464 0.05028071634779341 -0.0012355951389327307
vn -0.9987343605124464 0.05028071634779341 -0.0012355951389327307
vn -0.9987343605124464 0.05028071634779341 -0.0012355951389327307
vn -0.9987343605124464 0.05028071634779341 -0.0012355951389327307
vn -0.9987343605124464 0.05028071634779341 -0.0012355951389327307
vn -0.9987343605124464 0.05028071634779341 -0.0012355951389327307
vn 0.9938857295829179 0.11040672391571468 0.001229571319695629
vn 0.9938857295829179 0.11040672391571468 0.001229571319695629
vn 0.9938857295829179 0.11040672391571468 0.001229571319695629
vn 0.9938857295829179 0.11040672391571468 0.001229571319695629
vn 0.9938857295829179 0.11040672391571468 0.001229571319695629
vn 0.9938857295829179 0.11040672391571468 0.001229571319695629
vn -0.9494140628279295 -0.3140247725772218 -0.0011745264527905914
vn -0.9494140628279295 -0.3140247725772218 -0.0011745264527905914
vn -0.9494140628279295 -0.3140247725772218 -0.0011745264527905914
vn -0.9494140628279295 -0.3140247725772218 -0.0011745264527905914
vn -0.9494140628279295 -0.3140247725772218 -0.0011745264527905914
vn -0.9494140628279295 -0.3140247725772218 -0.0011745264527905914
vn 0.3568791976243419 -0.9341504392823754 0.00044169169265955213
vn 0.3568791976243419 -0.9341504392823754 0.00044169169265955213
vn 0.3568791976243419 -0.9341504392823754 0.00044169169265955213
vn 0.3568791976243419 -0.9341504392823754 0.00044169169265955213
vn 0.3568791976243419 -0.9341504392823754 0.00044169169265955213
vn 0.3568791976243419 -0.9341504392823754 0.00044169169265955213
vn 0.9999877548657526 0.004791637027354974 0.0012370663480818075
vn 0.9999877548657526 0.004791637027354974 0.0012370663480818075
vn 0.9999877548657526 0.004791637027354974 0.0012370663480818075
vn 0.9999877548657526 0.004791637027354974 0.0012370663480818075
vn 0.9999877548657526 0.004791637027354974 0.0012370663480818075
vn 0.9999877548657526 0.004791637027354974 0.0012370663480818075
vn 0.9494144682702993 -0.31402354639964647 0.0011746257334649688
vn 0.9494144682702993 -0.31402354639964647 0.0011746257334649688
vn 0.9494144682702993 -0.31402354639964647 0.0011746257334649688
vn 0.9494144682702993 -0.31402354639964647 0.0011746257334649688
vn 0.9494144682702993 -0.31402354639964647 0.0011746257334649688
vn 0.9494144682702993 -0.31402354639964647 0.0011746257334649688
vn -0.9984273705863178 0.05604694276147726 -0.0012352615849769006
vn -0.9984273705863178 0.05604694276147726 -0.0012352615849769006
vn -0.9984273705863178 0.05604694276147726 -0.0012352615849769006
vn -0.9984273705863178 0.05604694276147726 -0.0012352615849769006
vn -0.9984273705863178 0.05604694276147726 -0.0012352615849769006
vn -0.9984273705863178 0.05604694276147726 -0.0012352615849769006
vn 0.9984273680816049 0.056046987726853945 0.0012352458805957598
vn 0.9984273680816049 0.056046987726853945 0.0012352458805957598
vn 0.9984273680816049 0.056046987726853945 0.0012352458805957598
vn 0.9984273680816049 0.056046987726853945 0.0012352458805957598
vn 0.9984273680816049 0.056046987726853945 0.0012352458805957598
vn 0.9984273680816049 0.056046987726853945 0.0012352458805957598
vn -0.35436246059580684 -0.9292561906046565 0.10445180105391906
vn -0.35436246059580684 -0.9292561906046565 0.10445180105391906
vn -0.35436246059580684 -0.9292561906046565 0.10445180105391906
vn -0.35436246059580684 -0.9292561906046565 0.10445180105391906
vn -0.35436246059580684 -0.9292561906046565 0.10445180105391906
vn -0.35436246059580684 -0.9292561906046565 0.10445180105391906
vn -0.3298479002404664 -0.8711996630143888 0.3636090068611759
vn -0.3298479002404664 -0.8711996630143888 0.3636090068611759
vn -0.3298479002404664 -0.8711996630143888 0.3636090068611759
vn -0.3298479002404664 -0.8711996630143888 0.3636090068611759
vn -0.3298479002404664 -0.8711996630143888 0.3636090068611759
vn -0.3298479002404664 -0.8711996630143888 0.3636090068611759
vn -0.20020215739289626 -0.5342653984238468 0.8212670577968159
vn -0.20020215739289626 -0.5342653984238468 0.8212670577968159
vn -0.20020215739289626 -0.5342653984238468 0.8212670577968159
vn -0.20020215739289626 -0.5342653984238468 0.8212670577968159
vn -0.20020215739289626 -0.5342653984238468 0.8212670577968159
vn -0.20020215739289626 -0.5342653984238468 0.8212670577968159
vn -0.9164728665981876 -0.3043317419357944 0.2597300052739878
vn -0.9164728665981876 -0.3043317419357944 0.2597300052739878
vn -0.9164728665981876 -0.3043317419357944 0.2597300052739878
vn -0.9164728665981876 -0.3043317419357944 0.2597300052739878
vn -0.9164728665981876 -0.3043317419357944 0.2597300052739878
vn -0.9164728665981876 -0.3043317419357944 0.2597300052739878
vn -0.6685113934256198 -0.2256852584227821 0.7086315551757333
vn -0.6685113934256198 -0.2256852584227821 0.7086315551757333
vn -0.6685113934256198 -0.2256852584227821 0.7086315551757333
vn -0.6685113934256198 -0.2256852584227821 0.7086315551757333
vn -0.6685113934256198 -0.2256852584227821 0.7086315551757333
vn -0.6685113934256198 -0.2256852584227821 0.7086315551757333
vn -0.24481223500668098 -0.08487407765733664 0.965848518419348
vn -0.24481223500668098 -0.08487407765733664 0.965848518419348
vn -0.24481223500668098 -0.08487407765733664 0.965848518419348
vn -0.24481223500668098 -0.08487407765733664 0.965848518419348
vn -0.24481223500668098 -0.08487407765733664 0.965848518419348
vn -0.24481223500668098 -0.08487407765733664 0.965848518419348
vn 0.3541025287335069 -0.9292566181799345 0.10532585966099296
vn 0.3541025287335069 -0.9292566181799345 0.10532585966099296
vn 0.3541025287335069 -0.9292566181799345 0.10532585966099296
vn 0.3541025287335069 -0.9292566181799345 0.10532585966099296
vn 0.3541025287335069 -0.9292566181799345 0.10532585966099296
vn 0.3541025287335069 -0.9292566181799345 0.10532585966099296
vn 0.328946591997159 -0.8712059899485001 0.3644094711877132
vn 0.328946591997159 -0.8712059899485001 0.3644094711877132
vn 0.328946591997159 -0.8712059899485001 0.3644094711877132
vn 0.328946591997159 -0.8712059899485001 0.3644094711877132
vn 0.328946591997159 -0.8712059899485001 0.3644094711877132
vn 0.328946591997159 -0.8712059899485001 0.3644094711877132
vn 0.19817732597957033 -0.5342844665149641 0.8217456153265481
vn 0.19817732597957033 -0.5342844665149641 0.8217456153265481
vn 0.19817732597957033 -0.5342844665149641 0.8217456153265481
vn 0.19817732597957033 -0.5342844665149641 0.8217456153265481
vn 0.19817732597957033 -0.5342844665149641 0.8217456153265481
vn 0.19817732597957033 -0.5342844665149641 0.8217456153265481
vn 0.9158327786200752 -0.30433204169036093 0.26197772807169856
vn 0.9158327786200752 -0.30433204169036093 0.26197772807169856
vn 0.9158327786200752 -0.30433204169036093 0.26197772807169856
vn 0.9158327786200752 -0.30433204169036093 0.26197772807169856
vn 0.9158327786200752 -0.30433204169036093 0.26197772807169856
vn 0.9158327786200752 -0.30433204169036093 0.26197772807169856
vn 0.6667745637210478 -0.2256928096765843 0.7102636389643604
vn 0.6667745637210478 -0.2256928096765843 0.7102636389643604
vn 0.6667745637210478 -0.2256928096765843 0.7102636389643604
vn 0.6667745637210478 -0.2256928096765843 0.7102636389643604
vn 0.6667745637210478 -0.2256928096765843 0.7102636389643604
vn 0.6667745637210478 -0.2256928096765843 0.7102636389643604
vn 0.24243103541396224 -0.08488104594054975 0.9664483437350144
vn 0.24243103541396224 -0.08488104594054975 0.9664483437350144
vn 0.24243103541396224 -0.08488104594054975 0.9664483437350144
vn 0.24243103541396224 -0.08488104594054975 0.9664483437350144
vn 0.24243103541396224 -0.08488104594054975 0.9664483437350144
vn 0.24243103541396224 -0.08488104594054975 0.9664483437350144
vn -0.9618593904451875 0.053475128540630336 0.268266516061873
vn -0.9618593904451875 0.053475128540630336 0.268266516061873
vn -0.9618593904451875 0.053475128540630336 0.268266516061873
vn -0.9618593904451875 0.053475128540630336 0.268266516061873
vn -0.9618593904451875 0.053475128540630336 0.268266516061873
vn -0.9618593904451875 0.053475128540630336 0.268266516061873
vn -0.6915086574895979 0.03672667833651441 0.7214339385663112
vn -0.6915086574895979 0.03672667833651441 0.7214339385663112
vn -0.6915086574895979 0.03672667833651441 0.7214339385663112
vn -0.6915086574895979 0.03672667833651441 0.7214339385663112
vn -0.6915086574895979 0.03672667833651441 0.7214339385663112
vn -0.6915086574895979 0.03672667833651441 0.7214339385663112
vn -0.2493660161043476 0.01209923386810911 0.9683337227175614
vn -0.2493660161043476 0.01209923386810911 0.9683337227175614
vn -0.2493660161043476 0.01209923386810911 0.9683337227175614
vn -0.2493660161043476 0.01209923386810911 0.9683337227175614
vn -0.2493660161043476 0.01209923386810911 0.9683337227175614
vn -0.2493660161043476 0.01209923386810911 0.9683337227175614
vn 0.9611973636273754 0.053475240793361405 0.270628946673993
vn 0.9611973636273754 0.053475240793361405 0.270628946673993
vn 0.9611973636273754 0.053475240793361405 0.270628946673993
vn 0.9611973636273754 0.053475240793361405 0.270628946673993
vn 0.9611973636273754 0.053475240793361405 0.270628946673993
vn 0.9611973636273754 0.053475240793361405 0.270628946673993
vn 0.6897419061708908 0.036728253875675264 0.7231231833090334
vn 0.6897419061708908 0.036728253875675264 0.7231231833090334
vn 0.6897419061708908 0.036728253875675264 0.7231231833090334
vn 0.6897419061708908 0.036728253875675264 0.7231231833090334
vn 0.6897419061708908 0.036728253875675264 0.7231231833090334
vn 0.6897419061708908 0.036728253875675264 0.7231231833090334
vn 0.24697933828242458 0.012100395154123686 0.9689451929282118
vn 0.24697933828242458 0.012100395154123686 0.9689451929282118
vn 0.24697933828242458 0.012100395154123686 0.9689451929282118
vn 0.24697933828242458 0.012100395154123686 0.9689451929282118
vn 0.24697933828242458 0.012100395154123686 0.9689451929282118
vn 0.24697933828242458 0.012100395154123686 0.9689451929282118
vn -0.9586641144885334 0.10641346648078055 0.2638925723537138
vn -0.9586641144885334 0.10641346648078055 0.2638925723537138
vn -0.9586641144885334 0.10641346648078055 0.2638925723537138
vn -0.9586641144885334 0.10641346648078055 0.2638925723537138
vn -0.9586641144885334 0.10641346648078055 0.2638925723537138
vn -0.9586641144885334 0.10641346648078055 0.2638925723537138
vn -0.6946081890721796 0.07682872792762012 0.7152739406960742
vn -0.6946081890721796 0.07682872792762012 0.7152739406960742
vn -0.6946081890721796 0.07682872792762012 0.7152739406960742
vn -0.6946081890721796 0.07682872792762012 0.7152739406960742
vn -0.6946081890721796 0.07682872792762012 0.7152739406960742
vn -0.6946081890721796 0.07682872792762012 0.7152739406960742
vn -0.25234032018208963 0.02767437846015401 0.9672427263036123
vn -0.25234032018208963 0.02767437846015401 0.9672427263036123
vn -0.25234032018208963 0.02767437846015401 0.9672427263036123
vn -0.25234032018208963 0.02767437846015401 0.9672427263036123
vn -0.25234032018208963 0.02767437846015401 0.9672427263036123
vn -0.25234032018208963 0.02767437846015401 0.9672427263036123
vn 0.9630973439648483 0.048492069223426755 0.2647489853999165
vn 0.9630973439648483 0.048492069223426755 0.2647489853999165
vn 0.9630973439648483 0.048492069223426755 0.2647489853999165
vn 0.9630973439648483 0.048492069223426755 0.2647489853999165
vn 0.9630973439648483 0.048492069223426755 0.2647489853999165
vn 0.9630973439648483 0.048492069223426755 0.2647489853999165
vn 0.6984209463030902 0.03505234912911177 0.7148283112647588
vn 0.6984209463030902 0.03505234912911177 0.7148283112647588
vn 0.6984209463030902 0.03505234912911177 0.7148283112647588
vn 0.6984209463030902 0.03505234912911177 0.7148283112647588
vn 0.6984209463030902 0.03505234912911177 0.7148283112647588
vn 0.6984209463030902 0.03505234912911177 0.7148283112647588
vn 0.25263938593298546 0.012613893857826146 0.9674782841785895
vn 0.25263938593298546 0.012613893857826146 0.9674782841785895
vn 0.25263938593298546 0.012613893857826146 0.9674782841785895
vn 0.25263938593298546 0.012613893857826146 0.9674782841785895
vn 0.25263938593298546 0.012613893857826146 0.9674782841785895
vn 0.25263938593298546 0.012613893857826146 0.9674782841785895
vn -0.9654994808472277 0.004654623242939107 0.2603633748556042
vn -0.9654994808472277 0.004654623242939107 0.2603633748556042
vn -0.9654994808472277 0.004654623242939107 0.2603633748556042
vn -0.9654994808472277 0.004654623242939107 0.2603633748556042
vn -0.9654994808472277 0.004654623242939107 0.2603633748556042
vn -0.9654994808472277 0.004654623242939107 0.2603633748556042
vn -0.7039724983139632 0.003266634784465196 0.7102197200266845
vn -0.7039724983139632 0.003266634784465196 0.7102197200266845
vn -0.7039724983139632 0.003266634784465196 0.7102197200266845
vn -0.7039724983139632 0.003266634784465196 0.7102197200266845
vn -0.7039724983139632 0.003266634784465196 0.7102197200266845
vn -0.7039724983139632 0.003266634784465196 0.7102197200266845
vn -0.25729852893853966 0.0010799456331773358 0.9663313617613231
vn -0.25729852893853966 0.0010799456331773358 0.9663313617613231
vn -0.25729852893853966 0.0010799456331773358 0.9663313617613231
vn -0.25729852893853966 0.0010799456331773358 0.9663313617613231
vn -0.25729852893853966 0.0010799456331773358 0.9663313617613231
vn -0.25729852893853966 0.0010799456331773358 0.9663313617613231
vn -0.9637442581455669 0.04849204474345366 0.2623843106743422
vn -0.9637442581455669 0.04849204474345366 0.2623843106743422
vn -0.9637442581455669 0.04849204474345366 0.2623843106743422
vn -0.9637442581455669 0.04849204474345366 0.2623843106743422
vn -0.9637442581455669 0.04849204474345366 0.2623843106743422
vn -0.9637442581455669 0.04849204474345366 0.2623843106743422
vn -0.7001600268976463 0.03505149555301459 0.713125044711083
vn -0.7001600268976463 0.03505149555301459 0.713125044711083
vn -0.7001600268976463 0.03505149555301459 0.713125044711083
vn -0.7001600268976463 0.03505149555301459 0.713125044711083
vn -0.7001600268976463 0.03505149555301459 0.713125044711083
vn -0.7001600268976463 0.03505149555301459 0.713125044711083
vn -0.25500988810854236 0.012613324501914974 0.9668561739017226
vn -0.25500988810854236 0.012613324501914974 0.9668561739017226
vn -0.25500988810854236 0.012613324501914974 0.9668561739017226
vn -0.25500988810854236 0.012613324501914974 0.9668561739017226
vn -0.25500988810854236 0.012613324501914974 0.9668561739017226
vn -0.25500988810854236 0.012613324501914974 0.9668561739017226
vn 0.9580129830239237 0.10641369668505411 0.2662465953123616
vn 0.9580129830239237 0.10641369668505411 0.2662465953123616
vn 0.9580129830239237 0.10641369668505411 0.2662465953123616
vn 0.9580129830239237 0.10641369668505411 0.2662465953123616
vn 0.9580129830239237 0.10641369668505411 0.2662465953123616
vn 0.9580129830239237 0.10641369668505411 0.2662465953123616
vn 0.6928591568078137 0.07683063625916618 0.7169680900567172
vn 0.6928591568078137 0.07683063625916618 0.7169680900567172
vn 0.6928591568078137 0.07683063625916618 0.7169680900567172
vn 0.6928591568078137 0.07683063625916618 0.7169680900567172
vn 0.6928591568078137 0.07683063625916618 0.7169680900567172
vn 0.6928591568078137 0.07683063625916618 0.7169680900567172
vn 0.24996219752412505 0.027675760465465382 0.9678599857890441
vn 0.24996219752412505 0.027675760465465382 0.9678599857890441
vn 0.24996219752412505 0.027675760465465382 0.9678599857890441
vn 0.24996219752412505 0.027675760465465382 0.9678599857890441
vn 0.24996219752412505 0.027675760465465382 0.9678599857890441
vn 0.24996219752412505 0.027675760465465382 0.9678599857890441
vn 0.9648590242352182 0.0046548168548072736 0.26272684680464364
vn 0.9648590242352182 0.0046548168548072736 0.26272684680464364
vn 0.9648590242352182 0.0046548168548072736 0.26272684680464364
vn 0.9648590242352182 0.0046548168548072736 0.26272684680464364
vn 0.9648590242352182 0.0046548168548072736 0.26272684680464364
vn 0.9648590242352182 0.0046548168548072736 0.26272684680464364
vn 0.702250599071012 0.003266353892171822 0.7119223462124614
vn 0.702250599071012 0.003266353892171822 0.7119223462124614
vn 0.702250599071012 0.003266353892171822 0.7119223462124614
vn 0.702250599071012 0.003266353892171822 0.7119223462124614
vn 0.702250599071012 0.003266353892171822 0.7119223462124614
vn 0.702250599071012 0.003266353892171822 0.7119223462124614
vn 0.25493290423465004 0.0010794807481044556 0.9669581423514677
vn 0.25493290423465004 0.0010794807481044556 0.9669581423514677
vn 0.25493290423465004 0.0010794807481044556 0.9669581423514677
vn 0.25493290423465004 0.0010794807481044556 0.9669581423514677
vn 0.25493290423465004 0.0010794807481044556 0.9669581423514677
vn 0.25493290423465004 0.0010794807481044556 0.9669581423514677
vn -0.9628982817642889 0.0989269529856985 0.25107838805509614
vn -0.9628982817642889 0.0989269529856985 0.25107838805509614
vn -0.9628982817642889 0.0989269529856985 0.25107838805509614
vn -0.9628982817642889 0.0989269529856985 0.25107838805509614
vn -0.9628982817642889 0.0989269529856985 0.25107838805509614
vn -0.9628982817642889 0.0989269529856985 0.25107838805509614
vn -0.6904555058036915 0.2635632695031159 0.6736509463173018
vn -0.6904555058036915 0.2635632695031159 0.6736509463173018
vn -0.6904555058036915 0.2635632695031159 0.6736509463173018
vn -0.6904555058036915 0.2635632695031159 0.6736509463173018
vn -0.6904555058036915 0.2635632695031159 0.6736509463173018
vn -0.6904555058036915 0.2635632695031159 0.6736509463173018
vn -0.24841603029275 0.35213278663526437 0.9023812810946795
vn -0.24841603029275 0.35213278663526437 0.9023812810946795
vn -0.24841603029275 0.35213278663526437 0.9023812810946795
vn -0.24841603029275 0.35213278663526437 0.9023812810946795
vn -0.24841603029275 0.35213278663526437 0.9023812810946795
vn -0.24841603029275 0.35213278663526437 0.9023812810946795
vn -0.963008267995181 0.10070514107445996 0.249947095070326
vn -0.963008267995181 0.10070514107445996 0.249947095070326
vn -0.963008267995181 0.10070514107445996 0.249947095070326
vn -0.963008267995181 0.10070514107445996 0.249947095070326
vn -0.963008267995181 0.10070514107445996 0.249947095070326
vn -0.963008267995181 0.10070514107445996 0.249947095070326
vn -0.6909053939733313 0.2691171971461375 0.6709885772341904
vn -0.6909053939733313 0.2691171971461375 0.6709885772341904
vn -0.6909053939733313 0.2691171971461375 0.6709885772341904
vn -0.6909053939733313 0.2691171971461375 0.6709885772341904
vn -0.6909053939733313 0.2691171971461375 0.6709885772341904
vn -0.6909053939733313 0.2691171971461375 0.6709885772341904
vn -0.2486620405157278 0.3601318287275191 0.899150852495802
vn -0.2486620405157278 0.3601318287275191 0.899150852495802
vn -0.2486620405157278 0.3601318287275191 0.899150852495802
vn -0.2486620405157278 0.3601318287275191 0.899150852495802
vn -0.2486620405157278 0.3601318287275191 0.899150852495802
vn -0.2486620405157278 0.3601318287275191 0.899150852495802
vn -0.9610094104459304 0.06553365382267375 0.2686377733138344
vn -0.9610094104459304 0.06553365382267375 0.2686377733138344
vn -0.9610094104459304 0.06553365382267375 0.2686377733138344
vn -0.9610094104459304 0.06553365382267375 0.2686377733138344
vn -0.9610094104459304 0.06553365382267375 0.2686377733138344
vn -0.9610094104459304 0.06553365382267375 0.2686377733138344
vn -0.45908737281350137 0.27047326104466174 0.8462168747921914
vn -0.45908737281350137 0.27047326104466174 0.8462168747921914
vn -0.45908737281350137 0.27047326104466174 0.8462168747921914
vn -0.45908737281350137 0.27047326104466174 0.8462168747921914
vn -0.45908737281350137 0.27047326104466174 0.8462168747921914
vn -0.45908737281350137 0.27047326104466174 0.8462168747921914
vn -0.14418247637046724 0.3706832608620932 0.9174995006125752
vn -0.14418247637046724 0.3706832608620932 0.9174995006125752
vn -0.14418247637046724 0.3706832608620932 0.9174995006125752
vn -0.14418247637046724 0.3706832608620932 0.9174995006125752
vn -0.14418247637046724 0.3706832608620932 0.9174995006125752
vn -0.14418247637046724 0.3706832608620932 0.9174995006125752
vn -0.9665848358742504 0.009564623742219149 0.25616844659445936
vn -0.9665848358742504 0.009564623742219149 0.25616844659445936
vn -0.9665848358742504 0.009564623742219149 0.25616844659445936
vn -0.9665848358742504 0.009564623742219149 0.25616844659445936
vn -0.9665848358742504 0.009564623742219149 0.25616844659445936
vn -0.9665848358742504 0.009564623742219149 0.25616844659445936
vn -0.7098671587058135 0.025208231383007384 0.7038843385539105
vn -0.7098671587058135 0.025208231383007384 0.7038843385539105
vn -0.7098671587058135 0.025208231383007384 0.7038843385539105
vn -0.7098671587058135 0.025208231383007384 0.7038843385539105
vn -0.7098671587058135 0.025208231383007384 0.7038843385539105
vn -0.7098671587058135 0.025208231383007384 0.7038843385539105
vn -0.26131141080811815 0.034009855804083146 0.9646552110934021
vn -0.26131141080811815 0.034009855804083146 0.9646552110934021
vn -0.26131141080811815 0.034009855804083146 0.9646552110934021
vn -0.26131141080811815 0.034009855804083146 0.9646552110934021
vn -0.26131141080811815 0.034009855804083146 0.9646552110934021
vn -0.26131141080811815 0.034009855804083146 0.9646552110934021
vn -0.9644809469585854 0.05748481095725478 0.25782164273597924
vn -0.9644809469585854 0.05748481095725478 0.25782164273597924
vn -0.9644809469585854 0.05748481095725478 0.25782164273597924
vn -0.9644809469585854 0.05748481095725478 0.25782164273597924
vn -0.9644809469585854 0.05748481095725478 0.25782164273597924
vn -0.9644809469585854 0.05748481095725478 0.25782164273597924
vn -0.7064421798158754 0.04199631862008461 0.7065237121281598
vn -0.7064421798158754 0.04199631862008461 0.7065237121281598
vn -0.7064421798158754 0.04199631862008461 0.7065237121281598
vn -0.7064421798158754 0.04199631862008461 0.7065237121281598
vn -0.7064421798158754 0.04199631862008461 0.7065237121281598
vn -0.7064421798158754 0.04199631862008461 0.7065237121281598
vn -0.25935920497870785 0.015278398584339811 0.9656600713136639
vn -0.25935920497870785 0.015278398584339811 0.9656600713136639
vn -0.25935920497870785 0.015278398584339811 0.9656600713136639
vn -0.25935920497870785 0.015278398584339811 0.9656600713136639
vn -0.25935920497870785 0.015278398584339811 0.9656600713136639
vn -0.25935920497870785 0.015278398584339811 0.9656600713136639
vn 0.9603448940172435 0.06553130428444612 0.2710043038289031
vn 0.9603448940172435 0.06553130428444612 0.2710043038289031
vn 0.9603448940172435 0.06553130428444612 0.2710043038289031
vn 0.9603448940172435 0.06553130428444612 0.2710043038289031
vn 0.9603448940172435 0.06553130428444612 0.2710043038289031
vn 0.9603448940172435 0.06553130428444612 0.2710043038289031
vn 0.45701608534036375 0.2704692699293457 0.8473385815387234
vn 0.45701608534036375 0.2704692699293457 0.8473385815387234
vn 0.45701608534036375 0.2704692699293457 0.8473385815387234
vn 0.45701608534036375 0.2704692699293457 0.8473385815387234
vn 0.45701608534036375 0.2704692699293457 0.8473385815387234
vn 0.45701608534036375 0.2704692699293457 0.8473385815387234
vn 0.14191831946200606 0.37068346973292216 0.9178523606048208
vn 0.14191831946200606 0.37068346973292216 0.9178523606048208
vn 0.14191831946200606 0.37068346973292216 0.9178523606048208
vn 0.14191831946200606 0.37068346973292216 0.9178523606048208
vn 0.14191831946200606 0.37068346973292216 0.9178523606048208
vn 0.14191831946200606 0.37068346973292216 0.9178523606048208
vn 0.9645506252920093 0.06424890976206586 0.2559573574703014
vn 0.9645506252920093 0.06424890976206586 0.2559573574703014
vn 0.9645506252920093 0.06424890976206586 0.2559573574703014
vn 0.9645506252920093 0.06424890976206586 0.2559573574703014
vn 0.9645506252920093 0.06424890976206586 0.2559573574703014
vn 0.9645506252920093 0.06424890976206586 0.2559573574703014
vn 0.7006536424808888 0.17323884478431573 0.6921508332264424
vn 0.7006536424808888 0.17323884478431573 0.6921508332264424
vn 0.7006536424808888 0.17323884478431573 0.6921508332264424
vn 0.7006536424808888 0.17323884478431573 0.6921508332264424
vn 0.7006536424808888 0.17323884478431573 0.6921508332264424
vn 0.7006536424808888 0.17323884478431573 0.6921508332264424
vn 0.25391585413980533 0.2344144842411465 0.9383904243940314
vn 0.25391585413980533 0.2344144842411465 0.9383904243940314
vn 0.25391585413980533 0.2344144842411465 0.9383904243940314
vn 0.25391585413980533 0.2344144842411465 0.9383904243940314
vn 0.25391585413980533 0.2344144842411465 0.9383904243940314
vn 0.25391585413980533 0.2344144842411465 0.9383904243940314
vn 0.9645734283844524 0.042449512389821815 0.2603769193928873
vn 0.9645734283844524 0.042449512389821815 0.2603769193928873
vn 0.9645734283844524 0.042449512389821815 0.2603769193928873
vn 0.9645734283844524 0.042449512389821815 0.2603769193928873
vn 0.9645734283844524 0.042449512389821815 0.2603769193928873
vn 0.9645734283844524 0.042449512389821815 0.2603769193928873
vn 0.7050146432198464 0.0309843605480017 0.7085155765733199
vn 0.7050146432198464 0.0309843605480017 0.7085155765733199
vn 0.7050146432198464 0.0309843605480017 0.7085155765733199
vn 0.7050146432198464 0.0309843605480017 0.7085155765733199
vn 0.7050146432198464 0.0309843605480017 0.7085155765733199
vn 0.7050146432198464 0.0309843605480017 0.7085155765733199
vn 0.25701159649340594 0.01124622136338451 0.9663428800239366
vn 0.25701159649340594 0.01124622136338451 0.9663428800239366
vn 0.25701159649340594 0.01124622136338451 0.9663428800239366
vn 0.25701159649340594 0.01124622136338451 0.9663428800239366
vn 0.25701159649340594 0.01124622136338451 0.9663428800239366
vn 0.25701159649340594 0.01124622136338451 0.9663428800239366
vn 0.9622790644160788 0.0989187382792374 0.25344444244007347
vn 0.9622790644160788 0.0989187382792374 0.25344444244007347
vn 0.9622790644160788 0.0989187382792374 0.25344444244007347
vn 0.9622790644160788 0.0989187382792374 0.25344444244007347
vn 0.9622790644160788 0.0989187382792374 0.25344444244007347
vn 0.9622790644160788 0.0989187382792374 0.25344444244007347
vn 0.6888087726237758 0.2635547624807598 0.6753379612684585
vn 0.6888087726237758 0.2635547624807598 0.6753379612684585
vn 0.6888087726237758 0.2635547624807598 0.6753379612684585
vn 0.6888087726237758 0.2635547624807598 0.6753379612684585
vn 0.6888087726237758 0.2635547624807598 0.6753379612684585
vn 0.6888087726237758 0.2635547624807598 0.6753379612684585
vn 0.2461949495375569 0.3521320585142099 0.9029900664950556
vn 0.2461949495375569 0.3521320585142099 0.9029900664950556
vn 0.2461949495375569 0.3521320585142099 0.9029900664950556
vn 0.2461949495375569 0.3521320585142099 0.9029900664950556
vn 0.2461949495375569 0.3521320585142099 0.9029900664950556
vn 0.2461949495375569 0.3521320585142099 0.9029900664950556
vn 0.9623902664006443 0.10070291036277745 0.25231706042549606
vn 0.9623902664006443 0.10070291036277745 0.25231706042549606
vn 0.9623902664006443 0.10070291036277745 0.25231706042549606
vn 0.9623902664006443 0.10070291036277745 0.25231706042549606
vn 0.9623902664006443 0.10070291036277745 0.25231706042549606
vn 0.9623902664006443 0.10070291036277745 0.25231706042549606
vn 0.6892627303712949 0.2691135242421986 0.6726773369090497
vn 0.6892627303712949 0.2691135242421986 0.6726773369090497
vn 0.6892627303712949 0.2691135242421986 0.6726773369090497
vn 0.6892627303712949 0.2691135242421986 0.6726773369090497
vn 0.6892627303712949 0.2691135242421986 0.6726773369090497
vn 0.6892627303712949 0.2691135242421986 0.6726773369090497
vn 0.24644984101150497 0.36013096031018854 0.899760060955956
vn 0.24644984101150497 0.36013096031018854 0.899760060955956
vn 0.24644984101150497 0.36013096031018854 0.899760060955956
vn 0.24644984101150497 0.36013096031018854 0.899760060955956
vn 0.24644984101150497 0.36013096031018854 0.899760060955956
vn 0.24644984101150497 0.36013096031018854 0.899760060955956
vn -0.19817120177794462 -0.5342711448898491 -0.821755753569134
vn -0.19817120177794462 -0.5342711448898491 -0.821755753569134
vn -0.19817120177794462 -0.5342711448898491 -0.821755753569134
vn -0.19817120177794462 -0.5342711448898491 -0.821755753569134
vn -0.19817120177794462 -0.5342711448898491 -0.821755753569134
vn -0.19817120177794462 -0.5342711448898491 -0.821755753569134
vn -0.32894617763755946 -0.8711996193932001 -0.3644250751344949
vn -0.32894617763755946 -0.8711996193932001 -0.3644250751344949
vn -0.32894617763755946 -0.8711996193932001 -0.3644250751344949
vn -0.32894617763755946 -0.8711996193932001 -0.3644250751344949
vn -0.32894617763755946 -0.8711996193932001 -0.3644250751344949
vn -0.32894617763755946 -0.8711996193932001 -0.3644250751344949
vn -0.35410439018511863 -0.9292556565890068 -0.10532808528098692
vn -0.35410439018511863 -0.9292556565890068 -0.10532808528098692
vn -0.35410439018511863 -0.9292556565890068 -0.10532808528098692
vn -0.35410439018511863 -0.9292556565890068 -0.10532808528098692
vn -0.35410439018511863 -0.9292556565890068 -0.10532808528098692
vn -0.35410439018511863 -0.9292556565890068 -0.10532808528098692
vn -0.24242425849265503 -0.08487614131397221 -0.9664504744320511
vn -0.24242425849265503 -0.08487614131397221 -0.9664504744320511
vn -0.24242425849265503 -0.08487614131397221 -0.9664504744320511
vn -0.24242425849265503 -0.08487614131397221 -0.9664504744320511
vn -0.24242425849265503 -0.08487614131397221 -0.9664504744320511
vn -0.24242425849265503 -0.08487614131397221 -0.9664504744320511
vn -0.6667566669491589 -0.22568856555902816 -0.710281788063552
vn -0.6667566669491589 -0.22568856555902816 -0.710281788063552
vn -0.6667566669491589 -0.22568856555902816 -0.710281788063552
vn -0.6667566669491589 -0.22568856555902816 -0.710281788063552
vn -0.6667566669491589 -0.22568856555902816 -0.710281788063552
vn -0.6667566669491589 -0.22568856555902816 -0.710281788063552
vn -0.9158282399724132 -0.30433075326029724 -0.26199509058196435
vn -0.9158282399724132 -0.30433075326029724 -0.26199509058196435
vn -0.9158282399724132 -0.30433075326029724 -0.26199509058196435
vn -0.9158282399724132 -0.30433075326029724 -0.26199509058196435
vn -0.9158282399724132 -0.30433075326029724 -0.26199509058196435
vn -0.9158282399724132 -0.30433075326029724 -0.26199509058196435
vn 0.20021020518420882 -0.5342892129655308 -0.8212496031346199
vn 0.20021020518420882 -0.5342892129655308 -0.8212496031346199
vn 0.20021020518420882 -0.5342892129655308 -0.8212496031346199
vn 0.20021020518420882 -0.5342892129655308 -0.8212496031346199
vn 0.20021020518420882 -0.5342892129655308 -0.8212496031346199
vn 0.20021020518420882 -0.5342892129655308 -0.8212496031346199
vn 0.32984926839845097 -0.8712054962763364 -0.36359378899385647
vn 0.32984926839845097 -0.8712054962763364 -0.36359378899385647
vn 0.32984926839845097 -0.8712054962763364 -0.36359378899385647
vn 0.32984926839845097 -0.8712054962763364 -0.36359378899385647
vn 0.32984926839845097 -0.8712054962763364 -0.36359378899385647
vn 0.32984926839845097 -0.8712054962763364 -0.36359378899385647
vn 0.35436492518993756 -0.929255604995146 -0.10444864948976113
vn 0.35436492518993756 -0.929255604995146 -0.10444864948976113
vn 0.35436492518993756 -0.929255604995146 -0.10444864948976113
vn 0.35436492518993756 -0.929255604995146 -0.10444864948976113
vn 0.35436492518993756 -0.929255604995146 -0.10444864948976113
vn 0.35436492518993756 -0.929255604995146 -0.10444864948976113
vn 0.24482538313469748 -0.08488167342617418 -0.9658445181753227
vn 0.24482538313469748 -0.08488167342617418 -0.9658445181753227
vn 0.24482538313469748 -0.08488167342617418 -0.9658445181753227
vn 0.24482538313469748 -0.08488167342617418 -0.9658445181753227
vn 0.24482538313469748 -0.08488167342617418 -0.9658445181753227
vn 0.24482538313469748 -0.08488167342617418 -0.9658445181753227
vn 0.6685254000369311 -0.22569191156011714 -0.7086162223388633
vn 0.6685254000369311 -0.22569191156011714 -0.7086162223388633
vn 0.6685254000369311 -0.22569191156011714 -0.7086162223388633
vn 0.6685254000369311 -0.22569191156011714 -0.7086162223388633
vn 0.6685254000369311 -0.22569191156011714 -0.7086162223388633
vn 0.6685254000369311 -0.22569191156011714 -0.7086162223388633
vn 0.9164774543266546 -0.3043328392352663 -0.25971253083734014
vn 0.9164774543266546 -0.3043328392352663 -0.25971253083734014
vn 0.9164774543266546 -0.3043328392352663 -0.25971253083734014
vn 0.9164774543266546 -0.3043328392352663 -0.25971253083734014
vn 0.9164774543266546 -0.3043328392352663 -0.25971253083734014
vn 0.9164774543266546 -0.3043328392352663 -0.25971253083734014
vn -0.2469664916944697 0.012100335457312978 -0.9689484681147631
vn -0.2469664916944697 0.012100335457312978 -0.9689484681147631
vn -0.2469664916944697 0.012100335457312978 -0.9689484681147631
vn -0.2469664916944697 0.012100335457312978 -0.9689484681147631
vn -0.2469664916944697 0.012100335457312978 -0.9689484681147631
vn -0.2469664916944697 0.012100335457312978 -0.9689484681147631
vn -0.6897216933692086 0.036727514971351384 -0.7231425000232947
vn -0.6897216933692086 0.036727514971351384 -0.7231425000232947
vn -0.6897216933692086 0.036727514971351384 -0.7231425000232947
vn -0.6897216933692086 0.036727514971351384 -0.7231425000232947
vn -0.6897216933692086 0.036727514971351384 -0.7231425000232947
vn -0.6897216933692086 0.036727514971351384 -0.7231425000232947
vn -0.9611934323941992 0.053474921789704796 -0.2706429719424524
vn -0.9611934323941992 0.053474921789704796 -0.2706429719424524
vn -0.9611934323941992 0.053474921789704796 -0.2706429719424524
vn -0.9611934323941992 0.053474921789704796 -0.2706429719424524
vn -0.9611934323941992 0.053474921789704796 -0.2706429719424524
vn -0.9611934323941992 0.053474921789704796 -0.2706429719424524
vn 0.24937833629654468 0.01209877197894821 -0.968330555700154
vn 0.24937833629654468 0.01209877197894821 -0.968330555700154
vn 0.24937833629654468 0.01209877197894821 -0.968330555700154
vn 0.24937833629654468 0.01209877197894821 -0.968330555700154
vn 0.24937833629654468 0.01209877197894821 -0.968330555700154
vn 0.24937833629654468 0.01209877197894821 -0.968330555700154
vn 0.691528403628331 0.03672661925814947 -0.7214150139920287
vn 0.691528403628331 0.03672661925814947 -0.7214150139920287
vn 0.691528403628331 0.03672661925814947 -0.7214150139920287
vn 0.691528403628331 0.03672661925814947 -0.7214150139920287
vn 0.691528403628331 0.03672661925814947 -0.7214150139920287
vn 0.691528403628331 0.03672661925814947 -0.7214150139920287
vn 0.9618636913798858 0.05347481068542354 -0.26825115810974237
vn 0.9618636913798858 0.05347481068542354 -0.26825115810974237
vn 0.9618636913798858 0.05347481068542354 -0.26825115810974237
vn 0.9618636913798858 0.05347481068542354 -0.26825115810974237
vn 0.9618636913798858 0.05347481068542354 -0.26825115810974237
vn 0.9618636913798858 0.05347481068542354 -0.26825115810974237
vn -0.2499464041780995 0.027673999892035887 -0.9678641148262569
vn -0.2499464041780995 0.027673999892035887 -0.9678641148262569
vn -0.2499464041780995 0.027673999892035887 -0.9678641148262569
vn -0.2499464041780995 0.027673999892035887 -0.9678641148262569
vn -0.2499464041780995 0.027673999892035887 -0.9678641148262569
vn -0.2499464041780995 0.027673999892035887 -0.9678641148262569
vn -0.6928363244748031 0.07682830860822921 -0.7169904033420837
vn -0.6928363244748031 0.07682830860822921 -0.7169904033420837
vn -0.6928363244748031 0.07682830860822921 -0.7169904033420837
vn -0.6928363244748031 0.07682830860822921 -0.7169904033420837
vn -0.6928363244748031 0.07682830860822921 -0.7169904033420837
vn -0.6928363244748031 0.07682830860822921 -0.7169904033420837
vn -0.9580079171713406 0.10641335666839359 -0.26626495856495075
vn -0.9580079171713406 0.10641335666839359 -0.26626495856495075
vn -0.9580079171713406 0.10641335666839359 -0.26626495856495075
vn -0.9580079171713406 0.10641335666839359 -0.26626495856495075
vn -0.9580079171713406 0.10641335666839359 -0.26626495856495075
vn -0.9580079171713406 0.10641335666839359 -0.26626495856495075
vn 0.2550292621167509 0.012613499460277667 -0.966851061485455
vn 0.2550292621167509 0.012613499460277667 -0.966851061485455
vn 0.2550292621167509 0.012613499460277667 -0.966851061485455
vn 0.2550292621167509 0.012613499460277667 -0.966851061485455
vn 0.2550292621167509 0.012613499460277667 -0.966851061485455
vn 0.2550292621167509 0.012613499460277667 -0.966851061485455
vn 0.7001910955385288 0.03505242621487638 -0.7130944938400561
vn 0.7001910955385288 0.03505242621487638 -0.7130944938400561
vn 0.7001910955385288 0.03505242621487638 -0.7130944938400561
vn 0.7001910955385288 0.03505242621487638 -0.7130944938400561
vn 0.7001910955385288 0.03505242621487638 -0.7130944938400561
vn 0.7001910955385288 0.03505242621487638 -0.7130944938400561
vn 0.9637494120796684 0.04849204261283042 -0.26236537980329816
vn 0.9637494120796684 0.04849204261283042 -0.26236537980329816
vn 0.9637494120796684 0.04849204261283042 -0.26236537980329816
vn 0.9637494120796684 0.04849204261283042 -0.26236537980329816
vn 0.9637494120796684 0.04849204261283042 -0.26236537980329816
vn 0.9637494120796684 0.04849204261283042 -0.26236537980329816
vn -0.25490567172174067 0.001079968850118602 -0.9669653210903538
vn -0.25490567172174067 0.001079968850118602 -0.9669653210903538
vn -0.25490567172174067 0.001079968850118602 -0.9669653210903538
vn -0.25490567172174067 0.001079968850118602 -0.9669653210903538
vn -0.25490567172174067 0.001079968850118602 -0.9669653210903538
vn -0.25490567172174067 0.001079968850118602 -0.9669653210903538
vn -0.702214410140458 0.0032664112796483504 -0.7119580414241001
vn -0.702214410140458 0.0032664112796483504 -0.7119580414241001
vn -0.702214410140458 0.0032664112796483504 -0.7119580414241001
vn -0.702214410140458 0.0032664112796483504 -0.7119580414241001
vn -0.702214410140458 0.0032664112796483504 -0.7119580414241001
vn -0.702214410140458 0.0032664112796483504 -0.7119580414241001
vn -0.9648519664802109 0.004654545792373648 -0.2627527696956526
vn -0.9648519664802109 0.004654545792373648 -0.2627527696956526
vn -0.9648519664802109 0.004654545792373648 -0.2627527696956526
vn -0.9648519664802109 0.004654545792373648 -0.2627527696956526
vn -0.9648519664802109 0.004654545792373648 -0.2627527696956526
vn -0.9648519664802109 0.004654545792373648 -0.2627527696956526
vn -0.252617272453032 0.01261305799530573 -0.9674840693398511
vn -0.252617272453032 0.01261305799530573 -0.9674840693398511
vn -0.252617272453032 0.01261305799530573 -0.9674840693398511
vn -0.252617272453032 0.01261305799530573 -0.9674840693398511
vn -0.252617272453032 0.01261305799530573 -0.9674840693398511
vn -0.252617272453032 0.01261305799530573 -0.9674840693398511
vn -0.6983943398392977 0.035051522739172385 -0.7148543465868393
vn -0.6983943398392977 0.035051522739172385 -0.7148543465868393
vn -0.6983943398392977 0.035051522739172385 -0.7148543465868393
vn -0.6983943398392977 0.035051522739172385 -0.7148543465868393
vn -0.6983943398392977 0.035051522739172385 -0.7148543465868393
vn -0.6983943398392977 0.035051522739172385 -0.7148543465868393
vn -0.9630916334313893 0.04849196863236733 -0.26476977658451883
vn -0.9630916334313893 0.04849196863236733 -0.26476977658451883
vn -0.9630916334313893 0.04849196863236733 -0.26476977658451883
vn -0.9630916334313893 0.04849196863236733 -0.26476977658451883
vn -0.9630916334313893 0.04849196863236733 -0.26476977658451883
vn -0.9630916334313893 0.04849196863236733 -0.26476977658451883
vn 0.2523560193234998 0.02767554895110426 -0.9672385969870374
vn 0.2523560193234998 0.02767554895110426 -0.9672385969870374
vn 0.2523560193234998 0.02767554895110426 -0.9672385969870374
vn 0.2523560193234998 0.02767554895110426 -0.9672385969870374
vn 0.2523560193234998 0.02767554895110426 -0.9672385969870374
vn 0.2523560193234998 0.02767554895110426 -0.9672385969870374
vn 0.6946312385453783 0.0768305633306603 -0.7152513592963016
vn 0.6946312385453783 0.0768305633306603 -0.7152513592963016
vn 0.6946312385453783 0.0768305633306603 -0.7152513592963016
vn 0.6946312385453783 0.0768305633306603 -0.7152513592963016
vn 0.6946312385453783 0.0768305633306603 -0.7152513592963016
vn 0.6946312385453783 0.0768305633306603 -0.7152513592963016
vn 0.9586683001236385 0.1064136501944857 -0.2638772922976492
vn 0.9586683001236385 0.1064136501944857 -0.2638772922976492
vn 0.9586683001236385 0.1064136501944857 -0.2638772922976492
vn 0.9586683001236385 0.1064136501944857 -0.2638772922976492
vn 0.9586683001236385 0.1064136501944857 -0.2638772922976492
vn 0.9586683001236385 0.1064136501944857 -0.2638772922976492
vn 0.2573200722617629 0.0010793604312537227 -0.9663256259627292
vn 0.2573200722617629 0.0010793604312537227 -0.9663256259627292
vn 0.2573200722617629 0.0010793604312537227 -0.9663256259627292
vn 0.2573200722617629 0.0010793604312537227 -0.9663256259627292
vn 0.2573200722617629 0.0010793604312537227 -0.9663256259627292
vn 0.2573200722617629 0.0010793604312537227 -0.9663256259627292
vn 0.7040127293568053 0.0032660105770165268 -0.710179843475223
vn 0.7040127293568053 0.0032660105770165268 -0.710179843475223
vn 0.7040127293568053 0.0032660105770165268 -0.710179843475223
vn 0.7040127293568053 0.0032660105770165268 -0.710179843475223
vn 0.7040127293568053 0.0032660105770165268 -0.710179843475223
vn 0.7040127293568053 0.0032660105770165268 -0.710179843475223
vn 0.9655058459402149 0.004654659420801653 -0.2603397695338656
vn 0.9655058459402149 0.004654659420801653 -0.2603397695338656
vn 0.9655058459402149 0.004654659420801653 -0.2603397695338656
vn 0.9655058459402149 0.004654659420801653 -0.2603397695338656
vn 0.9655058459402149 0.004654659420801653 -0.2603397695338656
vn 0.9655058459402149 0.004654659420801653 -0.2603397695338656
vn -0.24618022628463646 0.35213289547542187 -0.9029937541924311
vn -0.24618022628463646 0.35213289547542187 -0.9029937541924311
vn -0.24618022628463646 0.35213289547542187 -0.9029937541924311
vn -0.24618022628463646 0.35213289547542187 -0.9029937541924311
vn -0.24618022628463646 0.35213289547542187 -0.9029937541924311
vn -0.24618022628463646 0.35213289547542187 -0.9029937541924311
vn -0.688786769663826 0.2635622806480743 -0.6753574684236912
vn -0.688786769663826 0.2635622806480743 -0.6753574684236912
vn -0.688786769663826 0.2635622806480743 -0.6753574684236912
vn -0.688786769663826 0.2635622806480743 -0.6753574684236912
vn -0.688786769663826 0.2635622806480743 -0.6753574684236912
vn -0.688786769663826 0.2635622806480743 -0.6753574684236912
vn -0.9622740781698411 0.09892660012475821 -0.25346030511726847
vn -0.9622740781698411 0.09892660012475821 -0.25346030511726847
vn -0.9622740781698411 0.09892660012475821 -0.25346030511726847
vn -0.9622740781698411 0.09892660012475821 -0.25346030511726847
vn -0.9622740781698411 0.09892660012475821 -0.25346030511726847
vn -0.9622740781698411 0.09892660012475821 -0.25346030511726847
vn -0.24643709371976505 0.3601309769938673 -0.8997635457432128
vn -0.24643709371976505 0.3601309769938673 -0.8997635457432128
vn -0.24643709371976505 0.3601309769938673 -0.8997635457432128
vn -0.24643709371976505 0.3601309769938673 -0.8997635457432128
vn -0.24643709371976505 0.3601309769938673 -0.8997635457432128
vn -0.24643709371976505 0.3601309769938673 -0.8997635457432128
vn -0.689243176546731 0.2691176548248622 -0.672695719806019
vn -0.689243176546731 0.2691176548248622 -0.672695719806019
vn -0.689243176546731 0.2691176548248622 -0.672695719806019
vn -0.689243176546731 0.2691176548248622 -0.672695719806019
vn -0.689243176546731 0.2691176548248622 -0.672695719806019
vn -0.689243176546731 0.2691176548248622 -0.672695719806019
vn -0.962386844913156 0.1007052247187175 -0.25232918668369275
vn -0.962386844913156 0.1007052247187175 -0.25232918668369275
vn -0.962386844913156 0.1007052247187175 -0.25232918668369275
vn -0.962386844913156 0.1007052247187175 -0.25232918668369275
vn -0.962386844913156 0.1007052247187175 -0.25232918668369275
vn -0.962386844913156 0.1007052247187175 -0.25232918668369275
vn -0.12674477925921093 0.44128839408342196 -0.8883694694088763
vn -0.12674477925921093 0.44128839408342196 -0.8883694694088763
vn -0.12674477925921093 0.44128839408342196 -0.8883694694088763
vn -0.12674477925921093 0.44128839408342196 -0.8883694694088763
vn -0.12674477925921093 0.44128839408342196 -0.8883694694088763
vn -0.12674477925921093 0.44128839408342196 -0.8883694694088763
vn -0.48213976586967433 0.33738170778400306 -0.8085263319273435
vn -0.48213976586967433 0.33738170778400306 -0.8085263319273435
vn -0.48213976586967433 0.33738170778400306 -0.8085263319273435
vn -0.48213976586967433 0.33738170778400306 -0.8085263319273435
vn -0.48213976586967433 0.33738170778400306 -0.8085263319273435
vn -0.48213976586967433 0.33738170778400306 -0.8085263319273435
vn -0.9195885667154144 0.11108769307941624 -0.37685062347378845
vn -0.9195885667154144 0.11108769307941624 -0.37685062347378845
vn -0.9195885667154144 0.11108769307941624 -0.37685062347378845
vn -0.9195885667154144 0.11108769307941624 -0.37685062347378845
vn -0.9195885667154144 0.11108769307941624 -0.37685062347378845
vn -0.9195885667154144 0.11108769307941624 -0.37685062347378845
vn -0.2589260591505028 0.03400933973811928 -0.9652982237129453
vn -0.2589260591505028 0.03400933973811928 -0.9652982237129453
vn -0.2589260591505028 0.03400933973811928 -0.9652982237129453
vn -0.2589260591505028 0.03400933973811928 -0.9652982237129453
vn -0.2589260591505028 0.03400933973811928 -0.9652982237129453
vn -0.2589260591505028 0.03400933973811928 -0.9652982237129453
vn -0.7081220747288471 0.02520822413622663 -0.7056399030083337
vn -0.7081220747288471 0.02520822413622663 -0.7056399030083337
vn -0.7081220747288471 0.02520822413622663 -0.7056399030083337
vn -0.7081220747288471 0.02520822413622663 -0.7056399030083337
vn -0.7081220747288471 0.02520822413622663 -0.7056399030083337
vn -0.7081220747288471 0.02520822413622663 -0.7056399030083337
vn -0.965948300335098 0.009564614804765446 -0.2585583091362019
vn -0.965948300335098 0.009564614804765446 -0.2585583091362019
vn -0.965948300335098 0.009564614804765446 -0.2585583091362019
vn -0.965948300335098 0.009564614804765446 -0.2585583091362019
vn -0.965948300335098 0.009564614804765446 -0.2585583091362019
vn -0.965948300335098 0.009564614804765446 -0.2585583091362019
vn -0.2569680247101586 0.015278173771208204 -0.9662991315750914
vn -0.2569680247101586 0.015278173771208204 -0.9662991315750914
vn -0.2569680247101586 0.015278173771208204 -0.9662991315750914
vn -0.2569680247101586 0.015278173771208204 -0.9662991315750914
vn -0.2569680247101586 0.015278173771208204 -0.9662991315750914
vn -0.2569680247101586 0.015278173771208204 -0.9662991315750914
vn -0.7046913214407065 0.04199615329691396 -0.7082700506123445
vn -0.7046913214407065 0.04199615329691396 -0.7082700506123445
vn -0.7046913214407065 0.04199615329691396 -0.7082700506123445
vn -0.7046913214407065 0.04199615329691396 -0.7082700506123445
vn -0.7046913214407065 0.04199615329691396 -0.7082700506123445
vn -0.7046913214407065 0.04199615329691396 -0.7082700506123445
vn -0.9638398038590318 0.05748476541840147 -0.2602082516788708
vn -0.9638398038590318 0.05748476541840147 -0.2602082516788708
vn -0.9638398038590318 0.05748476541840147 -0.2602082516788708
vn -0.9638398038590318 0.05748476541840147 -0.2602082516788708
vn -0.9638398038590318 0.05748476541840147 -0.2602082516788708
vn -0.9638398038590318 0.05748476541840147 -0.2602082516788708
vn 0.1289472261017018 0.44128742531218956 -0.8880529382542549
vn 0.1289472261017018 0.44128742531218956 -0.8880529382542549
vn 0.1289472261017018 0.44128742531218956 -0.8880529382542549
vn 0.1289472261017018 0.44128742531218956 -0.8880529382542549
vn 0.1289472261017018 0.44128742531218956 -0.8880529382542549
vn 0.1289472261017018 0.44128742531218956 -0.8880529382542549
vn 0.48415820117853164 0.33737766421741283 -0.8073209695770146
vn 0.48415820117853164 0.33737766421741283 -0.8073209695770146
vn 0.48415820117853164 0.33737766421741283 -0.8073209695770146
vn 0.48415820117853164 0.33737766421741283 -0.8073209695770146
vn 0.48415820117853164 0.33737766421741283 -0.8073209695770146
vn 0.48415820117853164 0.33737766421741283 -0.8073209695770146
vn 0.9205256757560499 0.11108382718277485 -0.37455688968739476
vn 0.9205256757560499 0.11108382718277485 -0.37455688968739476
vn 0.9205256757560499 0.11108382718277485 -0.37455688968739476
vn 0.9205256757560499 0.11108382718277485 -0.37455688968739476
vn 0.9205256757560499 0.11108382718277485 -0.37455688968739476
vn 0.9205256757560499 0.11108382718277485 -0.37455688968739476
vn 0.25623803848460974 0.23441418187239124 -0.9377590623239305
vn 0.25623803848460974 0.23441418187239124 -0.9377590623239305
vn 0.25623803848460974 0.23441418187239124 -0.9377590623239305
vn 0.25623803848460974 0.23441418187239124 -0.9377590623239305
vn 0.25623803848460974 0.23441418187239124 -0.9377590623239305
vn 0.25623803848460974 0.23441418187239124 -0.9377590623239305
vn 0.7023661695606075 0.17323886439305844 -0.6904129631753474
vn 0.7023661695606075 0.17323886439305844 -0.6904129631753474
vn 0.7023661695606075 0.17323886439305844 -0.6904129631753474
vn 0.7023661695606075 0.17323886439305844 -0.6904129631753474
vn 0.7023661695606075 0.17323886439305844 -0.6904129631753474
vn 0.7023661695606075 0.17323886439305844 -0.6904129631753474
vn 0.9651807892127867 0.06424915962942442 -0.25357067973544295
vn 0.9651807892127867 0.06424915962942442 -0.25357067973544295
vn 0.9651807892127867 0.06424915962942442 -0.25357067973544295
vn 0.9651807892127867 0.06424915962942442 -0.25357067973544295
vn 0.9651807892127867 0.06424915962942442 -0.25357067973544295
vn 0.9651807892127867 0.06424915962942442 -0.25357067973544295
vn 0.2593972712250944 0.011245754734599116 -0.9657052286704385
vn 0.2593972712250944 0.011245754734599116 -0.9657052286704385
vn 0.2593972712250944 0.011245754734599116 -0.9657052286704385
vn 0.2593972712250944 0.011245754734599116 -0.9657052286704385
vn 0.2593972712250944 0.011245754734599116 -0.9657052286704385
vn 0.2593972712250944 0.011245754734599116 -0.9657052286704385
vn 0.7067674834208869 0.03098437339765715 -0.7067670712363875
vn 0.7067674834208869 0.03098437339765715 -0.7067670712363875
vn 0.7067674834208869 0.03098437339765715 -0.7067670712363875
vn 0.7067674834208869 0.03098437339765715 -0.7067670712363875
vn 0.7067674834208869 0.03098437339765715 -0.7067670712363875
vn 0.7067674834208869 0.03098437339765715 -0.7067670712363875
vn 0.965214584368836 0.042449554105757605 -0.25799000267048633
vn 0.965214584368836 0.042449554105757605 -0.25799000267048633
vn 0.965214584368836 0.042449554105757605 -0.25799000267048633
vn 0.965214584368836 0.042449554105757605 -0.25799000267048633
vn 0.965214584368836 0.042449554105757605 -0.25799000267048633
vn 0.965214584368836 0.042449554105757605 -0.25799000267048633
vn 0.2484310515121478 0.35213151032988965 -0.9023776438262194
vn 0.2484310515121478 0.35213151032988965 -0.9023776438262194
vn 0.2484310515121478 0.35213151032988965 -0.9023776438262194
vn 0.2484310515121478 0.35213151032988965 -0.9023776438262194
vn 0.2484310515121478 0.35213151032988965 -0.9023776438262194
vn 0.2484310515121478 0.35213151032988965 -0.9023776438262194
vn 0.6904800774716652 0.263553638024466 -0.6736295291172976
vn 0.6904800774716652 0.263553638024466 -0.6736295291172976
vn 0.6904800774716652 0.263553638024466 -0.6736295291172976
vn 0.6904800774716652 0.263553638024466 -0.6736295291172976
vn 0.6904800774716652 0.263553638024466 -0.6736295291172976
vn 0.6904800774716652 0.263553638024466 -0.6736295291172976
vn 0.962903030615059 0.09891900880829195 -0.2510633054206048
vn 0.962903030615059 0.09891900880829195 -0.2510633054206048
vn 0.962903030615059 0.09891900880829195 -0.2510633054206048
vn 0.962903030615059 0.09891900880829195 -0.2510633054206048
vn 0.962903030615059 0.09891900880829195 -0.2510633054206048
vn 0.962903030615059 0.09891900880829195 -0.2510633054206048
vn 0.24867456506492452 0.3601318827638186 -0.8991473670688015
vn 0.24867456506492452 0.3601318827638186 -0.8991473670688015
vn 0.24867456506492452 0.3601318827638186 -0.8991473670688015
vn 0.24867456506492452 0.3601318827638186 -0.8991473670688015
vn 0.24867456506492452 0.3601318827638186 -0.8991473670688015
vn 0.24867456506492452 0.3601318827638186 -0.8991473670688015
vn 0.690924665268804 0.26911233674945856 -0.6709706827667191
vn 0.690924665268804 0.26911233674945856 -0.6709706827667191
vn 0.690924665268804 0.26911233674945856 -0.6709706827667191
vn 0.690924665268804 0.26911233674945856 -0.6709706827667191
vn 0.690924665268804 0.26911233674945856 -0.6709706827667191
vn 0.690924665268804 0.26911233674945856 -0.6709706827667191
vn 0.9630118678372246 0.10070261085651712 -0.2499342444951089
vn 0.9630118678372246 0.10070261085651712 -0.2499342444951089
vn 0.9630118678372246 0.10070261085651712 -0.2499342444951089
vn 0.9630118678372246 0.10070261085651712 -0.2499342444951089
vn 0.9630118678372246 0.10070261085651712 -0.2499342444951089
vn 0.9630118678372246 0.10070261085651712 -0.2499342444951089
vn -0.965175732252924 0.06425321404365227 0.25358890029946585
vn -0.965175732252924 0.06425321404365227 0.25358890029946585
vn -0.965175732252924 0.06425321404365227 0.25358890029946585
vn -0.965175732252924 0.06425321404365227 0.25358890029946585
vn -0.965175732252924 0.06425321404365227 0.25358890029946585
vn -0.965175732252924 0.06425321404365227 0.25358890029946585
vn -0.7023374027874715 0.1732437440183066 0.6904410024066275
vn -0.7023374027874715 0.1732437440183066 0.6904410024066275
vn -0.7023374027874715 0.1732437440183066 0.6904410024066275
vn -0.7023374027874715 0.1732437440183066 0.6904410024066275
vn -0.7023374027874715 0.1732437440183066 0.6904410024066275
vn -0.7023374027874715 0.1732437440183066 0.6904410024066275
vn -0.25621965822446946 0.23441419652163129 0.93776408078389
vn -0.25621965822446946 0.23441419652163129 0.93776408078389
vn -0.25621965822446946 0.23441419652163129 0.93776408078389
vn -0.25621965822446946 0.23441419652163129 0.93776408078389
vn -0.25621965822446946 0.23441419652163129 0.93776408078389
vn -0.25621965822446946 0.23441419652163129 0.93776408078389
vn 0.965954266213947 0.009564745669864849 0.2585360153312227
vn 0.965954266213947 0.009564745669864849 0.2585360153312227
vn 0.965954266213947 0.009564745669864849 0.2585360153312227
vn 0.965954266213947 0.009564745669864849 0.2585360153312227
vn 0.965954266213947 0.009564745669864849 0.2585360153312227
vn 0.965954266213947 0.009564745669864849 0.2585360153312227
vn 0.7081546257530085 0.025209827072246397 0.7056071787075326
vn 0.7081546257530085 0.025209827072246397 0.7056071787075326
vn 0.7081546257530085 0.025209827072246397 0.7056071787075326
vn 0.7081546257530085 0.025209827072246397 0.7056071787075326
vn 0.7081546257530085 0.025209827072246397 0.7056071787075326
vn 0.7081546257530085 0.025209827072246397 0.7056071787075326
vn 0.2589491928701486 0.03401209527118541 0.9652919210721502
vn 0.2589491928701486 0.03401209527118541 0.9652919210721502
vn 0.2589491928701486 0.03401209527118541 0.9652919210721502
vn 0.2589491928701486 0.03401209527118541 0.9652919210721502
vn 0.2589491928701486 0.03401209527118541 0.9652919210721502
vn 0.2589491928701486 0.03401209527118541 0.9652919210721502
vn -0.25390022732158185 0.2344145563016471 -0.93839463466068
vn -0.25390022732158185 0.2344145563016471 -0.93839463466068
vn -0.25390022732158185 0.2344145563016471 -0.93839463466068
vn -0.25390022732158185 0.2344145563016471 -0.93839463466068
vn -0.25390022732158185 0.2344145563016471 -0.93839463466068
vn -0.25390022732158185 0.2344145563016471 -0.93839463466068
vn -0.7006265797292456 0.17324377433262544 -0.6921769935730928
vn -0.7006265797292456 0.17324377433262544 -0.6921769935730928
vn -0.7006265797292456 0.17324377433262544 -0.6921769935730928
vn -0.7006265797292456 0.17324377433262544 -0.6921769935730928
vn -0.7006265797292456 0.17324377433262544 -0.6921769935730928
vn -0.7006265797292456 0.17324377433262544 -0.6921769935730928
vn -0.9645453120186043 0.06425320673536625 -0.255976300635734
vn -0.9645453120186043 0.06425320673536625 -0.255976300635734
vn -0.9645453120186043 0.06425320673536625 -0.255976300635734
vn -0.9645453120186043 0.06425320673536625 -0.255976300635734
vn -0.9645453120186043 0.06425320673536625 -0.255976300635734
vn -0.9645453120186043 0.06425320673536625 -0.255976300635734
vn 0.26133489445695646 0.03401174677678365 -0.9646487827289076
vn 0.26133489445695646 0.03401174677678365 -0.9646487827289076
vn 0.26133489445695646 0.03401174677678365 -0.9646487827289076
vn 0.26133489445695646 0.03401174677678365 -0.9646487827289076
vn 0.26133489445695646 0.03401174677678365 -0.9646487827289076
vn 0.26133489445695646 0.03401174677678365 -0.9646487827289076
vn 0.7099012857418648 0.025209660966413427 -0.7038498685771033
vn 0.7099012857418648 0.025209660966413427 -0.7038498685771033
vn 0.7099012857418648 0.025209660966413427 -0.7038498685771033
vn 0.7099012857418648 0.025209660966413427 -0.7038498685771033
vn 0.7099012857418648 0.025209660966413427 -0.7038498685771033
vn 0.7099012857418648 0.025209660966413427 -0.7038498685771033
vn 0.9665911207393536 0.00956454519343093 -0.2561447340530022
vn 0.9665911207393536 0.00956454519343093 -0.2561447340530022
vn 0.9665911207393536 0.00956454519343093 -0.2561447340530022
vn 0.9665911207393536 0.00956454519343093 -0.2561447340530022
vn 0.9665911207393536 0.00956454519343093 -0.2561447340530022
vn 0.9665911207393536 0.00956454519343093 -0.2561447340530022
vn -0.35687831806614445 -0.9341507754340942 -0.0004414183503938242
vn -0.35687831806614445 -0.9341507754340942 -0.0004414183503938242
vn -0.35687831806614445 -0.9341507754340942 -0.0004414183503938242
vn -0.35687831806614445 -0.9341507754340942 -0.0004414183503938242
vn -0.35687831806614445 -0.9341507754340942 -0.0004414183503938242
vn -0.35687831806614445 -0.9341507754340942 -0.0004414183503938242
vn -0.0012370984887921288 3.469097006424422e-7 0.9999992347933117
vn -0.0012370984887921288 3.469097006424422e-7 0.9999992347933117
vn -0.0012370984887921288 3.469097006424422e-7 0.9999992347933117
vn -0.0012370984887921288 3.469097006424422e-7 0.9999992347933117
vn -0.0012370984887921288 3.469097006424422e-7 0.9999992347933117
vn -0.0012370984887921288 3.469097006424422e-7 0.9999992347933117
vn -0.9494144353447724 -0.31402364501364693 -0.0011748750188691048
vn -0.9494144353447724 -0.31402364501364693 -0.0011748750188691048
vn -0.9494144353447724 -0.31402364501364693 -0.0011748750188691048
vn -0.9494144353447724 -0.31402364501364693 -0.0011748750188691048
vn -0.9494144353447724 -0.31402364501364693 -0.0011748750188691048
vn -0.9494144353447724 -0.31402364501364693 -0.0011748750188691048
vn -0.0012370764863296783 -2.4992575374458136e-7 0.9999992348205593
vn -0.0012370764863296783 -2.4992575374458136e-7 0.9999992348205593
vn -0.0012370764863296783 -2.4992575374458136e-7 0.9999992348205593
vn -0.0012370764863296783 -2.4992575374458136e-7 0.9999992348205593
vn -0.0012370764863296783 -2.4992575374458136e-7 0.9999992348205593
vn -0.0012370764863296783 -2.4992575374458136e-7 0.9999992348205593
vn 7.654710998394853e-8 -0.9999999999999839 1.6292067961387552e-7
vn 7.654710998394853e-8 -0.9999999999999839 1.6292067961387552e-7
vn 7.654710998394853e-8 -0.9999999999999839 1.6292067961387552e-7
vn 7.654710998394853e-8 -0.9999999999999839 1.6292067961387552e-7
vn 7.654710998394853e-8 -0.9999999999999839 1.6292067961387552e-7
vn 7.654710998394853e-8 -0.9999999999999839 1.6292067961387552e-7
vn 7.654710998394853e-8 -0.9999999999999839 1.6292067961387552e-7
vn 7.654710998394853e-8 -0.9999999999999839 1.6292067961387552e-7
vn 7.654710998394853e-8 -0.9999999999999839 1.6292067961387552e-7
vn 7.654710998394853e-8 -0.9999999999999839 1.6292067961387552e-7
vn 7.654710998394853e-8 -0.9999999999999839 1.6292067961387552e-7
vn 7.654710998394853e-8 -0.9999999999999839 1.6292067961387552e-7
vn 7.654710998394853e-8 -0.9999999999999839 1.6292067961387552e-7
vn 7.654710998394853e-8 -0.9999999999999839 1.6292067961387552e-7
vn 7.654710998394853e-8 -0.9999999999999839 1.6292067961387552e-7
vn 7.654710998394853e-8 -0.9999999999999839 1.6292067961387552e-7
vn 7.654710998394853e-8 -0.9999999999999839 1.6292067961387552e-7
vn 7.654710998394853e-8 -0.9999999999999839 1.6292067961387552e-7
vn 7.654710998394853e-8 -0.9999999999999839 1.6292067961387552e-7
vn 7.654710998394853e-8 -0.9999999999999839 1.6292067961387552e-7
vn 7.654710998394853e-8 -0.9999999999999839 1.6292067961387552e-7
vn 7.654710998394853e-8 -0.9999999999999839 1.6292067961387552e-7
vn 7.654710998394853e-8 -0.9999999999999839 1.6292067961387552e-7
vn 7.654710998394853e-8 -0.9999999999999839 1.6292067961387552e-7
vn 0.3568796473412551 -0.9341502674889434 0.0004416604093325281
vn 0.3568796473412551 -0.9341502674889434 0.0004416604093325281
vn 0.3568796473412551 -0.9341502674889434 0.0004416604093325281
vn 0.3568796473412551 -0.9341502674889434 0.0004416604093325281
vn 0.3568796473412551 -0.9341502674889434 0.0004416604093325281
vn 0.3568796473412551 -0.9341502674889434 0.0004416604093325281
vn -0.9984273600873824 0.056047128057254335 -0.001235340226105069
vn -0.9984273600873824 0.056047128057254335 -0.001235340226105069
vn -0.9984273600873824 0.056047128057254335 -0.001235340226105069
vn -0.9984273600873824 0.056047128057254335 -0.001235340226105069
vn -0.9984273600873824 0.056047128057254335 -0.001235340226105069
vn -0.9984273600873824 0.056047128057254335 -0.001235340226105069
vn -0.0012371098974762627 -1.8728598242668256e-7 0.9999992347792405
vn -0.0012371098974762627 -1.8728598242668256e-7 0.9999992347792405
vn -0.0012371098974762627 -1.8728598242668256e-7 0.9999992347792405
vn -0.0012371098974762627 -1.8728598242668256e-7 0.9999992347792405
vn -0.0012371098974762627 -1.8728598242668256e-7 0.9999992347792405
vn -0.0012371098974762627 -1.8728598242668256e-7 0.9999992347792405
vn 0.9494140121309762 -0.31402492415232586 0.00117498105885711
vn 0.9494140121309762 -0.31402492415232586 0.00117498105885711
vn 0.9494140121309762 -0.31402492415232586 0.00117498105885711
vn 0.9494140121309762 -0.31402492415232586 0.00117498105885711
vn 0.9494140121309762 -0.31402492415232586 0.00117498105885711
vn 0.9494140121309762 -0.31402492415232586 0.00117498105885711
vn 0.9984273821956063 0.056046738924680005 0.0012351266888096536
vn 0.9984273821956063 0.056046738924680005 0.0012351266888096536
vn 0.9984273821956063 0.056046738924680005 0.0012351266888096536
vn 0.9984273821956063 0.056046738924680005 0.0012351266888096536
vn 0.9984273821956063 0.056046738924680005 0.0012351266888096536
vn 0.9984273821956063 0.056046738924680005 0.0012351266888096536
vn -0.9938857232526721 0.11040678158718166 -0.0012295096882329324
vn -0.9938857232526721 0.11040678158718166 -0.0012295096882329324
vn -0.9938857232526721 0.11040678158718166 -0.0012295096882329324
vn -0.9938857232526721 0.11040678158718166 -0.0012295096882329324
vn -0.9938857232526721 0.11040678158718166 -0.0012295096882329324
vn -0.9938857232526721 0.11040678158718166 -0.0012295096882329324
vn -0.001237111643703509 2.0587452995662172e-7 0.9999992347770765
vn -0.001237111643703509 2.0587452995662172e-7 0.9999992347770765
vn -0.001237111643703509 2.0587452995662172e-7 0.9999992347770765
vn -0.001237111643703509 2.0587452995662172e-7 0.9999992347770765
vn -0.001237111643703509 2.0587452995662172e-7 0.9999992347770765
vn -0.001237111643703509 2.0587452995662172e-7 0.9999992347770765
vn 0.9938857269469719 0.11040674597466375 0.0012297212593611645
vn 0.9938857269469719 0.11040674597466375 0.0012297212593611645
vn 0.9938857269469719 0.11040674597466375 0.0012297212593611645
vn 0.9938857269469719 0.11040674597466375 0.0012297212593611645
vn 0.9938857269469719 0.11040674597466375 0.0012297212593611645
vn 0.9938857269469719 0.11040674597466375 0.0012297212593611645
vn -0.9987343604139569 0.05028072379345205 -0.0012353717378082944
vn -0.9987343604139569 0.05028072379345205 -0.0012353717378082944
vn -0.9987343604139569 0.05028072379345205 -0.0012353717378082944
vn -0.9987343604139569 0.05028072379345205 -0.0012353717378082944
vn -0.9987343604139569 0.05028072379345205 -0.0012353717378082944
vn -0.9987343604139569 0.05028072379345205 -0.0012353717378082944
vn -0.0012372690369792038 6.962949026760129e-8 0.9999992345823698
vn -0.0012372690369792038 6.962949026760129e-8 0.9999992345823698
vn -0.0012372690369792038 6.962949026760129e-8 0.9999992345823698
vn -0.0012372690369792038 6.962949026760129e-8 0.9999992345823698
vn -0.0012372690369792038 6.962949026760129e-8 0.9999992345823698
vn -0.0012372690369792038 6.962949026760129e-8 0.9999992345823698
vn 0.9987343615366834 0.050280701900765654 0.001235355122830565
vn 0.9987343615366834 0.050280701900765654 0.001235355122830565
vn 0.9987343615366834 0.050280701900765654 0.001235355122830565
vn 0.9987343615366834 0.050280701900765654 0.001235355122830565
vn 0.9987343615366834 0.050280701900765654 0.001235355122830565
vn 0.9987343615366834 0.050280701900765654 0.001235355122830565
vn 0.9999877546694591 0.004791639820406132 0.0012372141952933415
vn 0.9999877546694591 0.004791639820406132 0.0012372141952933415
vn 0.9999877546694591 0.004791639820406132 0.0012372141952933415
vn 0.9999877546694591 0.004791639820406132 0.0012372141952933415
vn 0.9999877546694591 0.004791639820406132 0.0012372141952933415
vn 0.9999877546694591 0.004791639820406132 0.0012372141952933415
vn -0.0012372557656527092 1.0344566889062176e-7 0.9999992345987868
vn -0.0012372557656527092 1.0344566889062176e-7 0.9999992345987868
vn -0.0012372557656527092 1.0344566889062176e-7 0.9999992345987868
vn -0.0012372557656527092 1.0344566889062176e-7 0.9999992345987868
vn -0.0012372557656527092 1.0344566889062176e-7 0.9999992345987868
vn -0.0012372557656527092 1.0344566889062176e-7 0.9999992345987868
vn -0.9982312347459317 0.05943801249277264 -0.00123476658593855
vn -0.9982312347459317 0.05943801249277264 -0.00123476658593855
vn -0.9982312347459317 0.05943801249277264 -0.00123476658593855
vn -0.9982312347459317 0.05943801249277264 -0.00123476658593855
vn -0.9982312347459317 0.05943801249277264 -0.00123476658593855
vn -0.9982312347459317 0.05943801249277264 -0.00123476658593855
vn -0.9999877562871756 0.004791385174017971 -0.0012368928224730223
vn -0.9999877562871756 0.004791385174017971 -0.0012368928224730223
vn -0.9999877562871756 0.004791385174017971 -0.0012368928224730223
vn -0.9999877562871756 0.004791385174017971 -0.0012368928224730223
vn -0.9999877562871756 0.004791385174017971 -0.0012368928224730223
vn -0.9999877562871756 0.004791385174017971 -0.0012368928224730223
vn -0.001237108616909714 -6.493116163791248e-8 0.9999992347808401
vn -0.001237108616909714 -6.493116163791248e-8 0.9999992347808401
vn -0.001237108616909714 -6.493116163791248e-8 0.9999992347808401
vn -0.001237108616909714 -6.493116163791248e-8 0.9999992347808401
vn -0.001237108616909714 -6.493116163791248e-8 0.9999992347808401
vn -0.001237108616909714 -6.493116163791248e-8 0.9999992347808401
vn 0.9990363344249902 0.0438733932271538 0.001236068531566848
vn 0.9990363344249902 0.0438733932271538 0.001236068531566848
vn 0.9990363344249902 0.0438733932271538 0.001236068531566848
vn 0.9990363344249902 0.0438733932271538 0.001236068531566848
vn 0.9990363344249902 0.0438733932271538 0.001236068531566848
vn 0.9990363344249902 0.0438733932271538 0.001236068531566848
vn 3.383805591283815e-8 0.9999999999999861 -1.6292067961387589e-7
vn 3.383805591283815e-8 0.9999999999999861 -1.6292067961387589e-7
vn 3.383805591283815e-8 0.9999999999999861 -1.6292067961387589e-7
vn 3.383805591283815e-8 0.9999999999999861 -1.6292067961387589e-7
vn 3.383805591283815e-8 0.9999999999999861 -1.6292067961387589e-7
vn 3.383805591283815e-8 0.9999999999999861 -1.6292067961387589e-7
vn 3.383805591283815e-8 0.9999999999999861 -1.6292067961387589e-7
vn 3.383805591283815e-8 0.9999999999999861 -1.6292067961387589e-7
vn 3.383805591283815e-8 0.9999999999999861 -1.6292067961387589e-7
vn 3.383805591283815e-8 0.9999999999999861 -1.6292067961387589e-7
vn 3.383805591283815e-8 0.9999999999999861 -1.6292067961387589e-7
vn 3.383805591283815e-8 0.9999999999999861 -1.6292067961387589e-7
vn 3.383805591283815e-8 0.9999999999999861 -1.6292067961387589e-7
vn 3.383805591283815e-8 0.9999999999999861 -1.6292067961387589e-7
vn 3.383805591283815e-8 0.9999999999999861 -1.6292067961387589e-7
vn 3.383805591283815e-8 0.9999999999999861 -1.6292067961387589e-7
vn 3.383805591283815e-8 0.9999999999999861 -1.6292067961387589e-7
vn 3.383805591283815e-8 0.9999999999999861 -1.6292067961387589e-7
vn -0.0011385679024348363 0.39127751518572595 0.9202720303112636
vn -0.0011385679024348363 0.39127751518572595 0.9202720303112636
vn -0.0011385679024348363 0.39127751518572595 0.9202720303112636
vn -0.0011385679024348363 0.39127751518572595 0.9202720303112636
vn -0.0011385679024348363 0.39127751518572595 0.9202720303112636
vn -0.0011385679024348363 0.39127751518572595 0.9202720303112636
vn 0.9999992362424638 2.8812396428094415e-7 0.0012359265374800523
vn 0.9999992362424638 2.8812396428094415e-7 0.0012359265374800523
vn 0.9999992362424638 2.8812396428094415e-7 0.0012359265374800523
vn -0.9999992362425053 -2.0135799144672804e-10 -0.001235926537527012
vn -0.9999992362425053 -2.0135799144672804e-10 -0.001235926537527012
vn -0.9999992362425053 -2.0135799144672804e-10 -0.001235926537527012
vn 0.9999992350300028 -4.788876677642013e-7 0.0012369071023719468
vn 0.9999992350300028 -4.788876677642013e-7 0.0012369071023719468
vn 0.9999992350300028 -4.788876677642013e-7 0.0012369071023719468
vn 0.9999992350300028 -4.788876677642013e-7 0.0012369071023719468
vn 0.9999992350300028 -4.788876677642013e-7 0.0012369071023719468
vn 0.9999992350300028 -4.788876677642013e-7 0.0012369071023719468
vn -0.0011485194771192885 0.3717253002599269 0.9283420609073347
vn -0.0011485194771192885 0.3717253002599269 0.9283420609073347
vn -0.0011485194771192885 0.3717253002599269 0.9283420609073347
vn -0.0011485194771192885 0.3717253002599269 0.9283420609073347
vn -0.0011485194771192885 0.3717253002599269 0.9283420609073347
vn -0.0011485194771192885 0.3717253002599269 0.9283420609073347
vn -0.9999992350249549 -0.000003213480664298801 -0.0012369071017641398
vn -0.9999992350249549 -0.000003213480664298801 -0.0012369071017641398
vn -0.9999992350249549 -0.000003213480664298801 -0.0012369071017641398
vn -0.9999992350249549 -0.000003213480664298801 -0.0012369071017641398
vn -0.9999992350249549 -0.000003213480664298801 -0.0012369071017641398
vn -0.9999992350249549 -0.000003213480664298801 -0.0012369071017641398
vn -0.00115237696038021 0.36340918367679276 0.931628916064067
vn -0.00115237696038021 0.36340918367679276 0.931628916064067
vn -0.00115237696038021 0.36340918367679276 0.931628916064067
vn -0.00115237696038021 0.36340918367679276 0.931628916064067
vn -0.00115237696038021 0.36340918367679276 0.931628916064067
vn -0.00115237696038021 0.36340918367679276 0.931628916064067
vn 0.9999992346872423 5.082973767189784e-7 0.001237184170255744
vn 0.9999992346872423 5.082973767189784e-7 0.001237184170255744
vn 0.9999992346872423 5.082973767189784e-7 0.001237184170255744
vn 0.9999992346872423 5.082973767189784e-7 0.001237184170255744
vn 0.9999992346872423 5.082973767189784e-7 0.001237184170255744
vn 0.9999992346872423 5.082973767189784e-7 0.001237184170255744
vn -0.9999992349761545 0.0000029269298951101935 -0.0012369472659906034
vn -0.9999992349761545 0.0000029269298951101935 -0.0012369472659906034
vn -0.9999992349761545 0.0000029269298951101935 -0.0012369472659906034
vn -0.9999992349761545 0.0000029269298951101935 -0.0012369472659906034
vn -0.9999992349761545 0.0000029269298951101935 -0.0012369472659906034
vn -0.9999992349761545 0.0000029269298951101935 -0.0012369472659906034
vn -0.0012000602678487113 0.24245816371372353 0.9701611199712772
vn -0.0012000602678487113 0.24245816371372353 0.9701611199712772
vn -0.0012000602678487113 0.24245816371372353 0.9701611199712772
vn -0.0012000602678487113 0.24245816371372353 0.9701611199712772
vn -0.0012000602678487113 0.24245816371372353 0.9701611199712772
vn -0.0012000602678487113 0.24245816371372353 0.9701611199712772
vn 0.9999992348508333 1.8953306126583326e-8 0.001237052039146304
vn 0.9999992348508333 1.8953306126583326e-8 0.001237052039146304
vn 0.9999992348508333 1.8953306126583326e-8 0.001237052039146304
vn 0.9999992348508333 1.8953306126583326e-8 0.001237052039146304
vn 0.9999992348508333 1.8953306126583326e-8 0.001237052039146304
vn 0.9999992348508333 1.8953306126583326e-8 0.001237052039146304
vn -0.9999992346496357 -1.9032789061101524e-8 -0.001237214671103538
vn -0.9999992346496357 -1.9032789061101524e-8 -0.001237214671103538
vn -0.9999992346496357 -1.9032789061101524e-8 -0.001237214671103538
vn -0.9999992346496357 -1.9032789061101524e-8 -0.001237214671103538
vn -0.9999992346496357 -1.9032789061101524e-8 -0.001237214671103538
vn -0.9999992346496357 -1.9032789061101524e-8 -0.001237214671103538
vn -0.001236219098916062 0.03539055543444654 0.9993727934801812
vn -0.001236219098916062 0.03539055543444654 0.9993727934801812
vn -0.001236219098916062 0.03539055543444654 0.9993727934801812
vn -0.001236219098916062 0.03539055543444654 0.9993727934801812
vn -0.001236219098916062 0.03539055543444654 0.9993727934801812
vn -0.001236219098916062 0.03539055543444654 0.9993727934801812
vn 0.9999992347526143 -9.093376842373607e-9 0.0012371314342796205
vn 0.9999992347526143 -9.093376842373607e-9 0.0012371314342796205
vn 0.9999992347526143 -9.093376842373607e-9 0.0012371314342796205
vn 0.9999992347526143 -9.093376842373607e-9 0.0012371314342796205
vn 0.9999992347526143 -9.093376842373607e-9 0.0012371314342796205
vn 0.9999992347526143 -9.093376842373607e-9 0.0012371314342796205
vn -0.9999992347526143 9.111191037108779e-9 -0.0012371314342796234
vn -0.9999992347526143 9.111191037108779e-9 -0.0012371314342796234
vn -0.9999992347526143 9.111191037108779e-9 -0.0012371314342796234
vn -0.9999992347526143 9.111191037108779e-9 -0.0012371314342796234
vn -0.9999992347526143 9.111191037108779e-9 -0.0012371314342796234
vn -0.9999992347526143 9.111191037108779e-9 -0.0012371314342796234
vn -0.35687974523200605 -0.9341502302348836 -0.00044135615145662167
vn -0.35687974523200605 -0.9341502302348836 -0.00044135615145662167
vn -0.35687974523200605 -0.9341502302348836 -0.00044135615145662167
vn -0.35687974523200605 -0.9341502302348836 -0.00044135615145662167
vn -0.35687974523200605 -0.9341502302348836 -0.00044135615145662167
vn -0.35687974523200605 -0.9341502302348836 -0.00044135615145662167
vn 0.0012372112950654172 0.0000016385906513286392 -0.9999992346524703
vn 0.0012372112950654172 0.0000016385906513286392 -0.9999992346524703
vn 0.0012372112950654172 0.0000016385906513286392 -0.9999992346524703
vn 0.0012372112950654172 0.0000016385906513286392 -0.9999992346524703
vn 0.0012372112950654172 0.0000016385906513286392 -0.9999992346524703
vn 0.0012372112950654172 0.0000016385906513286392 -0.9999992346524703
vn 0.0012372635654653134 -0.0000020028117557036405 -0.9999992345871362
vn 0.0012372635654653134 -0.0000020028117557036405 -0.9999992345871362
vn 0.0012372635654653134 -0.0000020028117557036405 -0.9999992345871362
vn 0.0012372635654653134 -0.0000020028117557036405 -0.9999992345871362
vn 0.0012372635654653134 -0.0000020028117557036405 -0.9999992345871362
vn 0.0012372635654653134 -0.0000020028117557036405 -0.9999992345871362
vn -0.9494140128683773 -0.31402492477895916 -0.0011742174984348279
vn -0.9494140128683773 -0.31402492477895916 -0.0011742174984348279
vn -0.9494140128683773 -0.31402492477895916 -0.0011742174984348279
vn -0.9494140128683773 -0.31402492477895916 -0.0011742174984348279
vn -0.9494140128683773 -0.31402492477895916 -0.0011742174984348279
vn -0.9494140128683773 -0.31402492477895916 -0.0011742174984348279
vn 0 -0.9999999999999868 1.62920679613876e-7
vn 0 -0.9999999999999868 1.62920679613876e-7
vn 0 -0.9999999999999868 1.62920679613876e-7
vn 0 -0.9999999999999868 1.62920679613876e-7
vn 0 -0.9999999999999868 1.62920679613876e-7
vn 0 -0.9999999999999868 1.62920679613876e-7
vn 0 -0.9999999999999868 1.62920679613876e-7
vn 0 -0.9999999999999868 1.62920679613876e-7
vn 0 -0.9999999999999868 1.62920679613876e-7
vn 0 -0.9999999999999868 1.62920679613876e-7
vn 0 -0.9999999999999868 1.62920679613876e-7
vn 0 -0.9999999999999868 1.62920679613876e-7
vn 0 -0.9999999999999868 1.62920679613876e-7
vn 0 -0.9999999999999868 1.62920679613876e-7
vn 0 -0.9999999999999868 1.62920679613876e-7
vn 0 -0.9999999999999868 1.62920679613876e-7
vn 0 -0.9999999999999868 1.62920679613876e-7
vn 0 -0.9999999999999868 1.62920679613876e-7
vn 0 -0.9999999999999868 1.62920679613876e-7
vn 0 -0.9999999999999868 1.62920679613876e-7
vn 0 -0.9999999999999868 1.62920679613876e-7
vn 0 -0.9999999999999868 1.62920679613876e-7
vn 0 -0.9999999999999868 1.62920679613876e-7
vn 0 -0.9999999999999868 1.62920679613876e-7
vn 0.35687902172838043 -0.9341505065249799 0.0004415985931280953
vn 0.35687902172838043 -0.9341505065249799 0.0004415985931280953
vn 0.35687902172838043 -0.9341505065249799 0.0004415985931280953
vn 0.35687902172838043 -0.9341505065249799 0.0004415985931280953
vn 0.35687902172838043 -0.9341505065249799 0.0004415985931280953
vn 0.35687902172838043 -0.9341505065249799 0.0004415985931280953
vn -0.9984273711215376 0.05604693161563936 -0.0012353346944579053
vn -0.9984273711215376 0.05604693161563936 -0.0012353346944579053
vn -0.9984273711215376 0.05604693161563936 -0.0012353346944579053
vn -0.9984273711215376 0.05604693161563936 -0.0012353346944579053
vn -0.9984273711215376 0.05604693161563936 -0.0012353346944579053
vn -0.9984273711215376 0.05604693161563936 -0.0012353346944579053
vn 0.0012371109452125756 1.6427971686745614e-7 -0.9999992347779484
vn 0.0012371109452125756 1.6427971686745614e-7 -0.9999992347779484
vn 0.0012371109452125756 1.6427971686745614e-7 -0.9999992347779484
vn 0.0012371109452125756 1.6427971686745614e-7 -0.9999992347779484
vn 0.0012371109452125756 1.6427971686745614e-7 -0.9999992347779484
vn 0.0012371109452125756 1.6427971686745614e-7 -0.9999992347779484
vn 0.9494143177039441 -0.31402400277756237 0.001174316103728362
vn 0.9494143177039441 -0.31402400277756237 0.001174316103728362
vn 0.9494143177039441 -0.31402400277756237 0.001174316103728362
vn 0.9494143177039441 -0.31402400277756237 0.001174316103728362
vn 0.9494143177039441 -0.31402400277756237 0.001174316103728362
vn 0.9494143177039441 -0.31402400277756237 0.001174316103728362
vn 0.9984273825848136 0.05604672777068856 0.001235318192495733
vn 0.9984273825848136 0.05604672777068856 0.001235318192495733
vn 0.9984273825848136 0.05604672777068856 0.001235318192495733
vn 0.9984273825848136 0.05604672777068856 0.001235318192495733
vn 0.9984273825848136 0.05604672777068856 0.001235318192495733
vn 0.9984273825848136 0.05604672777068856 0.001235318192495733
vn 0.0012371116437035104 -1.629205549432407e-7 -0.9999992347770844
vn 0.0012371116437035104 -1.629205549432407e-7 -0.9999992347770844
vn 0.0012371116437035104 -1.629205549432407e-7 -0.9999992347770844
vn 0.0012371116437035104 -1.629205549432407e-7 -0.9999992347770844
vn 0.0012371116437035104 -1.629205549432407e-7 -0.9999992347770844
vn 0.0012371116437035104 -1.629205549432407e-7 -0.9999992347770844
vn -0.9938857191648459 0.1104068183859853 -0.0012295096831820606
vn -0.9938857191648459 0.1104068183859853 -0.0012295096831820606
vn -0.9938857191648459 0.1104068183859853 -0.0012295096831820606
vn -0.9938857191648459 0.1104068183859853 -0.0012295096831820606
vn -0.9938857191648459 0.1104068183859853 -0.0012295096831820606
vn -0.9938857191648459 0.1104068183859853 -0.0012295096831820606
vn 0.993885726131399 0.11040675333464518 0.001229719628536396
vn 0.993885726131399 0.11040675333464518 0.001229719628536396
vn 0.993885726131399 0.11040675333464518 0.001229719628536396
vn 0.993885726131399 0.11040675333464518 0.001229719628536396
vn 0.993885726131399 0.11040675333464518 0.001229719628536396
vn 0.993885726131399 0.11040675333464518 0.001229719628536396
vn 0.0012371083840794538 -9.802243011022461e-8 -0.9999992347811254
vn 0.0012371083840794538 -9.802243011022461e-8 -0.9999992347811254
vn 0.0012371083840794538 -9.802243011022461e-8 -0.9999992347811254
vn 0.0012371083840794538 -9.802243011022461e-8 -0.9999992347811254
vn 0.0012371083840794538 -9.802243011022461e-8 -0.9999992347811254
vn 0.0012371083840794538 -9.802243011022461e-8 -0.9999992347811254
vn -0.998734360107413 0.05028072377797879 -0.0012356201677271746
vn -0.998734360107413 0.05028072377797879 -0.0012356201677271746
vn -0.998734360107413 0.05028072377797879 -0.0012356201677271746
vn -0.998734360107413 0.05028072377797879 -0.0012356201677271746
vn -0.998734360107413 0.05028072377797879 -0.0012356201677271746
vn -0.998734360107413 0.05028072377797879 -0.0012356201677271746
vn 0.9987343610433537 0.05028070560126001 0.001235603319687392
vn 0.9987343610433537 0.05028070560126001 0.001235603319687392
vn 0.9987343610433537 0.05028070560126001 0.001235603319687392
vn 0.9987343610433537 0.05028070560126001 0.001235603319687392
vn 0.9987343610433537 0.05028070560126001 0.001235603319687392
vn 0.9987343610433537 0.05028070560126001 0.001235603319687392
vn 0.0012370876621836415 1.0034581985488662e-7 -0.9999992348067601
vn 0.0012370876621836415 1.0034581985488662e-7 -0.9999992348067601
vn 0.0012370876621836415 1.0034581985488662e-7 -0.9999992348067601
vn 0.0012370876621836415 1.0034581985488662e-7 -0.9999992348067601
vn 0.0012370876621836415 1.0034581985488662e-7 -0.9999992348067601
vn 0.0012370876621836415 1.0034581985488662e-7 -0.9999992348067601
vn 0.9999877546970983 0.004791634232603157 0.0012372134968365353
vn 0.9999877546970983 0.004791634232603157 0.0012372134968365353
vn 0.9999877546970983 0.004791634232603157 0.0012372134968365353
vn 0.9999877546970983 0.004791634232603157 0.0012372134968365353
vn 0.9999877546970983 0.004791634232603157 0.0012372134968365353
vn 0.9999877546970983 0.004791634232603157 0.0012372134968365353
vn -0.9999877558640131 0.004791390294211943 -0.0012372150595531452
vn -0.9999877558640131 0.004791390294211943 -0.0012372150595531452
vn -0.9999877558640131 0.004791390294211943 -0.0012372150595531452
vn -0.9999877558640131 0.004791390294211943 -0.0012372150595531452
vn -0.9999877558640131 0.004791390294211943 -0.0012372150595531452
vn -0.9999877558640131 0.004791390294211943 -0.0012372150595531452
vn 0.0012371083840794325 -3.5944265143629955e-7 -0.9999992347810654
vn 0.0012371083840794325 -3.5944265143629955e-7 -0.9999992347810654
vn 0.0012371083840794325 -3.5944265143629955e-7 -0.9999992347810654
vn 0.0012371083840794325 -3.5944265143629955e-7 -0.9999992347810654
vn 0.0012371083840794325 -3.5944265143629955e-7 -0.9999992347810654
vn 0.0012371083840794325 -3.5944265143629955e-7 -0.9999992347810654
vn -0.998231235011795 0.0594380013326796 -0.0012350888238773258
vn -0.998231235011795 0.0594380013326796 -0.0012350888238773258
vn -0.998231235011795 0.0594380013326796 -0.0012350888238773258
vn -0.998231235011795 0.0594380013326796 -0.0012350888238773258
vn -0.998231235011795 0.0594380013326796 -0.0012350888238773258
vn -0.998231235011795 0.0594380013326796 -0.0012350888238773258
vn 0.999036333644957 0.04387341554461401 0.0012359068297125976
vn 0.999036333644957 0.04387341554461401 0.0012359068297125976
vn 0.999036333644957 0.04387341554461401 0.0012359068297125976
vn 0.999036333644957 0.04387341554461401 0.0012359068297125976
vn 0.999036333644957 0.04387341554461401 0.0012359068297125976
vn 0.999036333644957 0.04387341554461401 0.0012359068297125976
vn 0 0.9999999999999868 -1.62920679613876e-7
vn 0 0.9999999999999868 -1.62920679613876e-7
vn 0 0.9999999999999868 -1.62920679613876e-7
vn 0 0.9999999999999868 -1.62920679613876e-7
vn 0 0.9999999999999868 -1.62920679613876e-7
vn 0 0.9999999999999868 -1.62920679613876e-7
vn 0 0.9999999999999868 -1.62920679613876e-7
vn 0 0.9999999999999868 -1.62920679613876e-7
vn 0 0.9999999999999868 -1.62920679613876e-7
vn 0 0.9999999999999868 -1.62920679613876e-7
vn 0 0.9999999999999868 -1.62920679613876e-7
vn 0 0.9999999999999868 -1.62920679613876e-7
vn 0 0.9999999999999868 -1.62920679613876e-7
vn 0 0.9999999999999868 -1.62920679613876e-7
vn 0 0.9999999999999868 -1.62920679613876e-7
vn 0 0.9999999999999868 -1.62920679613876e-7
vn 0 0.9999999999999868 -1.62920679613876e-7
vn 0 0.9999999999999868 -1.62920679613876e-7
vn 0.0010975549389812273 0.4614801816696203 -0.8871498392601613
vn 0.0010975549389812273 0.4614801816696203 -0.8871498392601613
vn 0.0010975549389812273 0.4614801816696203 -0.8871498392601613
vn 0.0010975549389812273 0.4614801816696203 -0.8871498392601613
vn 0.0010975549389812273 0.4614801816696203 -0.8871498392601613
vn 0.0010975549389812273 0.4614801816696203 -0.8871498392601613
vn 0.9999992343508454 2.896179443108707e-7 0.001237456116069479
vn 0.9999992343508454 2.896179443108707e-7 0.001237456116069479
vn 0.9999992343508454 2.896179443108707e-7 0.001237456116069479
vn -0.9999992343508871 -2.0160719143008003e-10 -0.0012374561161166825
vn -0.9999992343508871 -2.0160719143008003e-10 -0.0012374561161166825
vn -0.9999992343508871 -2.0160719143008003e-10 -0.0012374561161166825
vn 0.0011485144331627405 0.3717249258324466 -0.9283422108411633
vn 0.0011485144331627405 0.3717249258324466 -0.9283422108411633
vn 0.0011485144331627405 0.3717249258324466 -0.9283422108411633
vn 0.0011485144331627405 0.3717249258324466 -0.9283422108411633
vn 0.0011485144331627405 0.3717249258324466 -0.9283422108411633
vn 0.0011485144331627405 0.3717249258324466 -0.9283422108411633
vn 0.9999992346150954 -4.828998488380147e-7 0.0012372424944047595
vn 0.9999992346150954 -4.828998488380147e-7 0.0012372424944047595
vn 0.9999992346150954 -4.828998488380147e-7 0.0012372424944047595
vn 0.9999992346150954 -4.828998488380147e-7 0.0012372424944047595
vn 0.9999992346150954 -4.828998488380147e-7 0.0012372424944047595
vn 0.9999992346150954 -4.828998488380147e-7 0.0012372424944047595
vn -0.9999992346100623 -0.000003209550336216997 -0.001237242493796956
vn -0.9999992346100623 -0.000003209550336216997 -0.001237242493796956
vn -0.9999992346100623 -0.000003209550336216997 -0.001237242493796956
vn -0.9999992346100623 -0.000003209550336216997 -0.001237242493796956
vn -0.9999992346100623 -0.000003209550336216997 -0.001237242493796956
vn -0.9999992346100623 -0.000003209550336216997 -0.001237242493796956
vn 0.9999992349803265 4.737148819209261e-7 0.0012369472654417287
vn 0.9999992349803265 4.737148819209261e-7 0.0012369472654417287
vn 0.9999992349803265 4.737148819209261e-7 0.0012369472654417287
vn 0.9999992349803265 4.737148819209261e-7 0.0012369472654417287
vn 0.9999992349803265 4.737148819209261e-7 0.0012369472654417287
vn 0.9999992349803265 4.737148819209261e-7 0.0012369472654417287
vn 0.0011523633679413647 0.36340912741058967 -0.9316289380291608
vn 0.0011523633679413647 0.36340912741058967 -0.9316289380291608
vn 0.0011523633679413647 0.36340912741058967 -0.9316289380291608
vn 0.0011523633679413647 0.36340912741058967 -0.9316289380291608
vn 0.0011523633679413647 0.36340912741058967 -0.9316289380291608
vn 0.0011523633679413647 0.36340912741058967 -0.9316289380291608
vn -0.9999992346829858 0.0000029614545022378124 -0.0012371841708157724
vn -0.9999992346829858 0.0000029614545022378124 -0.0012371841708157724
vn -0.9999992346829858 0.0000029614545022378124 -0.0012371841708157724
vn -0.9999992346829858 0.0000029614545022378124 -0.0012371841708157724
vn -0.9999992346829858 0.0000029614545022378124 -0.0012371841708157724
vn -0.9999992346829858 0.0000029614545022378124 -0.0012371841708157724
vn 0.9999992346496326 8.112814428760033e-8 0.0012372146710934175
vn 0.9999992346496326 8.112814428760033e-8 0.0012372146710934175
vn 0.9999992346496326 8.112814428760033e-8 0.0012372146710934175
vn 0.9999992346496326 8.112814428760033e-8 0.0012372146710934175
vn 0.9999992346496326 8.112814428760033e-8 0.0012372146710934175
vn 0.9999992346496326 8.112814428760033e-8 0.0012372146710934175
vn 0.001200204794835992 0.24245875917549503 -0.9701609709772548
vn 0.001200204794835992 0.24245875917549503 -0.9701609709772548
vn 0.001200204794835992 0.24245875917549503 -0.9701609709772548
vn 0.001200204794835992 0.24245875917549503 -0.9701609709772548
vn 0.001200204794835992 0.24245875917549503 -0.9701609709772548
vn 0.001200204794835992 0.24245875917549503 -0.9701609709772548
vn -0.9999992346496326 -8.120760428249605e-8 -0.0012372146710934043
vn -0.9999992346496326 -8.120760428249605e-8 -0.0012372146710934043
vn -0.9999992346496326 -8.120760428249605e-8 -0.0012372146710934043
vn -0.9999992346496326 -8.120760428249605e-8 -0.0012372146710934043
vn -0.9999992346496326 -8.120760428249605e-8 -0.0012372146710934043
vn -0.9999992346496326 -8.120760428249605e-8 -0.0012372146710934043
vn 0.9999992347526091 -1.028354496262445e-7 0.0012371314342948865
vn 0.9999992347526091 -1.028354496262445e-7 0.0012371314342948865
vn 0.9999992347526091 -1.028354496262445e-7 0.0012371314342948865
vn 0.9999992347526091 -1.028354496262445e-7 0.0012371314342948865
vn 0.9999992347526091 -1.028354496262445e-7 0.0012371314342948865
vn 0.9999992347526091 -1.028354496262445e-7 0.0012371314342948865
vn 0.001236403465816419 0.03538933845202453 -0.9993728363480757
vn 0.001236403465816419 0.03538933845202453 -0.9993728363480757
vn 0.001236403465816419 0.03538933845202453 -0.9993728363480757
vn 0.001236403465816419 0.03538933845202453 -0.9993728363480757
vn 0.001236403465816419 0.03538933845202453 -0.9993728363480757
vn 0.001236403465816419 0.03538933845202453 -0.9993728363480757
vn -0.99999923457214 1.0287550755880935e-7 -0.0012372773024712542
vn -0.99999923457214 1.0287550755880935e-7 -0.0012372773024712542
vn -0.99999923457214 1.0287550755880935e-7 -0.0012372773024712542
vn -0.99999923457214 1.0287550755880935e-7 -0.0012372773024712542
vn -0.99999923457214 1.0287550755880935e-7 -0.0012372773024712542
vn -0.99999923457214 1.0287550755880935e-7 -0.0012372773024712542
vn 0.8317514643358516 0.3592728761559918 0.4232168498934888
vn 0.8317514643358516 0.3592728761559918 0.4232168498934888
vn 0.8317514643358516 0.3592728761559918 0.4232168498934888
vn 0.2994966805317989 0.34604867881304213 0.8891299400212442
vn 0.2994966805317989 0.34604867881304213 0.8891299400212442
vn 0.2994966805317989 0.34604867881304213 0.8891299400212442
vn -0.301700507340738 0.34604963772550634 0.8883841804649536
vn -0.301700507340738 0.34604963772550634 0.8883841804649536
vn -0.301700507340738 0.34604963772550634 0.8883841804649536
vn -0.832794297051845 0.35927504701271556 0.42115923282285317
vn -0.832794297051845 0.35927504701271556 0.42115923282285317
vn -0.832794297051845 0.35927504701271556 0.42115923282285317
vn 0.30170139577553845 0.3460501464528053 -0.8883836805834987
vn 0.30170139577553845 0.3460501464528053 -0.8883836805834987
vn 0.30170139577553845 0.3460501464528053 -0.8883836805834987
vn 0.8327935161248948 0.35927288060600737 -0.4211626250765803
vn 0.8327935161248948 0.35927288060600737 -0.4211626250765803
vn 0.8327935161248948 0.35927288060600737 -0.4211626250765803
vn -0.8317462319455723 0.35927497896419386 -0.42322534793490374
vn -0.8317462319455723 0.35927497896419386 -0.42322534793490374
vn -0.8317462319455723 0.35927497896419386 -0.42322534793490374
vn -0.29950693685325863 0.3460506590692138 -0.8891257144715482
vn -0.29950693685325863 0.3460506590692138 -0.8891257144715482
vn -0.29950693685325863 0.3460506590692138 -0.8891257144715482
vn 0.16634966075689878 0.9789214713016706 0.11849279889781211
vn 0.16634966075689878 0.9789214713016706 0.11849279889781211
vn 0.16634966075689878 0.9789214713016706 0.11849279889781211
vn 0.16634966075689878 0.9789214713016706 0.11849279889781211
vn 0.16634966075689878 0.9789214713016706 0.11849279889781211
vn 0.16634966075689878 0.9789214713016706 0.11849279889781211
vn 0.13603343381527372 0.8087820336284891 0.5721595292959744
vn 0.13603343381527372 0.8087820336284891 0.5721595292959744
vn 0.13603343381527372 0.8087820336284891 0.5721595292959744
vn 0.13603343381527372 0.8087820336284891 0.5721595292959744
vn 0.13603343381527372 0.8087820336284891 0.5721595292959744
vn 0.13603343381527372 0.8087820336284891 0.5721595292959744
vn -0.0004732040281628505 0.9238660733119395 0.3827156315871165
vn -0.0004732040281628505 0.9238660733119395 0.3827156315871165
vn -0.0004732040281628505 0.9238660733119395 0.3827156315871165
vn -0.0004732040281628505 0.9238660733119395 0.3827156315871165
vn -0.0004732040281628505 0.9238660733119395 0.3827156315871165
vn -0.0004732040281628505 0.9238660733119395 0.3827156315871165
vn -0.0011431211810791016 0.38269082549159583 0.9238757629457147
vn -0.0011431211810791016 0.38269082549159583 0.9238757629457147
vn -0.0011431211810791016 0.38269082549159583 0.9238757629457147
vn -0.0011431211810791016 0.38269082549159583 0.9238757629457147
vn -0.0011431211810791016 0.38269082549159583 0.9238757629457147
vn -0.0011431211810791016 0.38269082549159583 0.9238757629457147
vn -0.8192193149495975 -0.3957252238907126 0.4150677790315182
vn -0.8192193149495975 -0.3957252238907126 0.4150677790315182
vn -0.8192193149495975 -0.3957252238907126 0.4150677790315182
vn -0.8192193149495975 -0.3957252238907126 0.4150677790315182
vn -0.8192193149495975 -0.3957252238907126 0.4150677790315182
vn -0.8192193149495975 -0.3957252238907126 0.4150677790315182
vn -0.3172721049385003 -0.1526628289692595 0.9359660635295469
vn -0.3172721049385003 -0.1526628289692595 0.9359660635295469
vn -0.3172721049385003 -0.1526628289692595 0.9359660635295469
vn -0.3172721049385003 -0.1526628289692595 0.9359660635295469
vn -0.3172721049385003 -0.1526628289692595 0.9359660635295469
vn -0.3172721049385003 -0.1526628289692595 0.9359660635295469
vn 0.8171767903134891 -0.3950285387817864 0.419731517664412
vn 0.8171767903134891 -0.3950285387817864 0.419731517664412
vn 0.8171767903134891 -0.3950285387817864 0.419731517664412
vn 0.8171767903134891 -0.3950285387817864 0.419731517664412
vn 0.8171767903134891 -0.3950285387817864 0.419731517664412
vn 0.8171767903134891 -0.3950285387817864 0.419731517664412
vn 0.3128840320962545 -0.1513104249195244 0.9376613129322671
vn 0.3128840320962545 -0.1513104249195244 0.9376613129322671
vn 0.3128840320962545 -0.1513104249195244 0.9376613129322671
vn 0.3128840320962545 -0.1513104249195244 0.9376613129322671
vn 0.3128840320962545 -0.1513104249195244 0.9376613129322671
vn 0.3128840320962545 -0.1513104249195244 0.9376613129322671
vn -0.7144061738310853 -0.5936748224566379 0.37037011754879545
vn -0.7144061738310853 -0.5936748224566379 0.37037011754879545
vn -0.7144061738310853 -0.5936748224566379 0.37037011754879545
vn -0.7144061738310853 -0.5936748224566379 0.37037011754879545
vn -0.7144061738310853 -0.5936748224566379 0.37037011754879545
vn -0.7144061738310853 -0.5936748224566379 0.37037011754879545
vn -0.3044107584758872 -0.2514399604852334 0.9187557000614033
vn -0.3044107584758872 -0.2514399604852334 0.9187557000614033
vn -0.3044107584758872 -0.2514399604852334 0.9187557000614033
vn -0.3044107584758872 -0.2514399604852334 0.9187557000614033
vn -0.3044107584758872 -0.2514399604852334 0.9187557000614033
vn -0.3044107584758872 -0.2514399604852334 0.9187557000614033
vn 0.7134890450754586 -0.5936766764786395 0.3721308726276109
vn 0.7134890450754586 -0.5936766764786395 0.3721308726276109
vn 0.7134890450754586 -0.5936766764786395 0.3721308726276109
vn 0.7134890450754586 -0.5936766764786395 0.3721308726276109
vn 0.7134890450754586 -0.5936766764786395 0.3721308726276109
vn 0.7134890450754586 -0.5936766764786395 0.3721308726276109
vn 0.3021335045223967 -0.2514376069163325 0.9195077352981881
vn 0.3021335045223967 -0.2514376069163325 0.9195077352981881
vn 0.3021335045223967 -0.2514376069163325 0.9195077352981881
vn 0.3021335045223967 -0.2514376069163325 0.9195077352981881
vn 0.3021335045223967 -0.2514376069163325 0.9195077352981881
vn 0.3021335045223967 -0.2514376069163325 0.9195077352981881
vn -0.6386619634260285 -0.6917255977409144 0.33708544006347235
vn -0.6386619634260285 -0.6917255977409144 0.33708544006347235
vn -0.6386619634260285 -0.6917255977409144 0.33708544006347235
vn -0.6386619634260285 -0.6917255977409144 0.33708544006347235
vn -0.6386619634260285 -0.6917255977409144 0.33708544006347235
vn -0.6386619634260285 -0.6917255977409144 0.33708544006347235
vn -0.2935863474808621 -0.3164546850876855 0.902032975483103
vn -0.2935863474808621 -0.3164546850876855 0.902032975483103
vn -0.2935863474808621 -0.3164546850876855 0.902032975483103
vn -0.2935863474808621 -0.3164546850876855 0.902032975483103
vn -0.2935863474808621 -0.3164546850876855 0.902032975483103
vn -0.2935863474808621 -0.3164546850876855 0.902032975483103
vn 0.6378266445172401 -0.6917252238105563 0.33866412016644687
vn 0.6378266445172401 -0.6917252238105563 0.33866412016644687
vn 0.6378266445172401 -0.6917252238105563 0.33866412016644687
vn 0.6378266445172401 -0.6917252238105563 0.33866412016644687
vn 0.6378266445172401 -0.6917252238105563 0.33866412016644687
vn 0.6378266445172401 -0.6917252238105563 0.33866412016644687
vn 0.2913520706277806 -0.3164522745509693 0.902757956969875
vn 0.2913520706277806 -0.3164522745509693 0.902757956969875
vn 0.2913520706277806 -0.3164522745509693 0.902757956969875
vn 0.2913520706277806 -0.3164522745509693 0.902757956969875
vn 0.2913520706277806 -0.3164522745509693 0.902757956969875
vn 0.2913520706277806 -0.3164522745509693 0.902757956969875
vn -0.42999489752526615 -0.8735116075564503 0.2282145034093624
vn -0.42999489752526615 -0.8735116075564503 0.2282145034093624
vn -0.42999489752526615 -0.8735116075564503 0.2282145034093624
vn -0.42999489752526615 -0.8735116075564503 0.2282145034093624
vn -0.42999489752526615 -0.8735116075564503 0.2282145034093624
vn -0.42999489752526615 -0.8735116075564503 0.2282145034093624
vn -0.2612886413636 -0.5292196119936833 0.8072514157160824
vn -0.2612886413636 -0.5292196119936833 0.8072514157160824
vn -0.2612886413636 -0.5292196119936833 0.8072514157160824
vn -0.2612886413636 -0.5292196119936833 0.8072514157160824
vn -0.2612886413636 -0.5292196119936833 0.8072514157160824
vn -0.2612886413636 -0.5292196119936833 0.8072514157160824
vn 0.42942928914855 -0.8735125215552049 0.22927354907978142
vn 0.42942928914855 -0.8735125215552049 0.22927354907978142
vn 0.42942928914855 -0.8735125215552049 0.22927354907978142
vn 0.42942928914855 -0.8735125215552049 0.22927354907978142
vn 0.42942928914855 -0.8735125215552049 0.22927354907978142
vn 0.42942928914855 -0.8735125215552049 0.22927354907978142
vn 0.2592893766183632 -0.52921763317519 0.8078970948761424
vn 0.2592893766183632 -0.52921763317519 0.8078970948761424
vn 0.2592893766183632 -0.52921763317519 0.8078970948761424
vn 0.2592893766183632 -0.52921763317519 0.8078970948761424
vn 0.2592893766183632 -0.52921763317519 0.8078970948761424
vn 0.2592893766183632 -0.52921763317519 0.8078970948761424
vn -0.5616736625784621 -0.7740016993978556 0.292308169736885
vn -0.5616736625784621 -0.7740016993978556 0.292308169736885
vn -0.5616736625784621 -0.7740016993978556 0.292308169736885
vn -0.5616736625784621 -0.7740016993978556 0.292308169736885
vn -0.5616736625784621 -0.7740016993978556 0.292308169736885
vn -0.5616736625784621 -0.7740016993978556 0.292308169736885
vn -0.2878390842810869 -0.39577410238237365 0.8720731170284128
vn -0.2878390842810869 -0.39577410238237365 0.8720731170284128
vn -0.2878390842810869 -0.39577410238237365 0.8720731170284128
vn -0.2878390842810869 -0.39577410238237365 0.8720731170284128
vn -0.2878390842810869 -0.39577410238237365 0.8720731170284128
vn -0.2878390842810869 -0.39577410238237365 0.8720731170284128
vn 0.5609493848620455 -0.7740028613921164 0.2936926253410338
vn 0.5609493848620455 -0.7740028613921164 0.2936926253410338
vn 0.5609493848620455 -0.7740028613921164 0.2936926253410338
vn 0.5609493848620455 -0.7740028613921164 0.2936926253410338
vn 0.5609493848620455 -0.7740028613921164 0.2936926253410338
vn 0.5609493848620455 -0.7740028613921164 0.2936926253410338
vn 0.28567823513440865 -0.3957713577319127 0.8727846116709024
vn 0.28567823513440865 -0.3957713577319127 0.8727846116709024
vn 0.28567823513440865 -0.3957713577319127 0.8727846116709024
vn 0.28567823513440865 -0.3957713577319127 0.8727846116709024
vn 0.28567823513440865 -0.3957713577319127 0.8727846116709024
vn 0.28567823513440865 -0.3957713577319127 0.8727846116709024
vn -0.7371687995282812 -0.5642029714587429 0.3718294878020807
vn -0.7371687995282812 -0.5642029714587429 0.3718294878020807
vn -0.7371687995282812 -0.5642029714587429 0.3718294878020807
vn -0.7371687995282812 -0.5642029714587429 0.3718294878020807
vn -0.7371687995282812 -0.5642029714587429 0.3718294878020807
vn -0.7371687995282812 -0.5642029714587429 0.3718294878020807
vn -0.3129638811190563 -0.23920602141950223 0.9191485671160837
vn -0.3129638811190563 -0.23920602141950223 0.9191485671160837
vn -0.3129638811190563 -0.23920602141950223 0.9191485671160837
vn -0.3129638811190563 -0.23920602141950223 0.9191485671160837
vn -0.3129638811190563 -0.23920602141950223 0.9191485671160837
vn -0.3129638811190563 -0.23920602141950223 0.9191485671160837
vn 0.7362497410388116 -0.5642045098041376 0.37364366706389596
vn 0.7362497410388116 -0.5642045098041376 0.37364366706389596
vn 0.7362497410388116 -0.5642045098041376 0.37364366706389596
vn 0.7362497410388116 -0.5642045098041376 0.37364366706389596
vn 0.7362497410388116 -0.5642045098041376 0.37364366706389596
vn 0.7362497410388116 -0.5642045098041376 0.37364366706389596
vn 0.3106847707628205 -0.23920281177244623 0.9199222728340745
vn 0.3106847707628205 -0.23920281177244623 0.9199222728340745
vn 0.3106847707628205 -0.23920281177244623 0.9199222728340745
vn 0.3106847707628205 -0.23920281177244623 0.9199222728340745
vn 0.3106847707628205 -0.23920281177244623 0.9199222728340745
vn 0.3106847707628205 -0.23920281177244623 0.9199222728340745
vn -0.8159713209365423 -0.4160255762598234 0.4013894907776687
vn -0.8159713209365423 -0.4160255762598234 0.4013894907776687
vn -0.8159713209365423 -0.4160255762598234 0.4013894907776687
vn -0.8159713209365423 -0.4160255762598234 0.4013894907776687
vn -0.8159713209365423 -0.4160255762598234 0.4013894907776687
vn -0.8159713209365423 -0.4160255762598234 0.4013894907776687
vn -0.32504057777453044 -0.1655113962794039 0.9311039686853674
vn -0.32504057777453044 -0.1655113962794039 0.9311039686853674
vn -0.32504057777453044 -0.1655113962794039 0.9311039686853674
vn -0.32504057777453044 -0.1655113962794039 0.9311039686853674
vn -0.32504057777453044 -0.1655113962794039 0.9311039686853674
vn -0.32504057777453044 -0.1655113962794039 0.9311039686853674
vn 0.8149809594213216 -0.4160292857384744 0.4033926984820582
vn 0.8149809594213216 -0.4160292857384744 0.4033926984820582
vn 0.8149809594213216 -0.4160292857384744 0.4033926984820582
vn 0.8149809594213216 -0.4160292857384744 0.4033926984820582
vn 0.8149809594213216 -0.4160292857384744 0.4033926984820582
vn 0.8149809594213216 -0.4160292857384744 0.4033926984820582
vn 0.3227273449670604 -0.1655078315123291 0.931908911062985
vn 0.3227273449670604 -0.1655078315123291 0.931908911062985
vn 0.3227273449670604 -0.1655078315123291 0.931908911062985
vn 0.3227273449670604 -0.1655078315123291 0.931908911062985
vn 0.3227273449670604 -0.1655078315123291 0.931908911062985
vn 0.3227273449670604 -0.1655078315123291 0.931908911062985
vn -0.8887351912781796 -0.15872844295863708 0.43006399660941663
vn -0.8887351912781796 -0.15872844295863708 0.43006399660941663
vn -0.8887351912781796 -0.15872844295863708 0.43006399660941663
vn -0.8887351912781796 -0.15872844295863708 0.43006399660941663
vn -0.8887351912781796 -0.15872844295863708 0.43006399660941663
vn -0.8887351912781796 -0.15872844295863708 0.43006399660941663
vn -0.33381795287657673 -0.05957694564797313 0.9407529760168448
vn -0.33381795287657673 -0.05957694564797313 0.9407529760168448
vn -0.33381795287657673 -0.05957694564797313 0.9407529760168448
vn -0.33381795287657673 -0.05957694564797313 0.9407529760168448
vn -0.33381795287657673 -0.05957694564797313 0.9407529760168448
vn -0.33381795287657673 -0.05957694564797313 0.9407529760168448
vn 0.8876773335983043 -0.15872996351901175 0.4322426981419793
vn 0.8876773335983043 -0.15872996351901175 0.4322426981419793
vn 0.8876773335983043 -0.15872996351901175 0.4322426981419793
vn 0.8876773335983043 -0.15872996351901175 0.4322426981419793
vn 0.8876773335983043 -0.15872996351901175 0.4322426981419793
vn 0.8876773335983043 -0.15872996351901175 0.4322426981419793
vn 0.3314878412380993 -0.05957663114630457 0.9415765694475207
vn 0.3314878412380993 -0.05957663114630457 0.9415765694475207
vn 0.3314878412380993 -0.05957663114630457 0.9415765694475207
vn 0.3314878412380993 -0.05957663114630457 0.9415765694475207
vn 0.3314878412380993 -0.05957663114630457 0.9415765694475207
vn 0.3314878412380993 -0.05957663114630457 0.9415765694475207
vn -0.9009466620960201 -0.01783365182920415 0.4335632282844965
vn -0.9009466620960201 -0.01783365182920415 0.4335632282844965
vn -0.9009466620960201 -0.01783365182920415 0.4335632282844965
vn -0.9009466620960201 -0.01783365182920415 0.4335632282844965
vn -0.9009466620960201 -0.01783365182920415 0.4335632282844965
vn -0.9009466620960201 -0.01783365182920415 0.4335632282844965
vn -0.33604830439453076 -0.006632935469174219 0.9418213956375288
vn -0.33604830439453076 -0.006632935469174219 0.9418213956375288
vn -0.33604830439453076 -0.006632935469174219 0.9418213956375288
vn -0.33604830439453076 -0.006632935469174219 0.9418213956375288
vn -0.33604830439453076 -0.006632935469174219 0.9418213956375288
vn -0.33604830439453076 -0.006632935469174219 0.9418213956375288
vn 0.8998742671938519 -0.01783399070353428 0.43578463949285134
vn 0.8998742671938519 -0.01783399070353428 0.43578463949285134
vn 0.8998742671938519 -0.01783399070353428 0.43578463949285134
vn 0.8998742671938519 -0.01783399070353428 0.43578463949285134
vn 0.8998742671938519 -0.01783399070353428 0.43578463949285134
vn 0.8998742671938519 -0.01783399070353428 0.43578463949285134
vn 0.3337163882494581 -0.006632898940376345 0.9426501879623128
vn 0.3337163882494581 -0.006632898940376345 0.9426501879623128
vn 0.3337163882494581 -0.006632898940376345 0.9426501879623128
vn 0.3337163882494581 -0.006632898940376345 0.9426501879623128
vn 0.3337163882494581 -0.006632898940376345 0.9426501879623128
vn 0.3337163882494581 -0.006632898940376345 0.9426501879623128
vn -0.8913328390240243 0.13967803783522967 0.43129550869893457
vn -0.8913328390240243 0.13967803783522967 0.43129550869893457
vn -0.8913328390240243 0.13967803783522967 0.43129550869893457
vn -0.8913328390240243 0.13967803783522967 0.43129550869893457
vn -0.8913328390240243 0.13967803783522967 0.43129550869893457
vn -0.8913328390240243 0.13967803783522967 0.43129550869893457
vn -0.3339698999331548 0.05226029653660056 0.9411338732319355
vn -0.3339698999331548 0.05226029653660056 0.9411338732319355
vn -0.3339698999331548 0.05226029653660056 0.9411338732319355
vn -0.3339698999331548 0.05226029653660056 0.9411338732319355
vn -0.3339698999331548 0.05226029653660056 0.9411338732319355
vn -0.3339698999331548 0.05226029653660056 0.9411338732319355
vn 0.8902629392667192 0.1396787391114022 0.43349942192398666
vn 0.8902629392667192 0.1396787391114022 0.43349942192398666
vn 0.8902629392667192 0.1396787391114022 0.43349942192398666
vn 0.8902629392667192 0.1396787391114022 0.43349942192398666
vn 0.8902629392667192 0.1396787391114022 0.43349942192398666
vn 0.8902629392667192 0.1396787391114022 0.43349942192398666
vn 0.33164745561377923 0.052261502265304564 0.9419547232037643
vn 0.33164745561377923 0.052261502265304564 0.9419547232037643
vn 0.33164745561377923 0.052261502265304564 0.9419547232037643
vn 0.33164745561377923 0.052261502265304564 0.9419547232037643
vn 0.33164745561377923 0.052261502265304564 0.9419547232037643
vn 0.33164745561377923 0.052261502265304564 0.9419547232037643
vn -0.8649697641024813 0.2660391348303281 0.42550027723519596
vn -0.8649697641024813 0.2660391348303281 0.42550027723519596
vn -0.8649697641024813 0.2660391348303281 0.42550027723519596
vn -0.8649697641024813 0.2660391348303281 0.42550027723519596
vn -0.8649697641024813 0.2660391348303281 0.42550027723519596
vn -0.8649697641024813 0.2660391348303281 0.42550027723519596
vn -0.3278991492345143 0.10079959912789115 0.9393197478744595
vn -0.3278991492345143 0.10079959912789115 0.9393197478744595
vn -0.3278991492345143 0.10079959912789115 0.9393197478744595
vn -0.3278991492345143 0.10079959912789115 0.9393197478744595
vn -0.3278991492345143 0.10079959912789115 0.9393197478744595
vn -0.3278991492345143 0.10079959912789115 0.9393197478744595
vn 0.8639159241130531 0.266039412546142 0.42763571768035613
vn 0.8639159241130531 0.266039412546142 0.42763571768035613
vn 0.8639159241130531 0.266039412546142 0.42763571768035613
vn 0.8639159241130531 0.266039412546142 0.42763571768035613
vn 0.8639159241130531 0.266039412546142 0.42763571768035613
vn 0.8639159241130531 0.266039412546142 0.42763571768035613
vn 0.32557026071709094 0.10079873184647055 0.9401295767045884
vn 0.32557026071709094 0.10079873184647055 0.9401295767045884
vn 0.32557026071709094 0.10079873184647055 0.9401295767045884
vn 0.32557026071709094 0.10079873184647055 0.9401295767045884
vn 0.32557026071709094 0.10079873184647055 0.9401295767045884
vn 0.32557026071709094 0.10079873184647055 0.9401295767045884
vn -0.818237145765878 0.3991149242958363 0.41375747786987255
vn -0.818237145765878 0.3991149242958363 0.41375747786987255
vn -0.818237145765878 0.3991149242958363 0.41375747786987255
vn -0.818237145765878 0.3991149242958363 0.41375747786987255
vn -0.818237145765878 0.3991149242958363 0.41375747786987255
vn -0.818237145765878 0.3991149242958363 0.41375747786987255
vn -0.3177253611647804 0.15486269076027484 0.9354507693530416
vn -0.3177253611647804 0.15486269076027484 0.9354507693530416
vn -0.3177253611647804 0.15486269076027484 0.9354507693530416
vn -0.3177253611647804 0.15486269076027484 0.9354507693530416
vn -0.3177253611647804 0.15486269076027484 0.9354507693530416
vn -0.3177253611647804 0.15486269076027484 0.9354507693530416
vn 0.8172167696572463 0.39911763459803706 0.41576659936055826
vn 0.8172167696572463 0.39911763459803706 0.41576659936055826
vn 0.8172167696572463 0.39911763459803706 0.41576659936055826
vn 0.8172167696572463 0.39911763459803706 0.41576659936055826
vn 0.8172167696572463 0.39911763459803706 0.41576659936055826
vn 0.8172167696572463 0.39911763459803706 0.41576659936055826
vn 0.31539815414617756 0.154856684118944 0.9362389714943881
vn 0.31539815414617756 0.154856684118944 0.9362389714943881
vn 0.31539815414617756 0.154856684118944 0.9362389714943881
vn 0.31539815414617756 0.154856684118944 0.9362389714943881
vn 0.31539815414617756 0.154856684118944 0.9362389714943881
vn 0.31539815414617756 0.154856684118944 0.9362389714943881
vn -0.6983160147922532 0.614015201824715 0.36788595435653704
vn -0.6983160147922532 0.614015201824715 0.36788595435653704
vn -0.6983160147922532 0.614015201824715 0.36788595435653704
vn -0.6983160147922532 0.614015201824715 0.36788595435653704
vn -0.6983160147922532 0.614015201824715 0.36788595435653704
vn -0.6983160147922532 0.614015201824715 0.36788595435653704
vn -0.2991312500604449 0.26269001308124074 0.9173409683779815
vn -0.2991312500604449 0.26269001308124074 0.9173409683779815
vn -0.2991312500604449 0.26269001308124074 0.9173409683779815
vn -0.2991312500604449 0.26269001308124074 0.9173409683779815
vn -0.2991312500604449 0.26269001308124074 0.9173409683779815
vn -0.2991312500604449 0.26269001308124074 0.9173409683779815
vn 0.6974063296498231 0.614017825515555 0.36960319440382516
vn 0.6974063296498231 0.614017825515555 0.36960319440382516
vn 0.6974063296498231 0.614017825515555 0.36960319440382516
vn 0.6974063296498231 0.614017825515555 0.36960319440382516
vn 0.6974063296498231 0.614017825515555 0.36960319440382516
vn 0.6974063296498231 0.614017825515555 0.36960319440382516
vn 0.29685405670352116 0.26268408443308083 0.9180820991633682
vn 0.29685405670352116 0.26268408443308083 0.9180820991633682
vn 0.29685405670352116 0.26268408443308083 0.9180820991633682
vn 0.29685405670352116 0.26268408443308083 0.9180820991633682
vn 0.29685405670352116 0.26268408443308083 0.9180820991633682
vn 0.29685405670352116 0.26268408443308083 0.9180820991633682
vn -0.5041077791901353 0.8161334354894461 0.2824917033050423
vn -0.5041077791901353 0.8161334354894461 0.2824917033050423
vn -0.5041077791901353 0.8161334354894461 0.2824917033050423
vn -0.5041077791901353 0.8161334354894461 0.2824917033050423
vn -0.5041077791901353 0.8161334354894461 0.2824917033050423
vn -0.5041077791901353 0.8161334354894461 0.2824917033050423
vn -0.2648707100522464 0.42865398803274773 0.8637703777625393
vn -0.2648707100522464 0.42865398803274773 0.8637703777625393
vn -0.2648707100522464 0.42865398803274773 0.8637703777625393
vn -0.2648707100522464 0.42865398803274773 0.8637703777625393
vn -0.2648707100522464 0.42865398803274773 0.8637703777625393
vn -0.2648707100522464 0.42865398803274773 0.8637703777625393
vn 0.5034079555766875 0.8161351553565876 0.28373198348649115
vn 0.5034079555766875 0.8161351553565876 0.28373198348649115
vn 0.5034079555766875 0.8161351553565876 0.28373198348649115
vn 0.5034079555766875 0.8161351553565876 0.28373198348649115
vn 0.5034079555766875 0.8161351553565876 0.28373198348649115
vn 0.5034079555766875 0.8161351553565876 0.28373198348649115
vn 0.26273295921734713 0.4286542855218011 0.8644228685340815
vn 0.26273295921734713 0.4286542855218011 0.8644228685340815
vn 0.26273295921734713 0.4286542855218011 0.8644228685340815
vn 0.26273295921734713 0.4286542855218011 0.8644228685340815
vn 0.26273295921734713 0.4286542855218011 0.8644228685340815
vn 0.26273295921734713 0.4286542855218011 0.8644228685340815
vn -0.26203564545024577 0.950979643871659 0.16424079108189174
vn -0.26203564545024577 0.950979643871659 0.16424079108189174
vn -0.26203564545024577 0.950979643871659 0.16424079108189174
vn -0.26203564545024577 0.950979643871659 0.16424079108189174
vn -0.26203564545024577 0.950979643871659 0.16424079108189174
vn -0.26203564545024577 0.950979643871659 0.16424079108189174
vn -0.1906381769773595 0.6932971088245454 0.6949792834137399
vn -0.1906381769773595 0.6932971088245454 0.6949792834137399
vn -0.1906381769773595 0.6932971088245454 0.6949792834137399
vn -0.1906381769773595 0.6932971088245454 0.6949792834137399
vn -0.1906381769773595 0.6932971088245454 0.6949792834137399
vn -0.1906381769773595 0.6932971088245454 0.6949792834137399
vn 0.26162890176466175 0.9509796978451168 0.16488763461165712
vn 0.26162890176466175 0.9509796978451168 0.16488763461165712
vn 0.26162890176466175 0.9509796978451168 0.16488763461165712
vn 0.26162890176466175 0.9509796978451168 0.16488763461165712
vn 0.26162890176466175 0.9509796978451168 0.16488763461165712
vn 0.26162890176466175 0.9509796978451168 0.16488763461165712
vn 0.1889190116236937 0.6932991825145091 0.6954465116540886
vn 0.1889190116236937 0.6932991825145091 0.6954465116540886
vn 0.1889190116236937 0.6932991825145091 0.6954465116540886
vn 0.1889190116236937 0.6932991825145091 0.6954465116540886
vn 0.1889190116236937 0.6932991825145091 0.6954465116540886
vn 0.1889190116236937 0.6932991825145091 0.6954465116540886
vn -0.16664375823500802 0.9789212211876566 0.11808090679605944
vn -0.16664375823500802 0.9789212211876566 0.11808090679605944
vn -0.16664375823500802 0.9789212211876566 0.11808090679605944
vn -0.16664375823500802 0.9789212211876566 0.11808090679605944
vn -0.16664375823500802 0.9789212211876566 0.11808090679605944
vn -0.16664375823500802 0.9789212211876566 0.11808090679605944
vn -0.1374490531063287 0.8087823561547393 0.5718206521042781
vn -0.1374490531063287 0.8087823561547393 0.5718206521042781
vn -0.1374490531063287 0.8087823561547393 0.5718206521042781
vn -0.1374490531063287 0.8087823561547393 0.5718206521042781
vn -0.1374490531063287 0.8087823561547393 0.5718206521042781
vn -0.1374490531063287 0.8087823561547393 0.5718206521042781
vn 0.13744856415941664 0.8087829611177141 -0.5718199139730766
vn 0.13744856415941664 0.8087829611177141 -0.5718199139730766
vn 0.13744856415941664 0.8087829611177141 -0.5718199139730766
vn 0.13744856415941664 0.8087829611177141 -0.5718199139730766
vn 0.13744856415941664 0.8087829611177141 -0.5718199139730766
vn 0.13744856415941664 0.8087829611177141 -0.5718199139730766
vn 0.16664351495466664 0.9789212137569708 -0.11808131173108027
vn 0.16664351495466664 0.9789212137569708 -0.11808131173108027
vn 0.16664351495466664 0.9789212137569708 -0.11808131173108027
vn 0.16664351495466664 0.9789212137569708 -0.11808131173108027
vn 0.16664351495466664 0.9789212137569708 -0.11808131173108027
vn 0.16664351495466664 0.9789212137569708 -0.11808131173108027
vn 0.001142840952250698 0.3826908465394737 -0.9238757545738814
vn 0.001142840952250698 0.3826908465394737 -0.9238757545738814
vn 0.001142840952250698 0.3826908465394737 -0.9238757545738814
vn 0.001142840952250698 0.3826908465394737 -0.9238757545738814
vn 0.001142840952250698 0.3826908465394737 -0.9238757545738814
vn 0.001142840952250698 0.3826908465394737 -0.9238757545738814
vn 0.0004736645961652825 0.923865948405861 -0.38271593253742264
vn 0.0004736645961652825 0.923865948405861 -0.38271593253742264
vn 0.0004736645961652825 0.923865948405861 -0.38271593253742264
vn 0.0004736645961652825 0.923865948405861 -0.38271593253742264
vn 0.0004736645961652825 0.923865948405861 -0.38271593253742264
vn 0.0004736645961652825 0.923865948405861 -0.38271593253742264
vn -0.3149551201910545 -0.1526629537398736 -0.93674825584084
vn -0.3149551201910545 -0.1526629537398736 -0.93674825584084
vn -0.3149551201910545 -0.1526629537398736 -0.93674825584084
vn -0.3149551201910545 -0.1526629537398736 -0.93674825584084
vn -0.3149551201910545 -0.1526629537398736 -0.93674825584084
vn -0.3149551201910545 -0.1526629537398736 -0.93674825584084
vn -0.8181894200877948 -0.3957254267323355 -0.41709406552228573
vn -0.8181894200877948 -0.3957254267323355 -0.41709406552228573
vn -0.8181894200877948 -0.3957254267323355 -0.41709406552228573
vn -0.8181894200877948 -0.3957254267323355 -0.41709406552228573
vn -0.8181894200877948 -0.3957254267323355 -0.41709406552228573
vn -0.8181894200877948 -0.3957254267323355 -0.41709406552228573
vn 0.31520099151692593 -0.1513107787090426 -0.9368849359410206
vn 0.31520099151692593 -0.1513107787090426 -0.9368849359410206
vn 0.31520099151692593 -0.1513107787090426 -0.9368849359410206
vn 0.31520099151692593 -0.1513107787090426 -0.9368849359410206
vn 0.31520099151692593 -0.1513107787090426 -0.9368849359410206
vn 0.31520099151692593 -0.1513107787090426 -0.9368849359410206
vn 0.8182135851349885 -0.3950291375409399 -0.41770624797123906
vn 0.8182135851349885 -0.3950291375409399 -0.41770624797123906
vn 0.8182135851349885 -0.3950291375409399 -0.41770624797123906
vn 0.8182135851349885 -0.3950291375409399 -0.41770624797123906
vn 0.8182135851349885 -0.3950291375409399 -0.41770624797123906
vn 0.8182135851349885 -0.3950291375409399 -0.41770624797123906
vn -0.3021377282053575 -0.2514405520732667 -0.9195055421083638
vn -0.3021377282053575 -0.2514405520732667 -0.9195055421083638
vn -0.3021377282053575 -0.2514405520732667 -0.9195055421083638
vn -0.3021377282053575 -0.2514405520732667 -0.9195055421083638
vn -0.3021377282053575 -0.2514405520732667 -0.9195055421083638
vn -0.3021377282053575 -0.2514405520732667 -0.9195055421083638
vn -0.7134889342120779 -0.5936754337722268 -0.372133067722114
vn -0.7134889342120779 -0.5936754337722268 -0.372133067722114
vn -0.7134889342120779 -0.5936754337722268 -0.372133067722114
vn -0.7134889342120779 -0.5936754337722268 -0.372133067722114
vn -0.7134889342120779 -0.5936754337722268 -0.372133067722114
vn -0.7134889342120779 -0.5936754337722268 -0.372133067722114
vn 0.3044065626618623 -0.25143612254623376 -0.9187581405828767
vn 0.3044065626618623 -0.25143612254623376 -0.9187581405828767
vn 0.3044065626618623 -0.25143612254623376 -0.9187581405828767
vn 0.3044065626618623 -0.25143612254623376 -0.9187581405828767
vn 0.3044065626618623 -0.25143612254623376 -0.9187581405828767
vn 0.3044065626618623 -0.25143612254623376 -0.9187581405828767
vn 0.7144072050120871 -0.5936764481305906 -0.3703655226419757
vn 0.7144072050120871 -0.5936764481305906 -0.3703655226419757
vn 0.7144072050120871 -0.5936764481305906 -0.3703655226419757
vn 0.7144072050120871 -0.5936764481305906 -0.3703655226419757
vn 0.7144072050120871 -0.5936764481305906 -0.3703655226419757
vn 0.7144072050120871 -0.5936764481305906 -0.3703655226419757
vn -0.29135654046132603 -0.3164583199953457 -0.9027543951907026
vn -0.29135654046132603 -0.3164583199953457 -0.9027543951907026
vn -0.29135654046132603 -0.3164583199953457 -0.9027543951907026
vn -0.29135654046132603 -0.3164583199953457 -0.9027543951907026
vn -0.29135654046132603 -0.3164583199953457 -0.9027543951907026
vn -0.29135654046132603 -0.3164583199953457 -0.9027543951907026
vn -0.637824775543871 -0.6917246554876676 -0.3386688008849915
vn -0.637824775543871 -0.6917246554876676 -0.3386688008849915
vn -0.637824775543871 -0.6917246554876676 -0.3386688008849915
vn -0.637824775543871 -0.6917246554876676 -0.3386688008849915
vn -0.637824775543871 -0.6917246554876676 -0.3386688008849915
vn -0.637824775543871 -0.6917246554876676 -0.3386688008849915
vn 0.2935870831526465 -0.31645505829685067 -0.9020326051115104
vn 0.2935870831526465 -0.31645505829685067 -0.9020326051115104
vn 0.2935870831526465 -0.31645505829685067 -0.9020326051115104
vn 0.2935870831526465 -0.31645505829685067 -0.9020326051115104
vn 0.2935870831526465 -0.31645505829685067 -0.9020326051115104
vn 0.2935870831526465 -0.31645505829685067 -0.9020326051115104
vn 0.6386618734560098 -0.6917246067580182 -0.33708764409145103
vn 0.6386618734560098 -0.6917246067580182 -0.33708764409145103
vn 0.6386618734560098 -0.6917246067580182 -0.33708764409145103
vn 0.6386618734560098 -0.6917246067580182 -0.33708764409145103
vn 0.6386618734560098 -0.6917246067580182 -0.33708764409145103
vn 0.6386618734560098 -0.6917246067580182 -0.33708764409145103
vn -0.2592902773567929 -0.5292196981716981 -0.8078954530973015
vn -0.2592902773567929 -0.5292196981716981 -0.8078954530973015
vn -0.2592902773567929 -0.5292196981716981 -0.8078954530973015
vn -0.2592902773567929 -0.5292196981716981 -0.8078954530973015
vn -0.2592902773567929 -0.5292196981716981 -0.8078954530973015
vn -0.2592902773567929 -0.5292196981716981 -0.8078954530973015
vn -0.429428525241929 -0.8735116052651717 -0.22927847080701844
vn -0.429428525241929 -0.8735116052651717 -0.22927847080701844
vn -0.429428525241929 -0.8735116052651717 -0.22927847080701844
vn -0.429428525241929 -0.8735116052651717 -0.22927847080701844
vn -0.429428525241929 -0.8735116052651717 -0.22927847080701844
vn -0.429428525241929 -0.8735116052651717 -0.22927847080701844
vn 0.26128771352383956 -0.5292180788540483 -0.8072527211323072
vn 0.26128771352383956 -0.5292180788540483 -0.8072527211323072
vn 0.26128771352383956 -0.5292180788540483 -0.8072527211323072
vn 0.26128771352383956 -0.5292180788540483 -0.8072527211323072
vn 0.26128771352383956 -0.5292180788540483 -0.8072527211323072
vn 0.26128771352383956 -0.5292180788540483 -0.8072527211323072
vn 0.42999528592632574 -0.8735125183547799 -0.22821028539184554
vn 0.42999528592632574 -0.8735125183547799 -0.22821028539184554
vn 0.42999528592632574 -0.8735125183547799 -0.22821028539184554
vn 0.42999528592632574 -0.8735125183547799 -0.22821028539184554
vn 0.42999528592632574 -0.8735125183547799 -0.22821028539184554
vn 0.42999528592632574 -0.8735125183547799 -0.22821028539184554
vn -0.2856760291338564 -0.39576824378585707 -0.8727867457683868
vn -0.2856760291338564 -0.39576824378585707 -0.8727867457683868
vn -0.2856760291338564 -0.39576824378585707 -0.8727867457683868
vn -0.2856760291338564 -0.39576824378585707 -0.8727867457683868
vn -0.2856760291338564 -0.39576824378585707 -0.8727867457683868
vn -0.2856760291338564 -0.39576824378585707 -0.8727867457683868
vn -0.5609487806879941 -0.7740018133871734 -0.2936965412088123
vn -0.5609487806879941 -0.7740018133871734 -0.2936965412088123
vn -0.5609487806879941 -0.7740018133871734 -0.2936965412088123
vn -0.5609487806879941 -0.7740018133871734 -0.2936965412088123
vn -0.5609487806879941 -0.7740018133871734 -0.2936965412088123
vn -0.5609487806879941 -0.7740018133871734 -0.2936965412088123
vn 0.2878327056285277 -0.3957655041348799 -0.8720791244534098
vn 0.2878327056285277 -0.3957655041348799 -0.8720791244534098
vn 0.2878327056285277 -0.3957655041348799 -0.8720791244534098
vn 0.2878327056285277 -0.3957655041348799 -0.8720791244534098
vn 0.2878327056285277 -0.3957655041348799 -0.8720791244534098
vn 0.2878327056285277 -0.3957655041348799 -0.8720791244534098
vn 0.5616748260495356 -0.7740033645266161 -0.29230152494248507
vn 0.5616748260495356 -0.7740033645266161 -0.29230152494248507
vn 0.5616748260495356 -0.7740033645266161 -0.29230152494248507
vn 0.5616748260495356 -0.7740033645266161 -0.29230152494248507
vn 0.5616748260495356 -0.7740033645266161 -0.29230152494248507
vn 0.5616748260495356 -0.7740033645266161 -0.29230152494248507
vn -0.31068467806324473 -0.2392028109629024 -0.9199223043519406
vn -0.31068467806324473 -0.2392028109629024 -0.9199223043519406
vn -0.31068467806324473 -0.2392028109629024 -0.9199223043519406
vn -0.31068467806324473 -0.2392028109629024 -0.9199223043519406
vn -0.31068467806324473 -0.2392028109629024 -0.9199223043519406
vn -0.31068467806324473 -0.2392028109629024 -0.9199223043519406
vn -0.7362473052479517 -0.5642034455911031 -0.37365007359594704
vn -0.7362473052479517 -0.5642034455911031 -0.37365007359594704
vn -0.7362473052479517 -0.5642034455911031 -0.37365007359594704
vn -0.7362473052479517 -0.5642034455911031 -0.37365007359594704
vn -0.7362473052479517 -0.5642034455911031 -0.37365007359594704
vn -0.7362473052479517 -0.5642034455911031 -0.37365007359594704
vn 0.3129619085103617 -0.23920415592535366 -0.919149724261282
vn 0.3129619085103617 -0.23920415592535366 -0.919149724261282
vn 0.3129619085103617 -0.23920415592535366 -0.919149724261282
vn 0.3129619085103617 -0.23920415592535366 -0.919149724261282
vn 0.3129619085103617 -0.23920415592535366 -0.919149724261282
vn 0.3129619085103617 -0.23920415592535366 -0.919149724261282
vn 0.7371696030375523 -0.5642035457604847 -0.3718270233707524
vn 0.7371696030375523 -0.5642035457604847 -0.3718270233707524
vn 0.7371696030375523 -0.5642035457604847 -0.3718270233707524
vn 0.7371696030375523 -0.5642035457604847 -0.3718270233707524
vn 0.7371696030375523 -0.5642035457604847 -0.3718270233707524
vn 0.7371696030375523 -0.5642035457604847 -0.3718270233707524
vn -0.3227295545147058 -0.165508792959258 -0.9319079751219586
vn -0.3227295545147058 -0.165508792959258 -0.9319079751219586
vn -0.3227295545147058 -0.165508792959258 -0.9319079751219586
vn -0.3227295545147058 -0.165508792959258 -0.9319079751219586
vn -0.3227295545147058 -0.165508792959258 -0.9319079751219586
vn -0.3227295545147058 -0.165508792959258 -0.9319079751219586
vn -0.8149789403121016 -0.41602715600744006 -0.4033989741089152
vn -0.8149789403121016 -0.41602715600744006 -0.4033989741089152
vn -0.8149789403121016 -0.41602715600744006 -0.4033989741089152
vn -0.8149789403121016 -0.41602715600744006 -0.4033989741089152
vn -0.8149789403121016 -0.41602715600744006 -0.4033989741089152
vn -0.8149789403121016 -0.41602715600744006 -0.4033989741089152
vn 0.32504057176407214 -0.16551214364584968 -0.9311038379327198
vn 0.32504057176407214 -0.16551214364584968 -0.9311038379327198
vn 0.32504057176407214 -0.16551214364584968 -0.9311038379327198
vn 0.32504057176407214 -0.16551214364584968 -0.9311038379327198
vn 0.32504057176407214 -0.16551214364584968 -0.9311038379327198
vn 0.32504057176407214 -0.16551214364584968 -0.9311038379327198
vn 0.8159716213906284 -0.4160268705787691 -0.4013875384732129
vn 0.8159716213906284 -0.4160268705787691 -0.4013875384732129
vn 0.8159716213906284 -0.4160268705787691 -0.4013875384732129
vn 0.8159716213906284 -0.4160268705787691 -0.4013875384732129
vn 0.8159716213906284 -0.4160268705787691 -0.4013875384732129
vn 0.8159716213906284 -0.4160268705787691 -0.4013875384732129
vn -0.3314857254236517 -0.05957645741560455 -0.9415773253228659
vn -0.3314857254236517 -0.05957645741560455 -0.9415773253228659
vn -0.3314857254236517 -0.05957645741560455 -0.9415773253228659
vn -0.3314857254236517 -0.05957645741560455 -0.9415773253228659
vn -0.3314857254236517 -0.05957645741560455 -0.9415773253228659
vn -0.3314857254236517 -0.05957645741560455 -0.9415773253228659
vn -0.8876715777722631 -0.1587291446488208 -0.43225481912218716
vn -0.8876715777722631 -0.1587291446488208 -0.43225481912218716
vn -0.8876715777722631 -0.1587291446488208 -0.43225481912218716
vn -0.8876715777722631 -0.1587291446488208 -0.43225481912218716
vn -0.8876715777722631 -0.1587291446488208 -0.43225481912218716
vn -0.8876715777722631 -0.1587291446488208 -0.43225481912218716
vn 0.3338115000445009 -0.05957606636410645 -0.9407553214064854
vn 0.3338115000445009 -0.05957606636410645 -0.9407553214064854
vn 0.3338115000445009 -0.05957606636410645 -0.9407553214064854
vn 0.3338115000445009 -0.05957606636410645 -0.9407553214064854
vn 0.3338115000445009 -0.05957606636410645 -0.9407553214064854
vn 0.3338115000445009 -0.05957606636410645 -0.9407553214064854
vn 0.8887414757551784 -0.15872969467245637 -0.430050547379836
vn 0.8887414757551784 -0.15872969467245637 -0.430050547379836
vn 0.8887414757551784 -0.15872969467245637 -0.430050547379836
vn 0.8887414757551784 -0.15872969467245637 -0.430050547379836
vn 0.8887414757551784 -0.15872969467245637 -0.430050547379836
vn 0.8887414757551784 -0.15872969467245637 -0.430050547379836
vn -0.3337188410077367 -0.00663326448056171 -0.9426493170627049
vn -0.3337188410077367 -0.00663326448056171 -0.9426493170627049
vn -0.3337188410077367 -0.00663326448056171 -0.9426493170627049
vn -0.3337188410077367 -0.00663326448056171 -0.9426493170627049
vn -0.3337188410077367 -0.00663326448056171 -0.9426493170627049
vn -0.3337188410077367 -0.00663326448056171 -0.9426493170627049
vn -0.8998712402004629 -0.017833786503749706 -0.43579089838937607
vn -0.8998712402004629 -0.017833786503749706 -0.43579089838937607
vn -0.8998712402004629 -0.017833786503749706 -0.43579089838937607
vn -0.8998712402004629 -0.017833786503749706 -0.43579089838937607
vn -0.8998712402004629 -0.017833786503749706 -0.43579089838937607
vn -0.8998712402004629 -0.017833786503749706 -0.43579089838937607
vn 0.3360459254280674 -0.00663320473813345 -0.94182224256921
vn 0.3360459254280674 -0.00663320473813345 -0.94182224256921
vn 0.3360459254280674 -0.00663320473813345 -0.94182224256921
vn 0.3360459254280674 -0.00663320473813345 -0.94182224256921
vn 0.3360459254280674 -0.00663320473813345 -0.94182224256921
vn 0.3360459254280674 -0.00663320473813345 -0.94182224256921
vn 0.9009485309195001 -0.01783404870104387 -0.43355932851332285
vn 0.9009485309195001 -0.01783404870104387 -0.43355932851332285
vn 0.9009485309195001 -0.01783404870104387 -0.43355932851332285
vn 0.9009485309195001 -0.01783404870104387 -0.43355932851332285
vn 0.9009485309195001 -0.01783404870104387 -0.43355932851332285
vn 0.9009485309195001 -0.01783404870104387 -0.43355932851332285
vn -0.33164256146765353 0.05226035983762107 -0.941956509724741
vn -0.33164256146765353 0.05226035983762107 -0.941956509724741
vn -0.33164256146765353 0.05226035983762107 -0.941956509724741
vn -0.33164256146765353 0.05226035983762107 -0.941956509724741
vn -0.33164256146765353 0.05226035983762107 -0.941956509724741
vn -0.33164256146765353 0.05226035983762107 -0.941956509724741
vn -0.8902664103947041 0.13967846595579955 -0.4334923813300102
vn -0.8902664103947041 0.13967846595579955 -0.4334923813300102
vn -0.8902664103947041 0.13967846595579955 -0.4334923813300102
vn -0.8902664103947041 0.13967846595579955 -0.4334923813300102
vn -0.8902664103947041 0.13967846595579955 -0.4334923813300102
vn -0.8902664103947041 0.13967846595579955 -0.4334923813300102
vn 0.33396979734263443 0.05226024113300704 -0.9411339127136158
vn 0.33396979734263443 0.05226024113300704 -0.9411339127136158
vn 0.33396979734263443 0.05226024113300704 -0.9411339127136158
vn 0.33396979734263443 0.05226024113300704 -0.9411339127136158
vn 0.33396979734263443 0.05226024113300704 -0.9411339127136158
vn 0.33396979734263443 0.05226024113300704 -0.9411339127136158
vn 0.8913293965110882 0.13967803369169507 -0.43130262440564965
vn 0.8913293965110882 0.13967803369169507 -0.43130262440564965
vn 0.8913293965110882 0.13967803369169507 -0.43130262440564965
vn 0.8913293965110882 0.13967803369169507 -0.43130262440564965
vn 0.8913293965110882 0.13967803369169507 -0.43130262440564965
vn 0.8913293965110882 0.13967803369169507 -0.43130262440564965
vn -0.32557592104705685 0.1008002129993924 -0.9401274576852
vn -0.32557592104705685 0.1008002129993924 -0.9401274576852
vn -0.32557592104705685 0.1008002129993924 -0.9401274576852
vn -0.32557592104705685 0.1008002129993924 -0.9401274576852
vn -0.32557592104705685 0.1008002129993924 -0.9401274576852
vn -0.32557592104705685 0.1008002129993924 -0.9401274576852
vn -0.8639148946526455 0.2660389403957962 -0.4276380911359401
vn -0.8639148946526455 0.2660389403957962 -0.4276380911359401
vn -0.8639148946526455 0.2660389403957962 -0.4276380911359401
vn -0.8639148946526455 0.2660389403957962 -0.4276380911359401
vn -0.8639148946526455 0.2660389403957962 -0.4276380911359401
vn -0.8639148946526455 0.2660389403957962 -0.4276380911359401
vn 0.32789250591337527 0.10079750571717298 -0.9393222915522891
vn 0.32789250591337527 0.10079750571717298 -0.9393222915522891
vn 0.32789250591337527 0.10079750571717298 -0.9393222915522891
vn 0.32789250591337527 0.10079750571717298 -0.9393222915522891
vn 0.32789250591337527 0.10079750571717298 -0.9393222915522891
vn 0.32789250591337527 0.10079750571717298 -0.9393222915522891
vn 0.8649672773066382 0.26603810721957444 -0.42550597492369874
vn 0.8649672773066382 0.26603810721957444 -0.42550597492369874
vn 0.8649672773066382 0.26603810721957444 -0.42550597492369874
vn 0.8649672773066382 0.26603810721957444 -0.42550597492369874
vn 0.8649672773066382 0.26603810721957444 -0.42550597492369874
vn 0.8649672773066382 0.26603810721957444 -0.42550597492369874
vn -0.3154125234150176 0.15486378716538304 -0.9362329557849189
vn -0.3154125234150176 0.15486378716538304 -0.9362329557849189
vn -0.3154125234150176 0.15486378716538304 -0.9362329557849189
vn -0.3154125234150176 0.15486378716538304 -0.9362329557849189
vn -0.3154125234150176 0.15486378716538304 -0.9362329557849189
vn -0.3154125234150176 0.15486378716538304 -0.9362329557849189
vn -0.817211353347993 0.3991152975172694 -0.4157794887279115
vn -0.817211353347993 0.3991152975172694 -0.4157794887279115
vn -0.817211353347993 0.3991152975172694 -0.4157794887279115
vn -0.817211353347993 0.3991152975172694 -0.4157794887279115
vn -0.817211353347993 0.3991152975172694 -0.4157794887279115
vn -0.817211353347993 0.3991152975172694 -0.4157794887279115
vn 0.317715613292246 0.15485758655222662 -0.9354549251340504
vn 0.317715613292246 0.15485758655222662 -0.9354549251340504
vn 0.317715613292246 0.15485758655222662 -0.9354549251340504
vn 0.317715613292246 0.15485758655222662 -0.9354549251340504
vn 0.317715613292246 0.15485758655222662 -0.9354549251340504
vn 0.317715613292246 0.15485758655222662 -0.9354549251340504
vn 0.8182363369858556 0.3991141172799414 -0.4137598557422199
vn 0.8182363369858556 0.3991141172799414 -0.4137598557422199
vn 0.8182363369858556 0.3991141172799414 -0.4137598557422199
vn 0.8182363369858556 0.3991141172799414 -0.4137598557422199
vn 0.8182363369858556 0.3991141172799414 -0.4137598557422199
vn 0.8182363369858556 0.3991141172799414 -0.4137598557422199
vn -0.29686120945789635 0.2626900737489662 -0.9180780726457624
vn -0.29686120945789635 0.2626900737489662 -0.9180780726457624
vn -0.29686120945789635 0.2626900737489662 -0.9180780726457624
vn -0.29686120945789635 0.2626900737489662 -0.9180780726457624
vn -0.29686120945789635 0.2626900737489662 -0.9180780726457624
vn -0.29686120945789635 0.2626900737489662 -0.9180780726457624
vn -0.6974032505715386 0.6140145043593054 -0.3696145215337843
vn -0.6974032505715386 0.6140145043593054 -0.3696145215337843
vn -0.6974032505715386 0.6140145043593054 -0.3696145215337843
vn -0.6974032505715386 0.6140145043593054 -0.3696145215337843
vn -0.6974032505715386 0.6140145043593054 -0.3696145215337843
vn -0.6974032505715386 0.6140145043593054 -0.3696145215337843
vn 0.2991283202966811 0.262686487499318 -0.9173429333034384
vn 0.2991283202966811 0.262686487499318 -0.9173429333034384
vn 0.2991283202966811 0.262686487499318 -0.9173429333034384
vn 0.2991283202966811 0.262686487499318 -0.9173429333034384
vn 0.2991283202966811 0.262686487499318 -0.9173429333034384
vn 0.2991283202966811 0.262686487499318 -0.9173429333034384
vn 0.69831637605093 0.6140160984240491 -0.3678837721552891
vn 0.69831637605093 0.6140160984240491 -0.3678837721552891
vn 0.69831637605093 0.6140160984240491 -0.3678837721552891
vn 0.69831637605093 0.6140160984240491 -0.3678837721552891
vn 0.69831637605093 0.6140160984240491 -0.3678837721552891
vn 0.69831637605093 0.6140160984240491 -0.3678837721552891
vn -0.26273264797956963 0.4286540419018623 -0.8644230839391321
vn -0.26273264797956963 0.4286540419018623 -0.8644230839391321
vn -0.26273264797956963 0.4286540419018623 -0.8644230839391321
vn -0.26273264797956963 0.4286540419018623 -0.8644230839391321
vn -0.26273264797956963 0.4286540419018623 -0.8644230839391321
vn -0.26273264797956963 0.4286540419018623 -0.8644230839391321
vn -0.5034066609043236 0.8161331229109745 -0.28374012660309356
vn -0.5034066609043236 0.8161331229109745 -0.28374012660309356
vn -0.5034066609043236 0.8161331229109745 -0.28374012660309356
vn -0.5034066609043236 0.8161331229109745 -0.28374012660309356
vn -0.5034066609043236 0.8161331229109745 -0.28374012660309356
vn -0.5034066609043236 0.8161331229109745 -0.28374012660309356
vn 0.2648713623492935 0.42865572771071847 -0.8637693144051969
vn 0.2648713623492935 0.42865572771071847 -0.8637693144051969
vn 0.2648713623492935 0.42865572771071847 -0.8637693144051969
vn 0.2648713623492935 0.42865572771071847 -0.8637693144051969
vn 0.2648713623492935 0.42865572771071847 -0.8637693144051969
vn 0.2648713623492935 0.42865572771071847 -0.8637693144051969
vn 0.5041078926004118 0.8161343473329837 -0.28248886654403993
vn 0.5041078926004118 0.8161343473329837 -0.28248886654403993
vn 0.5041078926004118 0.8161343473329837 -0.28248886654403993
vn 0.5041078926004118 0.8161343473329837 -0.28248886654403993
vn 0.5041078926004118 0.8161343473329837 -0.28248886654403993
vn 0.5041078926004118 0.8161343473329837 -0.28248886654403993
vn -0.18891799465178627 0.693297213821757 -0.6954487505228091
vn -0.18891799465178627 0.693297213821757 -0.6954487505228091
vn -0.18891799465178627 0.693297213821757 -0.6954487505228091
vn -0.18891799465178627 0.693297213821757 -0.6954487505228091
vn -0.18891799465178627 0.693297213821757 -0.6954487505228091
vn -0.18891799465178627 0.693297213821757 -0.6954487505228091
vn -0.2616281787645768 0.9509797947822447 -0.16488822272148554
vn -0.2616281787645768 0.9509797947822447 -0.16488822272148554
vn -0.2616281787645768 0.9509797947822447 -0.16488822272148554
vn -0.2616281787645768 0.9509797947822447 -0.16488822272148554
vn -0.2616281787645768 0.9509797947822447 -0.16488822272148554
vn -0.2616281787645768 0.9509797947822447 -0.16488822272148554
vn 0.1906391202751675 0.6932986923794456 -0.6949774449330433
vn 0.1906391202751675 0.6932986923794456 -0.6949774449330433
vn 0.1906391202751675 0.6932986923794456 -0.6949774449330433
vn 0.1906391202751675 0.6932986923794456 -0.6949774449330433
vn 0.1906391202751675 0.6932986923794456 -0.6949774449330433
vn 0.1906391202751675 0.6932986923794456 -0.6949774449330433
vn 0.26203536786417453 0.9509796755763865 -0.1642410503769308
vn 0.26203536786417453 0.9509796755763865 -0.1642410503769308
vn 0.26203536786417453 0.9509796755763865 -0.1642410503769308
vn 0.26203536786417453 0.9509796755763865 -0.1642410503769308
vn 0.26203536786417453 0.9509796755763865 -0.1642410503769308
vn 0.26203536786417453 0.9509796755763865 -0.1642410503769308
vn -0.13603274200187798 0.8087813921494356 -0.5721606005452239
vn -0.13603274200187798 0.8087813921494356 -0.5721606005452239
vn -0.13603274200187798 0.8087813921494356 -0.5721606005452239
vn -0.13603274200187798 0.8087813921494356 -0.5721606005452239
vn -0.13603274200187798 0.8087813921494356 -0.5721606005452239
vn -0.13603274200187798 0.8087813921494356 -0.5721606005452239
vn -0.16635013824400463 0.9789212577025168 -0.11849389319422042
vn -0.16635013824400463 0.9789212577025168 -0.11849389319422042
vn -0.16635013824400463 0.9789212577025168 -0.11849389319422042
vn -0.16635013824400463 0.9789212577025168 -0.11849389319422042
vn -0.16635013824400463 0.9789212577025168 -0.11849389319422042
vn -0.16635013824400463 0.9789212577025168 -0.11849389319422042
vn -0.8182116993311395 -0.39502832638253793 0.4177107090236737
vn -0.8182116993311395 -0.39502832638253793 0.4177107090236737
vn -0.8182116993311395 -0.39502832638253793 0.4177107090236737
vn -0.8182116993311395 -0.39502832638253793 0.4177107090236737
vn -0.8182116993311395 -0.39502832638253793 0.4177107090236737
vn -0.8182116993311395 -0.39502832638253793 0.4177107090236737
vn -0.3152010459104345 -0.15131045603043541 0.9368849697550012
vn -0.3152010459104345 -0.15131045603043541 0.9368849697550012
vn -0.3152010459104345 -0.15131045603043541 0.9368849697550012
vn -0.3152010459104345 -0.15131045603043541 0.9368849697550012
vn -0.3152010459104345 -0.15131045603043541 0.9368849697550012
vn -0.3152010459104345 -0.15131045603043541 0.9368849697550012
vn 0.8181906738285796 -0.3957250533958581 0.4170919603334261
vn 0.8181906738285796 -0.3957250533958581 0.4170919603334261
vn 0.8181906738285796 -0.3957250533958581 0.4170919603334261
vn 0.8181906738285796 -0.3957250533958581 0.4170919603334261
vn 0.8181906738285796 -0.3957250533958581 0.4170919603334261
vn 0.8181906738285796 -0.3957250533958581 0.4170919603334261
vn 0.3149515339340909 -0.15266145157880875 0.9367497064181094
vn 0.3149515339340909 -0.15266145157880875 0.9367497064181094
vn 0.3149515339340909 -0.15266145157880875 0.9367497064181094
vn 0.3149515339340909 -0.15266145157880875 0.9367497064181094
vn 0.3149515339340909 -0.15266145157880875 0.9367497064181094
vn 0.3149515339340909 -0.15266145157880875 0.9367497064181094
vn -0.3128826373386429 -0.15131165719858816 -0.9376615794879475
vn -0.3128826373386429 -0.15131165719858816 -0.9376615794879475
vn -0.3128826373386429 -0.15131165719858816 -0.9376615794879475
vn -0.3128826373386429 -0.15131165719858816 -0.9376615794879475
vn -0.3128826373386429 -0.15131165719858816 -0.9376615794879475
vn -0.3128826373386429 -0.15131165719858816 -0.9376615794879475
vn -0.8171784205319038 -0.39502978833270685 -0.4197271677492413
vn -0.8171784205319038 -0.39502978833270685 -0.4197271677492413
vn -0.8171784205319038 -0.39502978833270685 -0.4197271677492413
vn -0.8171784205319038 -0.39502978833270685 -0.4197271677492413
vn -0.8171784205319038 -0.39502978833270685 -0.4197271677492413
vn -0.8171784205319038 -0.39502978833270685 -0.4197271677492413
vn 0.3172722533853176 -0.15266283565070854 -0.9359660121195039
vn 0.3172722533853176 -0.15266283565070854 -0.9359660121195039
vn 0.3172722533853176 -0.15266283565070854 -0.9359660121195039
vn 0.3172722533853176 -0.15266283565070854 -0.9359660121195039
vn 0.3172722533853176 -0.15266283565070854 -0.9359660121195039
vn 0.3172722533853176 -0.15266283565070854 -0.9359660121195039
vn 0.8192185295958038 -0.39572448980111075 -0.41507002895721057
vn 0.8192185295958038 -0.39572448980111075 -0.41507002895721057
vn 0.8192185295958038 -0.39572448980111075 -0.41507002895721057
vn 0.8192185295958038 -0.39572448980111075 -0.41507002895721057
vn 0.8192185295958038 -0.39572448980111075 -0.41507002895721057
vn 0.8192185295958038 -0.39572448980111075 -0.41507002895721057
vn 0.16790017797228105 0.9858039800834227 0.00020757783753260996
vn 0.16790017797228105 0.9858039800834227 0.00020757783753260996
vn 0.16790017797228105 0.9858039800834227 0.00020757783753260996
vn 0.16790017797228105 0.9858039800834227 0.00020757783753260996
vn 0.16790017797228105 0.9858039800834227 0.00020757783753260996
vn 0.16790017797228105 0.9858039800834227 0.00020757783753260996
vn 3.591624704313058e-7 0.9999999999999223 -1.6292067961386548e-7
vn 3.591624704313058e-7 0.9999999999999223 -1.6292067961386548e-7
vn 3.591624704313058e-7 0.9999999999999223 -1.6292067961386548e-7
vn 3.591624704313058e-7 0.9999999999999223 -1.6292067961386548e-7
vn 3.591624704313058e-7 0.9999999999999223 -1.6292067961386548e-7
vn 3.591624704313058e-7 0.9999999999999223 -1.6292067961386548e-7
vn -0.16790052090486338 0.985803921619824 -0.00020784333420209084
vn -0.16790052090486338 0.985803921619824 -0.00020784333420209084
vn -0.16790052090486338 0.985803921619824 -0.00020784333420209084
vn -0.16790052090486338 0.985803921619824 -0.00020784333420209084
vn -0.16790052090486338 0.985803921619824 -0.00020784333420209084
vn -0.16790052090486338 0.985803921619824 -0.00020784333420209084
vn 0.9970402609957706 -0.07687129722272627 0.001233538317645778
vn 0.9970402609957706 -0.07687129722272627 0.001233538317645778
vn 0.9970402609957706 -0.07687129722272627 0.001233538317645778
vn 0.9970402609957706 -0.07687129722272627 0.001233538317645778
vn 0.9970402609957706 -0.07687129722272627 0.001233538317645778
vn 0.9970402609957706 -0.07687129722272627 0.001233538317645778
vn 0.9970402609957706 -0.07687129722272627 0.001233538317645778
vn 0.9970402609957706 -0.07687129722272627 0.001233538317645778
vn 0.9970402609957706 -0.07687129722272627 0.001233538317645778
vn 0.9970402609957706 -0.07687129722272627 0.001233538317645778
vn 0.9970402609957706 -0.07687129722272627 0.001233538317645778
vn 0.9970402609957706 -0.07687129722272627 0.001233538317645778
vn -0.0012406257512409093 4.210400689167269e-7 0.9999992304234878
vn -0.0012406257512409093 4.210400689167269e-7 0.9999992304234878
vn -0.0012406257512409093 4.210400689167269e-7 0.9999992304234878
vn -0.0012406257512409093 4.210400689167269e-7 0.9999992304234878
vn -0.0012406257512409093 4.210400689167269e-7 0.9999992304234878
vn -0.0012406257512409093 4.210400689167269e-7 0.9999992304234878
vn 0.9002978623483419 -0.4352729232534259 0.0011141514365333883
vn 0.9002978623483419 -0.4352729232534259 0.0011141514365333883
vn 0.9002978623483419 -0.4352729232534259 0.0011141514365333883
vn 0.9002978623483419 -0.4352729232534259 0.0011141514365333883
vn 0.9002978623483419 -0.4352729232534259 0.0011141514365333883
vn 0.9002978623483419 -0.4352729232534259 0.0011141514365333883
vn -0.001239641926863442 2.778790086036701e-7 0.9999992316436129
vn -0.001239641926863442 2.778790086036701e-7 0.9999992316436129
vn -0.001239641926863442 2.778790086036701e-7 0.9999992316436129
vn -0.001239641926863442 2.778790086036701e-7 0.9999992316436129
vn -0.001239641926863442 2.778790086036701e-7 0.9999992316436129
vn -0.001239641926863442 2.778790086036701e-7 0.9999992316436129
vn -0.9002975146424956 -0.43527364366917864 -0.0011136675905606232
vn -0.9002975146424956 -0.43527364366917864 -0.0011136675905606232
vn -0.9002975146424956 -0.43527364366917864 -0.0011136675905606232
vn -0.9002975146424956 -0.43527364366917864 -0.0011136675905606232
vn -0.9002975146424956 -0.43527364366917864 -0.0011136675905606232
vn -0.9002975146424956 -0.43527364366917864 -0.0011136675905606232
vn -0.0012363153641117332 8.531447318103493e-7 0.9999992357615043
vn -0.0012363153641117332 8.531447318103493e-7 0.9999992357615043
vn -0.0012363153641117332 8.531447318103493e-7 0.9999992357615043
vn -0.0012363153641117332 8.531447318103493e-7 0.9999992357615043
vn -0.0012363153641117332 8.531447318103493e-7 0.9999992357615043
vn -0.0012363153641117332 8.531447318103493e-7 0.9999992357615043
vn -0.0012369848676107892 -3.458102472448336e-8 0.9999992349339254
vn -0.0012369848676107892 -3.458102472448336e-8 0.9999992349339254
vn -0.0012369848676107892 -3.458102472448336e-8 0.9999992349339254
vn -0.0012369848676107892 -3.458102472448336e-8 0.9999992349339254
vn -0.0012369848676107892 -3.458102472448336e-8 0.9999992349339254
vn -0.0012369848676107892 -3.458102472448336e-8 0.9999992349339254
vn -0.9970402494878932 -0.07687144574902864 -0.0012335840360502943
vn -0.9970402494878932 -0.07687144574902864 -0.0012335840360502943
vn -0.9970402494878932 -0.07687144574902864 -0.0012335840360502943
vn -0.9970402494878932 -0.07687144574902864 -0.0012335840360502943
vn -0.9970402494878932 -0.07687144574902864 -0.0012335840360502943
vn -0.9970402494878932 -0.07687144574902864 -0.0012335840360502943
vn -0.9970402494878932 -0.07687144574902864 -0.0012335840360502943
vn -0.9970402494878932 -0.07687144574902864 -0.0012335840360502943
vn -0.9970402494878932 -0.07687144574902864 -0.0012335840360502943
vn -0.9970402494878932 -0.07687144574902864 -0.0012335840360502943
vn -0.9970402494878932 -0.07687144574902864 -0.0012335840360502943
vn -0.9970402494878932 -0.07687144574902864 -0.0012335840360502943
vn 0.9002977820539508 -0.43527309107959594 0.0011134678939304934
vn 0.9002977820539508 -0.43527309107959594 0.0011134678939304934
vn 0.9002977820539508 -0.43527309107959594 0.0011134678939304934
vn 0.9002977820539508 -0.43527309107959594 0.0011134678939304934
vn 0.9002977820539508 -0.43527309107959594 0.0011134678939304934
vn 0.9002977820539508 -0.43527309107959594 0.0011134678939304934
vn -0.0012375775371123072 7.53947222482211e-7 0.9999992342003422
vn -0.0012375775371123072 7.53947222482211e-7 0.9999992342003422
vn -0.0012375775371123072 7.53947222482211e-7 0.9999992342003422
vn -0.0012375775371123072 7.53947222482211e-7 0.9999992342003422
vn -0.0012375775371123072 7.53947222482211e-7 0.9999992342003422
vn -0.0012375775371123072 7.53947222482211e-7 0.9999992342003422
vn -0.0012385512333798424 7.173135705060236e-7 0.9999992329948698
vn -0.0012385512333798424 7.173135705060236e-7 0.9999992329948698
vn -0.0012385512333798424 7.173135705060236e-7 0.9999992329948698
vn -0.0012385512333798424 7.173135705060236e-7 0.9999992329948698
vn -0.0012385512333798424 7.173135705060236e-7 0.9999992329948698
vn -0.0012385512333798424 7.173135705060236e-7 0.9999992329948698
vn 0.7686269297628661 -0.6396965990910461 0.0009507653020012963
vn 0.7686269297628661 -0.6396965990910461 0.0009507653020012963
vn 0.7686269297628661 -0.6396965990910461 0.0009507653020012963
vn 0.7686269297628661 -0.6396965990910461 0.0009507653020012963
vn 0.7686269297628661 -0.6396965990910461 0.0009507653020012963
vn 0.7686269297628661 -0.6396965990910461 0.0009507653020012963
vn -0.768627441877495 -0.6396959831079925 -0.0009512036359125502
vn -0.768627441877495 -0.6396959831079925 -0.0009512036359125502
vn -0.768627441877495 -0.6396959831079925 -0.0009512036359125502
vn -0.768627441877495 -0.6396959831079925 -0.0009512036359125502
vn -0.768627441877495 -0.6396959831079925 -0.0009512036359125502
vn -0.768627441877495 -0.6396959831079925 -0.0009512036359125502
vn -0.0012366009304628513 -1.0011323548148063e-8 0.9999992354087771
vn -0.0012366009304628513 -1.0011323548148063e-8 0.9999992354087771
vn -0.0012366009304628513 -1.0011323548148063e-8 0.9999992354087771
vn -0.0012366009304628513 -1.0011323548148063e-8 0.9999992354087771
vn -0.0012366009304628513 -1.0011323548148063e-8 0.9999992354087771
vn -0.0012366009304628513 -1.0011323548148063e-8 0.9999992354087771
vn -0.9002975022766416 -0.43527366749299906 -0.0011143525629974211
vn -0.9002975022766416 -0.43527366749299906 -0.0011143525629974211
vn -0.9002975022766416 -0.43527366749299906 -0.0011143525629974211
vn -0.9002975022766416 -0.43527366749299906 -0.0011143525629974211
vn -0.9002975022766416 -0.43527366749299906 -0.0011143525629974211
vn -0.9002975022766416 -0.43527366749299906 -0.0011143525629974211
vn -0.0012369103619180653 -9.860774706291372e-8 0.9999992350260808
vn -0.0012369103619180653 -9.860774706291372e-8 0.9999992350260808
vn -0.0012369103619180653 -9.860774706291372e-8 0.9999992350260808
vn -0.0012369103619180653 -9.860774706291372e-8 0.9999992350260808
vn -0.0012369103619180653 -9.860774706291372e-8 0.9999992350260808
vn -0.0012369103619180653 -9.860774706291372e-8 0.9999992350260808
vn -0.0012373549513559905 8.668022102459863e-8 0.9999992344760655
vn -0.0012373549513559905 8.668022102459863e-8 0.9999992344760655
vn -0.0012373549513559905 8.668022102459863e-8 0.9999992344760655
vn -0.0012373549513559905 8.668022102459863e-8 0.9999992344760655
vn -0.0012373549513559905 8.668022102459863e-8 0.9999992344760655
vn -0.0012373549513559905 8.668022102459863e-8 0.9999992344760655
vn 0.6779476247865184 -0.7351097293689111 0.0008389478437291127
vn 0.6779476247865184 -0.7351097293689111 0.0008389478437291127
vn 0.6779476247865184 -0.7351097293689111 0.0008389478437291127
vn 0.6779476247865184 -0.7351097293689111 0.0008389478437291127
vn 0.6779476247865184 -0.7351097293689111 0.0008389478437291127
vn 0.6779476247865184 -0.7351097293689111 0.0008389478437291127
vn -0.6779470032727486 -0.7351103030996928 -0.000838468948604676
vn -0.6779470032727486 -0.7351103030996928 -0.000838468948604676
vn -0.6779470032727486 -0.7351103030996928 -0.000838468948604676
vn -0.6779470032727486 -0.7351103030996928 -0.000838468948604676
vn -0.6779470032727486 -0.7351103030996928 -0.000838468948604676
vn -0.6779470032727486 -0.7351103030996928 -0.000838468948604676
vn -0.001236748428451418 6.191091185460913e-7 0.9999992352261782
vn -0.001236748428451418 6.191091185460913e-7 0.9999992352261782
vn -0.001236748428451418 6.191091185460913e-7 0.9999992352261782
vn -0.001236748428451418 6.191091185460913e-7 0.9999992352261782
vn -0.001236748428451418 6.191091185460913e-7 0.9999992352261782
vn -0.001236748428451418 6.191091185460913e-7 0.9999992352261782
vn -0.0012370810265202627 -3.586356669782147e-7 0.9999992348149097
vn -0.0012370810265202627 -3.586356669782147e-7 0.9999992348149097
vn -0.0012370810265202627 -3.586356669782147e-7 0.9999992348149097
vn -0.0012370810265202627 -3.586356669782147e-7 0.9999992348149097
vn -0.0012370810265202627 -3.586356669782147e-7 0.9999992348149097
vn -0.0012370810265202627 -3.586356669782147e-7 0.9999992348149097
vn 0.4414367906260413 -0.8972921829322354 0.000546196378870334
vn 0.4414367906260413 -0.8972921829322354 0.000546196378870334
vn 0.4414367906260413 -0.8972921829322354 0.000546196378870334
vn 0.4414367906260413 -0.8972921829322354 0.000546196378870334
vn 0.4414367906260413 -0.8972921829322354 0.000546196378870334
vn 0.4414367906260413 -0.8972921829322354 0.000546196378870334
vn -0.44143647946403936 -0.8972923361908366 -0.000545904373799372
vn -0.44143647946403936 -0.8972923361908366 -0.000545904373799372
vn -0.44143647946403936 -0.8972923361908366 -0.000545904373799372
vn -0.44143647946403936 -0.8972923361908366 -0.000545904373799372
vn -0.44143647946403936 -0.8972923361908366 -0.000545904373799372
vn -0.44143647946403936 -0.8972923361908366 -0.000545904373799372
vn -0.001236942958158661 2.7744775272008604e-7 0.9999992349857281
vn -0.001236942958158661 2.7744775272008604e-7 0.9999992349857281
vn -0.001236942958158661 2.7744775272008604e-7 0.9999992349857281
vn -0.001236942958158661 2.7744775272008604e-7 0.9999992349857281
vn -0.001236942958158661 2.7744775272008604e-7 0.9999992349857281
vn -0.001236942958158661 2.7744775272008604e-7 0.9999992349857281
vn 0.5871787063529463 -0.8094570028907019 0.0007261383357779252
vn 0.5871787063529463 -0.8094570028907019 0.0007261383357779252
vn 0.5871787063529463 -0.8094570028907019 0.0007261383357779252
vn 0.5871787063529463 -0.8094570028907019 0.0007261383357779252
vn 0.5871787063529463 -0.8094570028907019 0.0007261383357779252
vn 0.5871787063529463 -0.8094570028907019 0.0007261383357779252
vn -0.5871786389688761 -0.8094570520075568 -0.0007258745715811341
vn -0.5871786389688761 -0.8094570520075568 -0.0007258745715811341
vn -0.5871786389688761 -0.8094570520075568 -0.0007258745715811341
vn -0.5871786389688761 -0.8094570520075568 -0.0007258745715811341
vn -0.5871786389688761 -0.8094570520075568 -0.0007258745715811341
vn -0.5871786389688761 -0.8094570520075568 -0.0007258745715811341
vn 0.794063984224426 -0.6078333844475635 0.0009827047630094148
vn 0.794063984224426 -0.6078333844475635 0.0009827047630094148
vn 0.794063984224426 -0.6078333844475635 0.0009827047630094148
vn 0.794063984224426 -0.6078333844475635 0.0009827047630094148
vn 0.794063984224426 -0.6078333844475635 0.0009827047630094148
vn 0.794063984224426 -0.6078333844475635 0.0009827047630094148
vn -0.7940637522931978 -0.607833687756847 -0.000982507994300079
vn -0.7940637522931978 -0.607833687756847 -0.000982507994300079
vn -0.7940637522931978 -0.607833687756847 -0.000982507994300079
vn -0.7940637522931978 -0.607833687756847 -0.000982507994300079
vn -0.7940637522931978 -0.607833687756847 -0.000982507994300079
vn -0.7940637522931978 -0.607833687756847 -0.000982507994300079
vn 0.8908652104246652 -0.4542664008554914 0.0011017753015268332
vn 0.8908652104246652 -0.4542664008554914 0.0011017753015268332
vn 0.8908652104246652 -0.4542664008554914 0.0011017753015268332
vn 0.8908652104246652 -0.4542664008554914 0.0011017753015268332
vn 0.8908652104246652 -0.4542664008554914 0.0011017753015268332
vn 0.8908652104246652 -0.4542664008554914 0.0011017753015268332
vn -0.890865451638019 -0.4542659258025678 -0.0011026026138523024
vn -0.890865451638019 -0.4542659258025678 -0.0011026026138523024
vn -0.890865451638019 -0.4542659258025678 -0.0011026026138523024
vn -0.890865451638019 -0.4542659258025678 -0.0011026026138523024
vn -0.890865451638019 -0.4542659258025678 -0.0011026026138523024
vn -0.890865451638019 -0.4542659258025678 -0.0011026026138523024
vn 0.9844229590796155 -0.17581225507082682 0.0012200835398569645
vn 0.9844229590796155 -0.17581225507082682 0.0012200835398569645
vn 0.9844229590796155 -0.17581225507082682 0.0012200835398569645
vn 0.9844229590796155 -0.17581225507082682 0.0012200835398569645
vn 0.9844229590796155 -0.17581225507082682 0.0012200835398569645
vn 0.9844229590796155 -0.17581225507082682 0.0012200835398569645
vn -0.9844229626295453 -0.175812256101886 -0.0012170669799288823
vn -0.9844229626295453 -0.175812256101886 -0.0012170669799288823
vn -0.9844229626295453 -0.175812256101886 -0.0012170669799288823
vn -0.9844229626295453 -0.175812256101886 -0.0012170669799288823
vn -0.9844229626295453 -0.175812256101886 -0.0012170669799288823
vn -0.9844229626295453 -0.175812256101886 -0.0012170669799288823
vn 0.9998031421538416 -0.01980267104701651 0.0012373999793366705
vn 0.9998031421538416 -0.01980267104701651 0.0012373999793366705
vn 0.9998031421538416 -0.01980267104701651 0.0012373999793366705
vn 0.9998031421538416 -0.01980267104701651 0.0012373999793366705
vn 0.9998031421538416 -0.01980267104701651 0.0012373999793366705
vn 0.9998031421538416 -0.01980267104701651 0.0012373999793366705
vn -0.9998031546920475 -0.01980203839918143 -0.001237393658843607
vn -0.9998031546920475 -0.01980203839918143 -0.001237393658843607
vn -0.9998031546920475 -0.01980203839918143 -0.001237393658843607
vn -0.9998031546920475 -0.01980203839918143 -0.001237393658843607
vn -0.9998031546920475 -0.01980203839918143 -0.001237393658843607
vn -0.9998031546920475 -0.01980203839918143 -0.001237393658843607
vn 0.9879381014987507 0.15484446235618374 0.0012247794365986989
vn 0.9879381014987507 0.15484446235618374 0.0012247794365986989
vn 0.9879381014987507 0.15484446235618374 0.0012247794365986989
vn 0.9879381014987507 0.15484446235618374 0.0012247794365986989
vn 0.9879381014987507 0.15484446235618374 0.0012247794365986989
vn 0.9879381014987507 0.15484446235618374 0.0012247794365986989
vn -0.9879382092153787 0.15484377470238614 -0.0012248298769686264
vn -0.9879382092153787 0.15484377470238614 -0.0012248298769686264
vn -0.9879382092153787 0.15484377470238614 -0.0012248298769686264
vn -0.9879382092153787 0.15484377470238614 -0.0012248298769686264
vn -0.9879382092153787 0.15484377470238614 -0.0012248298769686264
vn -0.9879382092153787 0.15484377470238614 -0.0012248298769686264
vn 0.9558194517796731 0.29395199573628505 0.0011831323935020672
vn 0.9558194517796731 0.29395199573628505 0.0011831323935020672
vn 0.9558194517796731 0.29395199573628505 0.0011831323935020672
vn 0.9558194517796731 0.29395199573628505 0.0011831323935020672
vn 0.9558194517796731 0.29395199573628505 0.0011831323935020672
vn 0.9558194517796731 0.29395199573628505 0.0011831323935020672
vn -0.9558194350324551 0.29395204980497436 -0.001183228503743803
vn -0.9558194350324551 0.29395204980497436 -0.001183228503743803
vn -0.9558194350324551 0.29395204980497436 -0.001183228503743803
vn -0.9558194350324551 0.29395204980497436 -0.001183228503743803
vn -0.9558194350324551 0.29395204980497436 -0.001183228503743803
vn -0.9558194350324551 0.29395204980497436 -0.001183228503743803
vn 0.8987857669620375 0.43838670722719747 0.0011135676707800727
vn 0.8987857669620375 0.43838670722719747 0.0011135676707800727
vn 0.8987857669620375 0.43838670722719747 0.0011135676707800727
vn 0.8987857669620375 0.43838670722719747 0.0011135676707800727
vn 0.8987857669620375 0.43838670722719747 0.0011135676707800727
vn 0.8987857669620375 0.43838670722719747 0.0011135676707800727
vn -0.8987858396002335 0.43838656421028843 -0.0011112398490237467
vn -0.8987858396002335 0.43838656421028843 -0.0011112398490237467
vn -0.8987858396002335 0.43838656421028843 -0.0011112398490237467
vn -0.8987858396002335 0.43838656421028843 -0.0011112398490237467
vn -0.8987858396002335 0.43838656421028843 -0.0011112398490237467
vn -0.8987858396002335 0.43838656421028843 -0.0011112398490237467
vn 0.750948698269088 0.6603598938424401 0.0009290706988082264
vn 0.750948698269088 0.6603598938424401 0.0009290706988082264
vn 0.750948698269088 0.6603598938424401 0.0009290706988082264
vn 0.750948698269088 0.6603598938424401 0.0009290706988082264
vn 0.750948698269088 0.6603598938424401 0.0009290706988082264
vn 0.750948698269088 0.6603598938424401 0.0009290706988082264
vn -0.7509487838450661 0.6603597971688427 -0.0009286144199195021
vn -0.7509487838450661 0.6603597971688427 -0.0009286144199195021
vn -0.7509487838450661 0.6603597971688427 -0.0009286144199195021
vn -0.7509487838450661 0.6603597971688427 -0.0009286144199195021
vn -0.7509487838450661 0.6603597971688427 -0.0009286144199195021
vn -0.7509487838450661 0.6603597971688427 -0.0009286144199195021
vn 0.5255786628674081 0.8507447600489998 0.0006499135918380251
vn 0.5255786628674081 0.8507447600489998 0.0006499135918380251
vn 0.5255786628674081 0.8507447600489998 0.0006499135918380251
vn 0.5255786628674081 0.8507447600489998 0.0006499135918380251
vn 0.5255786628674081 0.8507447600489998 0.0006499135918380251
vn 0.5255786628674081 0.8507447600489998 0.0006499135918380251
vn -0.5255788024498018 0.8507446736054717 -0.0006501902427743901
vn -0.5255788024498018 0.8507446736054717 -0.0006501902427743901
vn -0.5255788024498018 0.8507446736054717 -0.0006501902427743901
vn -0.5255788024498018 0.8507446736054717 -0.0006501902427743901
vn -0.5255788024498018 0.8507446736054717 -0.0006501902427743901
vn -0.5255788024498018 0.8507446736054717 -0.0006501902427743901
vn 0.26587274287944856 0.9640080790593896 0.0003287886620093734
vn 0.26587274287944856 0.9640080790593896 0.0003287886620093734
vn 0.26587274287944856 0.9640080790593896 0.0003287886620093734
vn 0.26587274287944856 0.9640080790593896 0.0003287886620093734
vn 0.26587274287944856 0.9640080790593896 0.0003287886620093734
vn 0.26587274287944856 0.9640080790593896 0.0003287886620093734
vn -0.26587321655423757 0.9640079482767494 -0.00032920868061453917
vn -0.26587321655423757 0.9640079482767494 -0.00032920868061453917
vn -0.26587321655423757 0.9640079482767494 -0.00032920868061453917
vn -0.26587321655423757 0.9640079482767494 -0.00032920868061453917
vn -0.26587321655423757 0.9640079482767494 -0.00032920868061453917
vn -0.26587321655423757 0.9640079482767494 -0.00032920868061453917
vn 0.0012364038396222865 -3.522083744961443e-7 -0.9999992356524185
vn 0.0012364038396222865 -3.522083744961443e-7 -0.9999992356524185
vn 0.0012364038396222865 -3.522083744961443e-7 -0.9999992356524185
vn 0.0012364038396222865 -3.522083744961443e-7 -0.9999992356524185
vn 0.0012364038396222865 -3.522083744961443e-7 -0.9999992356524185
vn 0.0012364038396222865 -3.522083744961443e-7 -0.9999992356524185
vn 0.0012356866059121268 5.843093863277271e-7 -0.9999992365388439
vn 0.0012356866059121268 5.843093863277271e-7 -0.9999992365388439
vn 0.0012356866059121268 5.843093863277271e-7 -0.9999992365388439
vn 0.0012356866059121268 5.843093863277271e-7 -0.9999992365388439
vn 0.0012356866059121268 5.843093863277271e-7 -0.9999992365388439
vn 0.0012356866059121268 5.843093863277271e-7 -0.9999992365388439
vn 0.0012377092026407566 4.788269842238848e-7 -0.9999992340375569
vn 0.0012377092026407566 4.788269842238848e-7 -0.9999992340375569
vn 0.0012377092026407566 4.788269842238848e-7 -0.9999992340375569
vn 0.0012377092026407566 4.788269842238848e-7 -0.9999992340375569
vn 0.0012377092026407566 4.788269842238848e-7 -0.9999992340375569
vn 0.0012377092026407566 4.788269842238848e-7 -0.9999992340375569
vn 0.001237810600231764 -5.813658262422324e-7 -0.9999992339119965
vn 0.001237810600231764 -5.813658262422324e-7 -0.9999992339119965
vn 0.001237810600231764 -5.813658262422324e-7 -0.9999992339119965
vn 0.001237810600231764 -5.813658262422324e-7 -0.9999992339119965
vn 0.001237810600231764 -5.813658262422324e-7 -0.9999992339119965
vn 0.001237810600231764 -5.813658262422324e-7 -0.9999992339119965
vn 0.0012380735820428904 4.5061201385357885e-7 -0.9999992335865076
vn 0.0012380735820428904 4.5061201385357885e-7 -0.9999992335865076
vn 0.0012380735820428904 4.5061201385357885e-7 -0.9999992335865076
vn 0.0012380735820428904 4.5061201385357885e-7 -0.9999992335865076
vn 0.0012380735820428904 4.5061201385357885e-7 -0.9999992335865076
vn 0.0012380735820428904 4.5061201385357885e-7 -0.9999992335865076
vn 0.0012369863810076757 1.938878244467085e-8 -0.9999992349320538
vn 0.0012369863810076757 1.938878244467085e-8 -0.9999992349320538
vn 0.0012369863810076757 1.938878244467085e-8 -0.9999992349320538
vn 0.0012369863810076757 1.938878244467085e-8 -0.9999992349320538
vn 0.0012369863810076757 1.938878244467085e-8 -0.9999992349320538
vn 0.0012369863810076757 1.938878244467085e-8 -0.9999992349320538
vn 0.0012366437712362194 -2.737991584699123e-7 -0.9999992353557619
vn 0.0012366437712362194 -2.737991584699123e-7 -0.9999992353557619
vn 0.0012366437712362194 -2.737991584699123e-7 -0.9999992353557619
vn 0.0012366437712362194 -2.737991584699123e-7 -0.9999992353557619
vn 0.0012366437712362194 -2.737991584699123e-7 -0.9999992353557619
vn 0.0012366437712362194 -2.737991584699123e-7 -0.9999992353557619
vn 0.0012370040761094947 4.2810622677422163e-7 -0.9999992349100736
vn 0.0012370040761094947 4.2810622677422163e-7 -0.9999992349100736
vn 0.0012370040761094947 4.2810622677422163e-7 -0.9999992349100736
vn 0.0012370040761094947 4.2810622677422163e-7 -0.9999992349100736
vn 0.0012370040761094947 4.2810622677422163e-7 -0.9999992349100736
vn 0.0012370040761094947 4.2810622677422163e-7 -0.9999992349100736
vn 0.0012374416806387608 -2.374998956019761e-7 -0.9999992343687223
vn 0.0012374416806387608 -2.374998956019761e-7 -0.9999992343687223
vn 0.0012374416806387608 -2.374998956019761e-7 -0.9999992343687223
vn 0.0012374416806387608 -2.374998956019761e-7 -0.9999992343687223
vn 0.0012374416806387608 -2.374998956019761e-7 -0.9999992343687223
vn 0.0012374416806387608 -2.374998956019761e-7 -0.9999992343687223
vn 0.001237000001579478 -6.775427892715022e-7 -0.9999992349149759
vn 0.001237000001579478 -6.775427892715022e-7 -0.9999992349149759
vn 0.001237000001579478 -6.775427892715022e-7 -0.9999992349149759
vn 0.001237000001579478 -6.775427892715022e-7 -0.9999992349149759
vn 0.001237000001579478 -6.775427892715022e-7 -0.9999992349149759
vn 0.001237000001579478 -6.775427892715022e-7 -0.9999992349149759
vn 0.0012373203760579498 1.8066105237780537e-7 -0.9999992345188341
vn 0.0012373203760579498 1.8066105237780537e-7 -0.9999992345188341
vn 0.0012373203760579498 1.8066105237780537e-7 -0.9999992345188341
vn 0.0012373203760579498 1.8066105237780537e-7 -0.9999992345188341
vn 0.0012373203760579498 1.8066105237780537e-7 -0.9999992345188341
vn 0.0012373203760579498 1.8066105237780537e-7 -0.9999992345188341
vn 0.001237080677274809 3.8761091790198845e-7 -0.9999992348153309
vn 0.001237080677274809 3.8761091790198845e-7 -0.9999992348153309
vn 0.001237080677274809 3.8761091790198845e-7 -0.9999992348153309
vn 0.001237080677274809 3.8761091790198845e-7 -0.9999992348153309
vn 0.001237080677274809 3.8761091790198845e-7 -0.9999992348153309
vn 0.001237080677274809 3.8761091790198845e-7 -0.9999992348153309
f 1/1/1 2/2/2 3/3/3
f 4/4/4 5/5/5 6/6/6
f 7/7/7 8/8/8 9/9/9
f 10/10/10 11/11/11 12/12/12
f 13/13/13 14/14/14 15/15/15
f 16/16/16 17/17/17 18/18/18
f 19/19/19 20/20/20 21/21/21
f 22/22/22 23/23/23 24/24/24
f 25/25/25 26/26/26 27/27/27
f 28/28/28 29/29/29 30/30/30
f 31/31/31 32/32/32 33/33/33
f 34/34/34 35/35/35 36/36/36
f 37/37/37 38/38/38 39/39/39
f 40/40/40 41/41/41 42/42/42
f 43/43/43 44/44/44 45/45/45
f 46/46/46 47/47/47 48/48/48
f 49/49/49 50/50/50 51/51/51
f 52/52/52 53/53/53 54/54/54
f 55/55/55 56/56/56 57/57/57
f 58/58/58 59/59/59 60/60/60
f 61/61/61 62/62/62 63/63/63
f 64/64/64 65/65/65 66/66/66
f 67/67/67 68/68/68 69/69/69
f 70/70/70 71/71/71 72/72/72
f 73/73/73 74/74/74 75/75/75
f 76/76/76 77/77/77 78/78/78
f 79/79/79 80/80/80 81/81/81
f 82/82/82 83/83/83 84/84/84
f 85/85/85 86/86/86 87/87/87
f 88/88/88 89/89/89 90/90/90
f 91/91/91 92/92/92 93/93/93
f 94/94/94 95/95/95 96/96/96
f 97/97/97 98/98/98 99/99/99
f 100/100/100 101/101/101 102/102/102
f 103/103/103 104/104/104 105/105/105
f 106/106/106 107/107/107 108/108/108
f 109/109/109 110/110/110 111/111/111
f 112/112/112 113/113/113 114/114/114
f 115/115/115 116/116/116 117/117/117
f 118/118/118 119/119/119 120/120/120
f 121/121/121 122/122/122 123/123/123
f 124/124/124 125/125/125 126/126/126
f 127/127/127 128/128/128 129/129/129
f 130/130/130 131/131/131 132/132/132
f 133/133/133 134/134/134 135/135/135
f 136/136/136 137/137/137 138/138/138
f 139/139/139 140/140/140 141/141/141
f 142/142/142 143/143/143 144/144/144
f 145/145/145 146/146/146 147/147/147
f 148/148/148 149/149/149 150/150/150
f 151/151/151 152/152/152 153/153/153
f 154/154/154 155/155/155 156/156/156
f 157/157/157 158/158/158 159/159/159
f 160/160/160 161/161/161 162/162/162
f 163/163/163 164/164/164 165/165/165
f 166/166/166 167/167/167 168/168/168
f 169/169/169 170/170/170 171/171/171
f 172/172/172 173/173/173 174/174/174
f 175/175/175 176/176/176 177/177/177
f 178/178/178 179/179/179 180/180/180
f 181/181/181 182/182/182 183/183/183
f 184/184/184 185/185/185 186/186/186
f 187/187/187 188/188/188 189/189/189
f 190/190/190 191/191/191 192/192/192
f 193/193/193 194/194/194 195/195/195
f 196/196/196 197/197/197 198/198/198
f 199/199/199 200/200/200 201/201/201
f 202/202/202 203/203/203 204/204/204
f 205/205/205 206/206/206 207/207/207
f 208/208/208 209/209/209 210/210/210
f 211/211/211 212/212/212 213/213/213
f 214/214/214 215/215/215 216/216/216
f 217/217/217 218/218/218 219/219/219
f 220/220/220 221/221/221 222/222/222
f 223/223/223 224/224/224 225/225/225
f 226/226/226 227/227/227 228/228/228
f 229/229/229 230/230/230 231/231/231
f 232/232/232 233/233/233 234/234/234
f 235/235/235 236/236/236 237/237/237
f 238/238/238 239/239/239 240/240/240
f 241/241/241 242/242/242 243/243/243
f 244/244/244 245/245/245 246/246/246
f 247/247/247 248/248/248 249/249/249
f 250/250/250 251/251/251 252/252/252
f 253/253/253 254/254/254 255/255/255
f 256/256/256 257/257/257 258/258/258
f 259/259/259 260/260/260 261/261/261
f 262/262/262 263/263/263 264/264/264
f 265/265/265 266/266/266 267/267/267
f 268/268/268 269/269/269 270/270/270
f 271/271/271 272/272/272 273/273/273
f 274/274/274 275/275/275 276/276/276
f 277/277/277 278/278/278 279/279/279
f 280/280/280 281/281/281 282/282/282
f 283/283/283 284/284/284 285/285/285
f 286/286/286 287/287/287 288/288/288
f 289/289/289 290/290/290 291/291/291
f 292/292/292 293/293/293 294/294/294
f 295/295/295 296/296/296 297/297/297
f 298/298/298 299/299/299 300/300/300
f 301/301/301 302/302/302 303/303/303
f 304/304/304 305/305/305 306/306/306
f 307/307/307 308/308/308 309/309/309
f 310/310/310 311/311/311 312/312/312
f 313/313/313 314/314/314 315/315/315
f 316/316/316 317/317/317 318/318/318
f 319/319/319 320/320/320 321/321/321
f 322/322/322 323/323/323 324/324/324
f 325/325/325 326/326/326 327/327/327
f 328/328/328 329/329/329 330/330/330
f 331/331/331 332/332/332 333/333/333
f 334/334/334 335/335/335 336/336/336
f 337/337/337 338/338/338 339/339/339
f 340/340/340 341/341/341 342/342/342
f 343/343/343 344/344/344 345/345/345
f 346/346/346 347/347/347 348/348/348
f 349/349/349 350/350/350 351/351/351
f 352/352/352 353/353/353 354/354/354
f 355/355/355 356/356/356 357/357/357
f 358/358/358 359/359/359 360/360/360
f 361/361/361 362/362/362 363/363/363
f 364/364/364 365/365/365 366/366/366
f 367/367/367 368/368/368 369/369/369
f 370/370/370 371/371/371 372/372/372
f 373/373/373 374/374/374 375/375/375
f 376/376/376 377/377/377 378/378/378
f 379/379/379 380/380/380 381/381/381
f 382/382/382 383/383/383 384/384/384
f 385/385/385 386/386/386 387/387/387
f 388/388/388 389/389/389 390/390/390
f 391/391/391 392/392/392 393/393/393
f 394/394/394 395/395/395 396/396/396
f 397/397/397 398/398/398 399/399/399
f 400/400/400 401/401/401 402/402/402
f 403/403/403 404/404/404 405/405/405
f 406/406/406 407/407/407 408/408/408
f 409/409/409 410/410/410 411/411/411
f 412/412/412 413/413/413 414/414/414
f 415/415/415 416/416/416 417/417/417
f 418/418/418 419/419/419 420/420/420
f 421/421/421 422/422/422 423/423/423
f 424/424/424 425/425/425 426/426/426
f 427/427/427 428/428/428 429/429/429
f 430/430/430 431/431/431 432/432/432
f 433/433/433 434/434/434 435/435/435
f 436/436/436 437/437/437 438/438/438
f 439/439/439 440/440/440 441/441/441
f 442/442/442 443/443/443 444/444/444
f 445/445/445 446/446/446 447/447/447
f 448/448/448 449/449/449 450/450/450
f 451/451/451 452/452/452 453/453/453
f 454/454/454 455/455/455 456/456/456
f 457/457/457 458/458/458 459/459/459
f 460/460/460 461/461/461 462/462/462
f 463/463/463 464/464/464 465/465/465
f 466/466/466 467/467/467 468/468/468
f 469/469/469 470/470/470 471/471/471
f 472/472/472 473/473/473 474/474/474
f 475/475/475 476/476/476 477/477/477
f 478/478/478 479/479/479 480/480/480
f 481/481/481 482/482/482 483/483/483
f 484/484/484 485/485/485 486/486/486
f 487/487/487 488/488/488 489/489/489
f 490/490/490 491/491/491 492/492/492
f 493/493/493 494/494/494 495/495/495
f 496/496/496 497/497/497 498/498/498
f 499/499/499 500/500/500 501/501/501
f 502/502/502 503/503/503 504/504/504
f 505/505/505 506/506/506 507/507/507
f 508/508/508 509/509/509 510/510/510
f 511/511/511 512/512/512 513/513/513
f 514/514/514 515/515/515 516/516/516
f 517/517/517 518/518/518 519/519/519
f 520/520/520 521/521/521 522/522/522
f 523/523/523 524/524/524 525/525/525
f 526/526/526 527/527/527 528/528/528
f 529/529/529 530/530/530 531/531/531
f 532/532/532 533/533/533 534/534/534
f 535/535/535 536/536/536 537/537/537
f 538/538/538 539/539/539 540/540/540
f 541/541/541 542/542/542 543/543/543
f 544/544/544 545/545/545 546/546/546
f 547/547/547 548/548/548 549/549/549
f 550/550/550 551/551/551 552/552/552
f 553/553/553 554/554/554 555/555/555
f 556/556/556 557/557/557 558/558/558
f 559/559/559 560/560/560 561/561/561
f 562/562/562 563/563/563 564/564/564
f 565/565/565 566/566/566 567/567/567
f 568/568/568 569/569/569 570/570/570
f 571/571/571 572/572/572 573/573/573
f 574/574/574 575/575/575 576/576/576
f 577/577/577 578/578/578 579/579/579
f 580/580/580 581/581/581 582/582/582
f 583/583/583 584/584/584 585/585/585
f 586/586/586 587/587/587 588/588/588
f 589/589/589 590/590/590 591/591/591
f 592/592/592 593/593/593 594/594/594
f 595/595/595 596/596/596 597/597/597
f 598/598/598 599/599/599 600/600/600
f 601/601/601 602/602/602 603/603/603
f 604/604/604 605/605/605 606/606/606
f 607/607/607 608/608/608 609/609/609
f 610/610/610 611/611/611 612/612/612
f 613/613/613 614/614/614 615/615/615
f 616/616/616 617/617/617 618/618/618
f 619/619/619 620/620/620 621/621/621
f 622/622/622 623/623/623 624/624/624
f 625/625/625 626/626/626 627/627/627
f 628/628/628 629/629/629 630/630/630
f 631/631/631 632/632/632 633/633/633
f 634/634/634 635/635/635 636/636/636
f 637/637/637 638/638/638 639/639/639
f 640/640/640 641/641/641 642/642/642
f 643/643/643 644/644/644 645/645/645
f 646/646/646 647/647/647 648/648/648
f 649/649/649 650/650/650 651/651/651
f 652/652/652 653/653/653 654/654/654
f 655/655/655 656/656/656 657/657/657
f 658/658/658 659/659/659 660/660/660
f 661/661/661 662/662/662 663/663/663
f 664/664/664 665/665/665 666/666/666
f 667/667/667 668/668/668 669/669/669
f 670/670/670 671/671/671 672/672/672
f 673/673/673 674/674/674 675/675/675
f 676/676/676 677/677/677 678/678/678
f 679/679/679 680/680/680 681/681/681
f 682/682/682 683/683/683 684/684/684
f 685/685/685 686/686/686 687/687/687
f 688/688/688 689/689/689 690/690/690
f 691/691/691 692/692/692 693/693/693
f 694/694/694 695/695/695 696/696/696
f 697/697/697 698/698/698 699/699/699
f 700/700/700 701/701/701 702/702/702
f 703/703/703 704/704/704 705/705/705
f 706/706/706 707/707/707 708/708/708
f 709/709/709 710/710/710 711/711/711
f 712/712/712 713/713/713 714/714/714
f 715/715/715 716/716/716 717/717/717
f 718/718/718 719/719/719 720/720/720
f 721/721/721 722/722/722 723/723/723
f 724/724/724 725/725/725 726/726/726
f 727/727/727 728/728/728 729/729/729
f 730/730/730 731/731/731 732/732/732
f 733/733/733 734/734/734 735/735/735
f 736/736/736 737/737/737 738/738/738
f 739/739/739 740/740/740 741/741/741
f 742/742/742 743/743/743 744/744/744
f 745/745/745 746/746/746 747/747/747
f 748/748/748 749/749/749 750/750/750
f 751/751/751 752/752/752 753/753/753
f 754/754/754 755/755/755 756/756/756
f 757/757/757 758/758/758 759/759/759
f 760/760/760 761/761/761 762/762/762
f 763/763/763 764/764/764 765/765/765
f 766/766/766 767/767/767 768/768/768
f 769/769/769 770/770/770 771/771/771
f 772/772/772 773/773/773 774/774/774
f 775/775/775 776/776/776 777/777/777
f 778/778/778 779/779/779 780/780/780
f 781/781/781 782/782/782 783/783/783
f 784/784/784 785/785/785 786/786/786
f 787/787/787 788/788/788 789/789/789
f 790/790/790 791/791/791 792/792/792
f 793/793/793 794/794/794 795/795/795
f 796/796/796 797/797/797 798/798/798
f 799/799/799 800/800/800 801/801/801
f 802/802/802 803/803/803 804/804/804
f 805/805/805 806/806/806 807/807/807
f 808/808/808 809/809/809 810/810/810
f 811/811/811 812/812/812 813/813/813
f 814/814/814 815/815/815 816/816/816
f 817/817/817 818/818/818 819/819/819
f 820/820/820 821/821/821 822/822/822
f 823/823/823 824/824/824 825/825/825
f 826/826/826 827/827/827 828/828/828
f 829/829/829 830/830/830 831/831/831
f 832/832/832 833/833/833 834/834/834
f 835/835/835 836/836/836 837/837/837
f 838/838/838 839/839/839 840/840/840
f 841/841/841 842/842/842 843/843/843
f 844/844/844 845/845/845 846/846/846
f 847/847/847 848/848/848 849/849/849
f 850/850/850 851/851/851 852/852/852
f 853/853/853 854/854/854 855/855/855
f 856/856/856 857/857/857 858/858/858
f 859/859/859 860/860/860 861/861/861
f 862/862/862 863/863/863 864/864/864
f 865/865/865 866/866/866 867/867/867
f 868/868/868 869/869/869 870/870/870
f 871/871/871 872/872/872 873/873/873
f 874/874/874 875/875/875 876/876/876
f 877/877/877 878/878/878 879/879/879
f 880/880/880 881/881/881 882/882/882
f 883/883/883 884/884/884 885/885/885
f 886/886/886 887/887/887 888/888/888
f 889/889/889 890/890/890 891/891/891
f 892/892/892 893/893/893 894/894/894
f 895/895/895 896/896/896 897/897/897
f 898/898/898 899/899/899 900/900/900
f 901/901/901 902/902/902 903/903/903
f 904/904/904 905/905/905 906/906/906
f 907/907/907 908/908/908 909/909/909
f 910/910/910 911/911/911 912/912/912
f 913/913/913 914/914/914 915/915/915
f 916/916/916 917/917/917 918/918/918
f 919/919/919 920/920/920 921/921/921
f 922/922/922 923/923/923 924/924/924
f 925/925/925 926/926/926 927/927/927
f 928/928/928 929/929/929 930/930/930
f 931/931/931 932/932/932 933/933/933
f 934/934/934 935/935/935 936/936/936
f 937/937/937 938/938/938 939/939/939
f 940/940/940 941/941/941 942/942/942
f 943/943/943 944/944/944 945/945/945
f 946/946/946 947/947/947 948/948/948
f 949/949/949 950/950/950 951/951/951
f 952/952/952 953/953/953 954/954/954
f 955/955/955 956/956/956 957/957/957
f 958/958/958 959/959/959 960/960/960
f 961/961/961 962/962/962 963/963/963
f 964/964/964 965/965/965 966/966/966
f 967/967/967 968/968/968 969/969/969
f 970/970/970 971/971/971 972/972/972
f 973/973/973 974/974/974 975/975/975
f 976/976/976 977/977/977 978/978/978
f 979/979/979 980/980/980 981/981/981
f 982/982/982 983/983/983 984/984/984
f 985/985/985 986/986/986 987/987/987
f 988/988/988 989/989/989 990/990/990
f 991/991/991 992/992/992 993/993/993
f 994/994/994 995/995/995 996/996/996
f 997/997/997 998/998/998 999/999/999
f 1000/1000/1000 1001/1001/1001 1002/1002/1002
f 1003/1003/1003 1004/1004/1004 1005/1005/1005
f 1006/1006/1006 1007/1007/1007 1008/1008/1008
f 1009/1009/1009 1010/1010/1010 1011/1011/1011
f 1012/1012/1012 1013/1013/1013 1014/1014/1014
f 1015/1015/1015 1016/1016/1016 1017/1017/1017
f 1018/1018/1018 1019/1019/1019 1020/1020/1020
f 1021/1021/1021 1022/1022/1022 1023/1023/1023
f 1024/1024/1024 1025/1025/1025 1026/1026/1026
f 1027/1027/1027 1028/1028/1028 1029/1029/1029
f 1030/1030/1030 1031/1031/1031 1032/1032/1032
f 1033/1033/1033 1034/1034/1034 1035/1035/1035
f 1036/1036/1036 1037/1037/1037 1038/1038/1038
f 1039/1039/1039 1040/1040/1040 1041/1041/1041
f 1042/1042/1042 1043/1043/1043 1044/1044/1044
f 1045/1045/1045 1046/1046/1046 1047/1047/1047
f 1048/1048/1048 1049/1049/1049 1050/1050/1050
f 1051/1051/1051 1052/1052/1052 1053/1053/1053
f 1054/1054/1054 1055/1055/1055 1056/1056/1056
f 1057/1057/1057 1058/1058/1058 1059/1059/1059
f 1060/1060/1060 1061/1061/1061 1062/1062/1062
f 1063/1063/1063 1064/1064/1064 1065/1065/1065
f 1066/1066/1066 1067/1067/1067 1068/1068/1068
f 1069/1069/1069 1070/1070/1070 1071/1071/1071
f 1072/1072/1072 1073/1073/1073 1074/1074/1074
f 1075/1075/1075 1076/1076/1076 1077/1077/1077
f 1078/1078/1078 1079/1079/1079 1080/1080/1080
f 1081/1081/1081 1082/1082/1082 1083/1083/1083
f 1084/1084/1084 1085/1085/1085 1086/1086/1086
f 1087/1087/1087 1088/1088/1088 1089/1089/1089
f 1090/1090/1090 1091/1091/1091 1092/1092/1092
f 1093/1093/1093 1094/1094/1094 1095/1095/1095
f 1096/1096/1096 1097/1097/1097 1098/1098/1098
f 1099/1099/1099 1100/1100/1100 1101/1101/1101
f 1102/1102/1102 1103/1103/1103 1104/1104/1104
f 1105/1105/1105 1106/1106/1106 1107/1107/1107
f 1108/1108/1108 1109/1109/1109 1110/1110/1110
f 1111/1111/1111 1112/1112/1112 1113/1113/1113
f 1114/1114/1114 1115/1115/1115 1116/1116/1116
f 1117/1117/1117 1118/1118/1118 1119/1119/1119
f 1120/1120/1120 1121/1121/1121 1122/1122/1122
f 1123/1123/1123 1124/1124/1124 1125/1125/1125
f 1126/1126/1126 1127/1127/1127 1128/1128/1128
f 1129/1129/1129 1130/1130/1130 1131/1131/1131
f 1132/1132/1132 1133/1133/1133 1134/1134/1134
f 1135/1135/1135 1136/1136/1136 1137/1137/1137
f 1138/1138/1138 1139/1139/1139 1140/1140/1140
f 1141/1141/1141 1142/1142/1142 1143/1143/1143
f 1144/1144/1144 1145/1145/1145 1146/1146/1146
f 1147/1147/1147 1148/1148/1148 1149/1149/1149
f 1150/1150/1150 1151/1151/1151 1152/1152/1152
f 1153/1153/1153 1154/1154/1154 1155/1155/1155
f 1156/1156/1156 1157/1157/1157 1158/1158/1158
f 1159/1159/1159 1160/1160/1160 1161/1161/1161
f 1162/1162/1162 1163/1163/1163 1164/1164/1164
f 1165/1165/1165 1166/1166/1166 1167/1167/1167
f 1168/1168/1168 1169/1169/1169 1170/1170/1170
f 1171/1171/1171 1172/1172/1172 1173/1173/1173
f 1174/1174/1174 1175/1175/1175 1176/1176/1176
f 1177/1177/1177 1178/1178/1178 1179/1179/1179
f 1180/1180/1180 1181/1181/1181 1182/1182/1182
f 1183/1183/1183 1184/1184/1184 1185/1185/1185
f 1186/1186/1186 1187/1187/1187 1188/1188/1188
f 1189/1189/1189 1190/1190/1190 1191/1191/1191
f 1192/1192/1192 1193/1193/1193 1194/1194/1194
f 1195/1195/1195 1196/1196/1196 1197/1197/1197
f 1198/1198/1198 1199/1199/1199 1200/1200/1200
f 1201/1201/1201 1202/1202/1202 1203/1203/1203
f 1204/1204/1204 1205/1205/1205 1206/1206/1206
f 1207/1207/1207 1208/1208/1208 1209/1209/1209
f 1210/1210/1210 1211/1211/1211 1212/1212/1212
f 1213/1213/1213 1214/1214/1214 1215/1215/1215
f 1216/1216/1216 1217/1217/1217 1218/1218/1218
f 1219/1219/1219 1220/1220/1220 1221/1221/1221
f 1222/1222/1222 1223/1223/1223 1224/1224/1224
f 1225/1225/1225 1226/1226/1226 1227/1227/1227
f 1228/1228/1228 1229/1229/1229 1230/1230/1230
f 1231/1231/1231 1232/1232/1232 1233/1233/1233
f 1234/1234/1234 1235/1235/1235 1236/1236/1236
f 1237/1237/1237 1238/1238/1238 1239/1239/1239
f 1240/1240/1240 1241/1241/1241 1242/1242/1242
f 1243/1243/1243 1244/1244/1244 1245/1245/1245
f 1246/1246/1246 1247/1247/1247 1248/1248/1248
f 1249/1249/1249 1250/1250/1250 1251/1251/1251
f 1252/1252/1252 1253/1253/1253 1254/1254/1254
f 1255/1255/1255 1256/1256/1256 1257/1257/1257
f 1258/1258/1258 1259/1259/1259 1260/1260/1260
f 1261/1261/1261 1262/1262/1262 1263/1263/1263
f 1264/1264/1264 1265/1265/1265 1266/1266/1266
f 1267/1267/1267 1268/1268/1268 1269/1269/1269
f 1270/1270/1270 1271/1271/1271 1272/1272/1272
f 1273/1273/1273 1274/1274/1274 1275/1275/1275
f 1276/1276/1276 1277/1277/1277 1278/1278/1278
f 1279/1279/1279 1280/1280/1280 1281/1281/1281
f 1282/1282/1282 1283/1283/1283 1284/1284/1284
f 1285/1285/1285 1286/1286/1286 1287/1287/1287
f 1288/1288/1288 1289/1289/1289 1290/1290/1290
f 1291/1291/1291 1292/1292/1292 1293/1293/1293
f 1294/1294/1294 1295/1295/1295 1296/1296/1296
f 1297/1297/1297 1298/1298/1298 1299/1299/1299
f 1300/1300/1300 1301/1301/1301 1302/1302/1302
f 1303/1303/1303 1304/1304/1304 1305/1305/1305
f 1306/1306/1306 1307/1307/1307 1308/1308/1308
f 1309/1309/1309 1310/1310/1310 1311/1311/1311
f 1312/1312/1312 1313/1313/1313 1314/1314/1314
f 1315/1315/1315 1316/1316/1316 1317/1317/1317
f 1318/1318/1318 1319/1319/1319 1320/1320/1320
f 1321/1321/1321 1322/1322/1322 1323/1323/1323
f 1324/1324/1324 1325/1325/1325 1326/1326/1326
f 1327/1327/1327 1328/1328/1328 1329/1329/1329
f 1330/1330/1330 1331/1331/1331 1332/1332/1332
f 1333/1333/1333 1334/1334/1334 1335/1335/1335
f 1336/1336/1336 1337/1337/1337 1338/1338/1338
f 1339/1339/1339 1340/1340/1340 1341/1341/1341
f 1342/1342/1342 1343/1343/1343 1344/1344/1344
f 1345/1345/1345 1346/1346/1346 1347/1347/1347
f 1348/1348/1348 1349/1349/1349 1350/1350/1350
f 1351/1351/1351 1352/1352/1352 1353/1353/1353
f 1354/1354/1354 1355/1355/1355 1356/1356/1356
f 1357/1357/1357 1358/1358/1358 1359/1359/1359
f 1360/1360/1360 1361/1361/1361 1362/1362/1362
f 1363/1363/1363 1364/1364/1364 1365/1365/1365
f 1366/1366/1366 1367/1367/1367 1368/1368/1368
f 1369/1369/1369 1370/1370/1370 1371/1371/1371
f 1372/1372/1372 1373/1373/1373 1374/1374/1374
f 1375/1375/1375 1376/1376/1376 1377/1377/1377
f 1378/1378/1378 1379/1379/1379 1380/1380/1380
f 1381/1381/1381 1382/1382/1382 1383/1383/1383
f 1384/1384/1384 1385/1385/1385 1386/1386/1386
f 1387/1387/1387 1388/1388/1388 1389/1389/1389
f 1390/1390/1390 1391/1391/1391 1392/1392/1392
f 1393/1393/1393 1394/1394/1394 1395/1395/1395
f 1396/1396/1396 1397/1397/1397 1398/1398/1398
f 1399/1399/1399 1400/1400/1400 1401/1401/1401
f 1402/1402/1402 1403/1403/1403 1404/1404/1404
f 1405/1405/1405 1406/1406/1406 1407/1407/1407
f 1408/1408/1408 1409/1409/1409 1410/1410/1410
f 1411/1411/1411 1412/1412/1412 1413/1413/1413
f 1414/1414/1414 1415/1415/1415 1416/1416/1416
f 1417/1417/1417 1418/1418/1418 1419/1419/1419
f 1420/1420/1420 1421/1421/1421 1422/1422/1422
f 1423/1423/1423 1424/1424/1424 1425/1425/1425
f 1426/1426/1426 1427/1427/1427 1428/1428/1428
f 1429/1429/1429 1430/1430/1430 1431/1431/1431
f 1432/1432/1432 1433/1433/1433 1434/1434/1434
f 1435/1435/1435 1436/1436/1436 1437/1437/1437
f 1438/1438/1438 1439/1439/1439 1440/1440/1440
f 1441/1441/1441 1442/1442/1442 1443/1443/1443
f 1444/1444/1444 1445/1445/1445 1446/1446/1446
f 1447/1447/1447 1448/1448/1448 1449/1449/1449
f 1450/1450/1450 1451/1451/1451 1452/1452/1452
f 1453/1453/1453 1454/1454/1454 1455/1455/1455
f 1456/1456/1456 1457/1457/1457 1458/1458/1458
f 1459/1459/1459 1460/1460/1460 1461/1461/1461
f 1462/1462/1462 1463/1463/1463 1464/1464/1464
f 1465/1465/1465 1466/1466/1466 1467/1467/1467
f 1468/1468/1468 1469/1469/1469 1470/1470/1470
f 1471/1471/1471 1472/1472/1472 1473/1473/1473
f 1474/1474/1474 1475/1475/1475 1476/1476/1476
f 1477/1477/1477 1478/1478/1478 1479/1479/1479
f 1480/1480/1480 1481/1481/1481 1482/1482/1482
f 1483/1483/1483 1484/1484/1484 1485/1485/1485
f 1486/1486/1486 1487/1487/1487 1488/1488/1488
f 1489/1489/1489 1490/1490/1490 1491/1491/1491
f 1492/1492/1492 1493/1493/1493 1494/1494/1494
f 1495/1495/1495 1496/1496/1496 1497/1497/1497
f 1498/1498/1498 1499/1499/1499 1500/1500/1500
f 1501/1501/1501 1502/1502/1502 1503/1503/1503
f 1504/1504/1504 1505/1505/1505 1506/1506/1506
f 1507/1507/1507 1508/1508/1508 1509/1509/1509
f 1510/1510/1510 1511/1511/1511 1512/1512/1512
f 1513/1513/1513 1514/1514/1514 1515/1515/1515
f 1516/1516/1516 1517/1517/1517 1518/1518/1518
f 1519/1519/1519 1520/1520/1520 1521/1521/1521
f 1522/1522/1522 1523/1523/1523 1524/1524/1524
f 1525/1525/1525 1526/1526/1526 1527/1527/1527
f 1528/1528/1528 1529/1529/1529 1530/1530/1530
f 1531/1531/1531 1532/1532/1532 1533/1533/1533
f 1534/1534/1534 1535/1535/1535 1536/1536/1536
f 1537/1537/1537 1538/1538/1538 1539/1539/1539
f 1540/1540/1540 1541/1541/1541 1542/1542/1542
f 1543/1543/1543 1544/1544/1544 1545/1545/1545
f 1546/1546/1546 1547/1547/1547 1548/1548/1548
f 1549/1549/1549 1550/1550/1550 1551/1551/1551
f 1552/1552/1552 1553/1553/1553 1554/1554/1554
f 1555/1555/1555 1556/1556/1556 1557/1557/1557
f 1558/1558/1558 1559/1559/1559 1560/1560/1560
f 1561/1561/1561 1562/1562/1562 1563/1563/1563
f 1564/1564/1564 1565/1565/1565 1566/1566/1566
f 1567/1567/1567 1568/1568/1568 1569/1569/1569
f 1570/1570/1570 1571/1571/1571 1572/1572/1572
f 1573/1573/1573 1574/1574/1574 1575/1575/1575
f 1576/1576/1576 1577/1577/1577 1578/1578/1578
f 1579/1579/1579 1580/1580/1580 1581/1581/1581
f 1582/1582/1582 1583/1583/1583 1584/1584/1584
f 1585/1585/1585 1586/1586/1586 1587/1587/1587
f 1588/1588/1588 1589/1589/1589 1590/1590/1590
f 1591/1591/1591 1592/1592/1592 1593/1593/1593
f 1594/1594/1594 1595/1595/1595 1596/1596/1596
f 1597/1597/1597 1598/1598/1598 1599/1599/1599
f 1600/1600/1600 1601/1601/1601 1602/1602/1602
f 1603/1603/1603 1604/1604/1604 1605/1605/1605
f 1606/1606/1606 1607/1607/1607 1608/1608/1608
f 1609/1609/1609 1610/1610/1610 1611/1611/1611
f 1612/1612/1612 1613/1613/1613 1614/1614/1614
f 1615/1615/1615 1616/1616/1616 1617/1617/1617
f 1618/1618/1618 1619/1619/1619 1620/1620/1620
f 1621/1621/1621 1622/1622/1622 1623/1623/1623
f 1624/1624/1624 1625/1625/1625 1626/1626/1626
f 1627/1627/1627 1628/1628/1628 1629/1629/1629
f 1630/1630/1630 1631/1631/1631 1632/1632/1632
f 1633/1633/1633 1634/1634/1634 1635/1635/1635
f 1636/1636/1636 1637/1637/1637 1638/1638/1638
f 1639/1639/1639 1640/1640/1640 1641/1641/1641
f 1642/1642/1642 1643/1643/1643 1644/1644/1644
f 1645/1645/1645 1646/1646/1646 1647/1647/1647
f 1648/1648/1648 1649/1649/1649 1650/1650/1650
f 1651/1651/1651 1652/1652/1652 1653/1653/1653
f 1654/1654/1654 1655/1655/1655 1656/1656/1656
f 1657/1657/1657 1658/1658/1658 1659/1659/1659
f 1660/1660/1660 1661/1661/1661 1662/1662/1662
f 1663/1663/1663 1664/1664/1664 1665/1665/1665
f 1666/1666/1666 1667/1667/1667 1668/1668/1668
f 1669/1669/1669 1670/1670/1670 1671/1671/1671
f 1672/1672/1672 1673/1673/1673 1674/1674/1674
f 1675/1675/1675 1676/1676/1676 1677/1677/1677
f 1678/1678/1678 1679/1679/1679 1680/1680/1680
f 1681/1681/1681 1682/1682/1682 1683/1683/1683
f 1684/1684/1684 1685/1685/1685 1686/1686/1686
f 1687/1687/1687 1688/1688/1688 1689/1689/1689
f 1690/1690/1690 1691/1691/1691 1692/1692/1692
f 1693/1693/1693 1694/1694/1694 1695/1695/1695
f 1696/1696/1696 1697/1697/1697 1698/1698/1698
f 1699/1699/1699 1700/1700/1700 1701/1701/1701
f 1702/1702/1702 1703/1703/1703 1704/1704/1704
f 1705/1705/1705 1706/1706/1706 1707/1707/1707
f 1708/1708/1708 1709/1709/1709 1710/1710/1710
f 1711/1711/1711 1712/1712/1712 1713/1713/1713
f 1714/1714/1714 1715/1715/1715 1716/1716/1716
f 1717/1717/1717 1718/1718/1718 1719/1719/1719
f 1720/1720/1720 1721/1721/1721 1722/1722/1722
f 1723/1723/1723 1724/1724/1724 1725/1725/1725
f 1726/1726/1726 1727/1727/1727 1728/1728/1728
f 1729/1729/1729 1730/1730/1730 1731/1731/1731
f 1732/1732/1732 1733/1733/1733 1734/1734/1734
f 1735/1735/1735 1736/1736/1736 1737/1737/1737
f 1738/1738/1738 1739/1739/1739 1740/1740/1740
f 1741/1741/1741 1742/1742/1742 1743/1743/1743
f 1744/1744/1744 1745/1745/1745 1746/1746/1746
f 1747/1747/1747 1748/1748/1748 1749/1749/1749
f 1750/1750/1750 1751/1751/1751 1752/1752/1752
f 1753/1753/1753 1754/1754/1754 1755/1755/1755
f 1756/1756/1756 1757/1757/1757 1758/1758/1758
f 1759/1759/1759 1760/1760/1760 1761/1761/1761
f 1762/1762/1762 1763/1763/1763 1764/1764/1764
f 1765/1765/1765 1766/1766/1766 1767/1767/1767
f 1768/1768/1768 1769/1769/1769 1770/1770/1770
f 1771/1771/1771 1772/1772/1772 1773/1773/1773
f 1774/1774/1774 1775/1775/1775 1776/1776/1776
f 1777/1777/1777 1778/1778/1778 1779/1779/1779
f 1780/1780/1780 1781/1781/1781 1782/1782/1782
f 1783/1783/1783 1784/1784/1784 1785/1785/1785
f 1786/1786/1786 1787/1787/1787 1788/1788/1788
f 1789/1789/1789 1790/1790/1790 1791/1791/1791
f 1792/1792/1792 1793/1793/1793 1794/1794/1794
f 1795/1795/1795 1796/1796/1796 1797/1797/1797
f 1798/1798/1798 1799/1799/1799 1800/1800/1800
f 1801/1801/1801 1802/1802/1802 1803/1803/1803
f 1804/1804/1804 1805/1805/1805 1806/1806/1806
f 1807/1807/1807 1808/1808/1808 1809/1809/1809
f 1810/1810/1810 1811/1811/1811 1812/1812/1812
f 1813/1813/1813 1814/1814/1814 1815/1815/1815
f 1816/1816/1816 1817/1817/1817 1818/1818/1818
f 1819/1819/1819 1820/1820/1820 1821/1821/1821
f 1822/1822/1822 1823/1823/1823 1824/1824/1824
f 1825/1825/1825 1826/1826/1826 1827/1827/1827
f 1828/1828/1828 1829/1829/1829 1830/1830/1830
f 1831/1831/1831 1832/1832/1832 1833/1833/1833
f 1834/1834/1834 1835/1835/1835 1836/1836/1836
f 1837/1837/1837 1838/1838/1838 1839/1839/1839
f 1840/1840/1840 1841/1841/1841 1842/1842/1842
f 1843/1843/1843 1844/1844/1844 1845/1845/1845
f 1846/1846/1846 1847/1847/1847 1848/1848/1848
f 1849/1849/1849 1850/1850/1850 1851/1851/1851
f 1852/1852/1852 1853/1853/1853 1854/1854/1854
f 1855/1855/1855 1856/1856/1856 1857/1857/1857
f 1858/1858/1858 1859/1859/1859 1860/1860/1860
f 1861/1861/1861 1862/1862/1862 1863/1863/1863
f 1864/1864/1864 1865/1865/1865 1866/1866/1866
f 1867/1867/1867 1868/1868/1868 1869/1869/1869
f 1870/1870/1870 1871/1871/1871 1872/1872/1872
f 1873/1873/1873 1874/1874/1874 1875/1875/1875
f 1876/1876/1876 1877/1877/1877 1878/1878/1878
f 1879/1879/1879 1880/1880/1880 1881/1881/1881
f 1882/1882/1882 1883/1883/1883 1884/1884/1884
f 1885/1885/1885 1886/1886/1886 1887/1887/1887
f 1888/1888/1888 1889/1889/1889 1890/1890/1890
f 1891/1891/1891 1892/1892/1892 1893/1893/1893
f 1894/1894/1894 1895/1895/1895 1896/1896/1896
f 1897/1897/1897 1898/1898/1898 1899/1899/1899
f 1900/1900/1900 1901/1901/1901 1902/1902/1902
f 1903/1903/1903 1904/1904/1904 1905/1905/1905
f 1906/1906/1906 1907/1907/1907 1908/1908/1908
f 1909/1909/1909 1910/1910/1910 1911/1911/1911
f 1912/1912/1912 1913/1913/1913 1914/1914/1914
f 1915/1915/1915 1916/1916/1916 1917/1917/1917
f 1918/1918/1918 1919/1919/1919 1920/1920/1920
f 1921/1921/1921 1922/1922/1922 1923/1923/1923
f 1924/1924/1924 1925/1925/1925 1926/1926/1926
f 1927/1927/1927 1928/1928/1928 1929/1929/1929
f 1930/1930/1930 1931/1931/1931 1932/1932/1932
f 1933/1933/1933 1934/1934/1934 1935/1935/1935
f 1936/1936/1936 1937/1937/1937 1938/1938/1938
f 1939/1939/1939 1940/1940/1940 1941/1941/1941
f 1942/1942/1942 1943/1943/1943 1944/1944/1944
f 1945/1945/1945 1946/1946/1946 1947/1947/1947
f 1948/1948/1948 1949/1949/1949 1950/1950/1950
f 1951/1951/1951 1952/1952/1952 1953/1953/1953
f 1954/1954/1954 1955/1955/1955 1956/1956/1956
f 1957/1957/1957 1958/1958/1958 1959/1959/1959
f 1960/1960/1960 1961/1961/1961 1962/1962/1962
f 1963/1963/1963 1964/1964/1964 1965/1965/1965
f 1966/1966/1966 1967/1967/1967 1968/1968/1968
f 1969/1969/1969 1970/1970/1970 1971/1971/1971
f 1972/1972/1972 1973/1973/1973 1974/1974/1974
f 1975/1975/1975 1976/1976/1976 1977/1977/1977
f 1978/1978/1978 1979/1979/1979 1980/1980/1980
f 1981/1981/1981 1982/1982/1982 1983/1983/1983
f 1984/1984/1984 1985/1985/1985 1986/1986/1986
f 1987/1987/1987 1988/1988/1988 1989/1989/1989
f 1990/1990/1990 1991/1991/1991 1992/1992/1992
f 1993/1993/1993 1994/1994/1994 1995/1995/1995
f 1996/1996/1996 1997/1997/1997 1998/1998/1998
f 1999/1999/1999 2000/2000/2000 2001/2001/2001
f 2002/2002/2002 2003/2003/2003 2004/2004/2004
f 2005/2005/2005 2006/2006/2006 2007/2007/2007
f 2008/2008/2008 2009/2009/2009 2010/2010/2010
f 2011/2011/2011 2012/2012/2012 2013/2013/2013
f 2014/2014/2014 2015/2015/2015 2016/2016/2016
f 2017/2017/2017 2018/2018/2018 2019/2019/2019
f 2020/2020/2020 2021/2021/2021 2022/2022/2022
f 2023/2023/2023 2024/2024/2024 2025/2025/2025
f 2026/2026/2026 2027/2027/2027 2028/2028/2028
f 2029/2029/2029 2030/2030/2030 2031/2031/2031
f 2032/2032/2032 2033/2033/2033 2034/2034/2034
f 2035/2035/2035 2036/2036/2036 2037/2037/2037
f 2038/2038/2038 2039/2039/2039 2040/2040/2040
f 2041/2041/2041 2042/2042/2042 2043/2043/2043
f 2044/2044/2044 2045/2045/2045 2046/2046/2046
f 2047/2047/2047 2048/2048/2048 2049/2049/2049
f 2050/2050/2050 2051/2051/2051 2052/2052/2052
f 2053/2053/2053 2054/2054/2054 2055/2055/2055
f 2056/2056/2056 2057/2057/2057 2058/2058/2058
f 2059/2059/2059 2060/2060/2060 2061/2061/2061
f 2062/2062/2062 2063/2063/2063 2064/2064/2064
f 2065/2065/2065 2066/2066/2066 2067/2067/2067
f 2068/2068/2068 2069/2069/2069 2070/2070/2070
f 2071/2071/2071 2072/2072/2072 2073/2073/2073
f 2074/2074/2074 2075/2075/2075 2076/2076/2076
f 2077/2077/2077 2078/2078/2078 2079/2079/2079
f 2080/2080/2080 2081/2081/2081 2082/2082/2082
f 2083/2083/2083 2084/2084/2084 2085/2085/2085
f 2086/2086/2086 2087/2087/2087 2088/2088/2088
f 2089/2089/2089 2090/2090/2090 2091/2091/2091
f 2092/2092/2092 2093/2093/2093 2094/2094/2094
f 2095/2095/2095 2096/2096/2096 2097/2097/2097
f 2098/2098/2098 2099/2099/2099 2100/2100/2100
f 2101/2101/2101 2102/2102/2102 2103/2103/2103
f 2104/2104/2104 2105/2105/2105 2106/2106/2106
f 2107/2107/2107 2108/2108/2108 2109/2109/2109
f 2110/2110/2110 2111/2111/2111 2112/2112/2112
f 2113/2113/2113 2114/2114/2114 2115/2115/2115
f 2116/2116/2116 2117/2117/2117 2118/2118/2118
f 2119/2119/2119 2120/2120/2120 2121/2121/2121
f 2122/2122/2122 2123/2123/2123 2124/2124/2124
f 2125/2125/2125 2126/2126/2126 2127/2127/2127
f 2128/2128/2128 2129/2129/2129 2130/2130/2130
f 2131/2131/2131 2132/2132/2132 2133/2133/2133
f 2134/2134/2134 2135/2135/2135 2136/2136/2136
f 2137/2137/2137 2138/2138/2138 2139/2139/2139
f 2140/2140/2140 2141/2141/2141 2142/2142/2142
f 2143/2143/2143 2144/2144/2144 2145/2145/2145
f 2146/2146/2146 2147/2147/2147 2148/2148/2148
f 2149/2149/2149 2150/2150/2150 2151/2151/2151
f 2152/2152/2152 2153/2153/2153 2154/2154/2154
f 2155/2155/2155 2156/2156/2156 2157/2157/2157
f 2158/2158/2158 2159/2159/2159 2160/2160/2160
f 2161/2161/2161 2162/2162/2162 2163/2163/2163
f 2164/2164/2164 2165/2165/2165 2166/2166/2166
f 2167/2167/2167 2168/2168/2168 2169/2169/2169
f 2170/2170/2170 2171/2171/2171 2172/2172/2172
f 2173/2173/2173 2174/2174/2174 2175/2175/2175
f 2176/2176/2176 2177/2177/2177 2178/2178/2178
f 2179/2179/2179 2180/2180/2180 2181/2181/2181
f 2182/2182/2182 2183/2183/2183 2184/2184/2184
f 2185/2185/2185 2186/2186/2186 2187/2187/2187
f 2188/2188/2188 2189/2189/2189 2190/2190/2190
f 2191/2191/2191 2192/2192/2192 2193/2193/2193
f 2194/2194/2194 2195/2195/2195 2196/2196/2196
f 2197/2197/2197 2198/2198/2198 2199/2199/2199
f 2200/2200/2200 2201/2201/2201 2202/2202/2202
f 2203/2203/2203 2204/2204/2204 2205/2205/2205
f 2206/2206/2206 2207/2207/2207 2208/2208/2208
f 2209/2209/2209 2210/2210/2210 2211/2211/2211
f 2212/2212/2212 2213/2213/2213 2214/2214/2214
f 2215/2215/2215 2216/2216/2216 2217/2217/2217
f 2218/2218/2218 2219/2219/2219 2220/2220/2220
f 2221/2221/2221 2222/2222/2222 2223/2223/2223
f 2224/2224/2224 2225/2225/2225 2226/2226/2226
f 2227/2227/2227 2228/2228/2228 2229/2229/2229
f 2230/2230/2230 2231/2231/2231 2232/2232/2232
f 2233/2233/2233 2234/2234/2234 2235/2235/2235
f 2236/2236/2236 2237/2237/2237 2238/2238/2238
f 2239/2239/2239 2240/2240/2240 2241/2241/2241
f 2242/2242/2242 2243/2243/2243 2244/2244/2244
f 2245/2245/2245 2246/2246/2246 2247/2247/2247
f 2248/2248/2248 2249/2249/2249 2250/2250/2250
f 2251/2251/2251 2252/2252/2252 2253/2253/2253
f 2254/2254/2254 2255/2255/2255 2256/2256/2256
f 2257/2257/2257 2258/2258/2258 2259/2259/2259
f 2260/2260/2260 2261/2261/2261 2262/2262/2262
f 2263/2263/2263 2264/2264/2264 2265/2265/2265
f 2266/2266/2266 2267/2267/2267 2268/2268/2268
f 2269/2269/2269 2270/2270/2270 2271/2271/2271
f 2272/2272/2272 2273/2273/2273 2274/2274/2274
f 2275/2275/2275 2276/2276/2276 2277/2277/2277
f 2278/2278/2278 2279/2279/2279 2280/2280/2280
f 2281/2281/2281 2282/2282/2282 2283/2283/2283
f 2284/2284/2284 2285/2285/2285 2286/2286/2286
f 2287/2287/2287 2288/2288/2288 2289/2289/2289
f 2290/2290/2290 2291/2291/2291 2292/2292/2292
f 2293/2293/2293 2294/2294/2294 2295/2295/2295
f 2296/2296/2296 2297/2297/2297 2298/2298/2298
f 2299/2299/2299 2300/2300/2300 2301/2301/2301
f 2302/2302/2302 2303/2303/2303 2304/2304/2304
f 2305/2305/2305 2306/2306/2306 2307/2307/2307
f 2308/2308/2308 2309/2309/2309 2310/2310/2310
f 2311/2311/2311 2312/2312/2312 2313/2313/2313
f 2314/2314/2314 2315/2315/2315 2316/2316/2316
f 2317/2317/2317 2318/2318/2318 2319/2319/2319
f 2320/2320/2320 2321/2321/2321 2322/2322/2322
f 2323/2323/2323 2324/2324/2324 2325/2325/2325
f 2326/2326/2326 2327/2327/2327 2328/2328/2328
f 2329/2329/2329 2330/2330/2330 2331/2331/2331
f 2332/2332/2332 2333/2333/2333 2334/2334/2334
f 2335/2335/2335 2336/2336/2336 2337/2337/2337
f 2338/2338/2338 2339/2339/2339 2340/2340/2340
f 2341/2341/2341 2342/2342/2342 2343/2343/2343
f 2344/2344/2344 2345/2345/2345 2346/2346/2346
f 2347/2347/2347 2348/2348/2348 2349/2349/2349
f 2350/2350/2350 2351/2351/2351 2352/2352/2352
f 2353/2353/2353 2354/2354/2354 2355/2355/2355
f 2356/2356/2356 2357/2357/2357 2358/2358/2358
f 2359/2359/2359 2360/2360/2360 2361/2361/2361
f 2362/2362/2362 2363/2363/2363 2364/2364/2364
f 2365/2365/2365 2366/2366/2366 2367/2367/2367
f 2368/2368/2368 2369/2369/2369 2370/2370/2370
f 2371/2371/2371 2372/2372/2372 2373/2373/2373
f 2374/2374/2374 2375/2375/2375 2376/2376/2376
f 2377/2377/2377 2378/2378/2378 2379/2379/2379
f 2380/2380/2380 2381/2381/2381 2382/2382/2382
f 2383/2383/2383 2384/2384/2384 2385/2385/2385
f 2386/2386/2386 2387/2387/2387 2388/2388/2388
f 2389/2389/2389 2390/2390/2390 2391/2391/2391
f 2392/2392/2392 2393/2393/2393 2394/2394/2394
f 2395/2395/2395 2396/2396/2396 2397/2397/2397
f 2398/2398/2398 2399/2399/2399 2400/2400/2400
f 2401/2401/2401 2402/2402/2402 2403/2403/2403
f 2404/2404/2404 2405/2405/2405 2406/2406/2406
f 2407/2407/2407 2408/2408/2408 2409/2409/2409
f 2410/2410/2410 2411/2411/2411 2412/2412/2412
f 2413/2413/2413 2414/2414/2414 2415/2415/2415
f 2416/2416/2416 2417/2417/2417 2418/2418/2418
f 2419/2419/2419 2420/2420/2420 2421/2421/2421
f 2422/2422/2422 2423/2423/2423 2424/2424/2424
f 2425/2425/2425 2426/2426/2426 2427/2427/2427
f 2428/2428/2428 2429/2429/2429 2430/2430/2430
f 2431/2431/2431 2432/2432/2432 2433/2433/2433
f 2434/2434/2434 2435/2435/2435 2436/2436/2436
f 2437/2437/2437 2438/2438/2438 2439/2439/2439
f 2440/2440/2440 2441/2441/2441 2442/2442/2442
f 2443/2443/2443 2444/2444/2444 2445/2445/2445
f 2446/2446/2446 2447/2447/2447 2448/2448/2448
f 2449/2449/2449 2450/2450/2450 2451/2451/2451
f 2452/2452/2452 2453/2453/2453 2454/2454/2454
f 2455/2455/2455 2456/2456/2456 2457/2457/2457
f 2458/2458/2458 2459/2459/2459 2460/2460/2460
f 2461/2461/2461 2462/2462/2462 2463/2463/2463
f 2464/2464/2464 2465/2465/2465 2466/2466/2466
f 2467/2467/2467 2468/2468/2468 2469/2469/2469
f 2470/2470/2470 2471/2471/2471 2472/2472/2472
f 2473/2473/2473 2474/2474/2474 2475/2475/2475
f 2476/2476/2476 2477/2477/2477 2478/2478/2478
f 2479/2479/2479 2480/2480/2480 2481/2481/2481
f 2482/2482/2482 2483/2483/2483 2484/2484/2484
f 2485/2485/2485 2486/2486/2486 2487/2487/2487
f 2488/2488/2488 2489/2489/2489 2490/2490/2490
f 2491/2491/2491 2492/2492/2492 2493/2493/2493
f 2494/2494/2494 2495/2495/2495 2496/2496/2496
f 2497/2497/2497 2498/2498/2498 2499/2499/2499
f 2500/2500/2500 2501/2501/2501 2502/2502/2502
f 2503/2503/2503 2504/2504/2504 2505/2505/2505
f 2506/2506/2506 2507/2507/2507 2508/2508/2508
f 2509/2509/2509 2510/2510/2510 2511/2511/2511
f 2512/2512/2512 2513/2513/2513 2514/2514/2514
f 2515/2515/2515 2516/2516/2516 2517/2517/2517
f 2518/2518/2518 2519/2519/2519 2520/2520/2520
f 2521/2521/2521 2522/2522/2522 2523/2523/2523
f 2524/2524/2524 2525/2525/2525 2526/2526/2526
f 2527/2527/2527 2528/2528/2528 2529/2529/2529
f 2530/2530/2530 2531/2531/2531 2532/2532/2532
f 2533/2533/2533 2534/2534/2534 2535/2535/2535
f 2536/2536/2536 2537/2537/2537 2538/2538/2538
f 2539/2539/2539 2540/2540/2540 2541/2541/2541
f 2542/2542/2542 2543/2543/2543 2544/2544/2544
f 2545/2545/2545 2546/2546/2546 2547/2547/2547
f 2548/2548/2548 2549/2549/2549 2550/2550/2550
f 2551/2551/2551 2552/2552/2552 2553/2553/2553
f 2554/2554/2554 2555/2555/2555 2556/2556/2556
f 2557/2557/2557 2558/2558/2558 2559/2559/2559
f 2560/2560/2560 2561/2561/2561 2562/2562/2562
f 2563/2563/2563 2564/2564/2564 2565/2565/2565
f 2566/2566/2566 2567/2567/2567 2568/2568/2568
f 2569/2569/2569 2570/2570/2570 2571/2571/2571
f 2572/2572/2572 2573/2573/2573 2574/2574/2574
f 2575/2575/2575 2576/2576/2576 2577/2577/2577
f 2578/2578/2578 2579/2579/2579 2580/2580/2580
f 2581/2581/2581 2582/2582/2582 2583/2583/2583
f 2584/2584/2584 2585/2585/2585 2586/2586/2586
f 2587/2587/2587 2588/2588/2588 2589/2589/2589
f 2590/2590/2590 2591/2591/2591 2592/2592/2592
f 2593/2593/2593 2594/2594/2594 2595/2595/2595
f 2596/2596/2596 2597/2597/2597 2598/2598/2598
f 2599/2599/2599 2600/2600/2600 2601/2601/2601
f 2602/2602/2602 2603/2603/2603 2604/2604/2604
f 2605/2605/2605 2606/2606/2606 2607/2607/2607
f 2608/2608/2608 2609/2609/2609 2610/2610/2610
f 2611/2611/2611 2612/2612/2612 2613/2613/2613
f 2614/2614/2614 2615/2615/2615 2616/2616/2616
f 2617/2617/2617 2618/2618/2618 2619/2619/2619
f 2620/2620/2620 2621/2621/2621 2622/2622/2622
f 2623/2623/2623 2624/2624/2624 2625/2625/2625
f 2626/2626/2626 2627/2627/2627 2628/2628/2628
f 2629/2629/2629 2630/2630/2630 2631/2631/2631
f 2632/2632/2632 2633/2633/2633 2634/2634/2634
f 2635/2635/2635 2636/2636/2636 2637/2637/2637
f 2638/2638/2638 2639/2639/2639 2640/2640/2640
f 2641/2641/2641 2642/2642/2642 2643/2643/2643
f 2644/2644/2644 2645/2645/2645 2646/2646/2646
f 2647/2647/2647 2648/2648/2648 2649/2649/2649
f 2650/2650/2650 2651/2651/2651 2652/2652/2652
f 2653/2653/2653 2654/2654/2654 2655/2655/2655
f 2656/2656/2656 2657/2657/2657 2658/2658/2658
f 2659/2659/2659 2660/2660/2660 2661/2661/2661
f 2662/2662/2662 2663/2663/2663 2664/2664/2664
f 2665/2665/2665 2666/2666/2666 2667/2667/2667
f 2668/2668/2668 2669/2669/2669 2670/2670/2670
f 2671/2671/2671 2672/2672/2672 2673/2673/2673
f 2674/2674/2674 2675/2675/2675 2676/2676/2676
f 2677/2677/2677 2678/2678/2678 2679/2679/2679
f 2680/2680/2680 2681/2681/2681 2682/2682/2682
f 2683/2683/2683 2684/2684/2684 2685/2685/2685
f 2686/2686/2686 2687/2687/2687 2688/2688/2688
f 2689/2689/2689 2690/2690/2690 2691/2691/2691
f 2692/2692/2692 2693/2693/2693 2694/2694/2694
f 2695/2695/2695 2696/2696/2696 2697/2697/2697
f 2698/2698/2698 2699/2699/2699 2700/2700/2700
f 2701/2701/2701 2702/2702/2702 2703/2703/2703
f 2704/2704/2704 2705/2705/2705 2706/2706/2706
f 2707/2707/2707 2708/2708/2708 2709/2709/2709
f 2710/2710/2710 2711/2711/2711 2712/2712/2712
f 2713/2713/2713 2714/2714/2714 2715/2715/2715
f 2716/2716/2716 2717/2717/2717 2718/2718/2718
f 2719/2719/2719 2720/2720/2720 2721/2721/2721
f 2722/2722/2722 2723/2723/2723 2724/2724/2724
f 2725/2725/2725 2726/2726/2726 2727/2727/2727
f 2728/2728/2728 2729/2729/2729 2730/2730/2730
f 2731/2731/2731 2732/2732/2732 2733/2733/2733
f 2734/2734/2734 2735/2735/2735 2736/2736/2736
f 2737/2737/2737 2738/2738/2738 2739/2739/2739
f 2740/2740/2740 2741/2741/2741 2742/2742/2742
f 2743/2743/2743 2744/2744/2744 2745/2745/2745
f 2746/2746/2746 2747/2747/2747 2748/2748/2748
f 2749/2749/2749 2750/2750/2750 2751/2751/2751
f 2752/2752/2752 2753/2753/2753 2754/2754/2754
f 2755/2755/2755 2756/2756/2756 2757/2757/2757
f 2758/2758/2758 2759/2759/2759 2760/2760/2760
f 2761/2761/2761 2762/2762/2762 2763/2763/2763
f 2764/2764/2764 2765/2765/2765 2766/2766/2766
f 2767/2767/2767 2768/2768/2768 2769/2769/2769
f 2770/2770/2770 2771/2771/2771 2772/2772/2772
f 2773/2773/2773 2774/2774/2774 2775/2775/2775
f 2776/2776/2776 2777/2777/2777 2778/2778/2778
f 2779/2779/2779 2780/2780/2780 2781/2781/2781
f 2782/2782/2782 2783/2783/2783 2784/2784/2784
f 2785/2785/2785 2786/2786/2786 2787/2787/2787
f 2788/2788/2788 2789/2789/2789 2790/2790/2790
f 2791/2791/2791 2792/2792/2792 2793/2793/2793
f 2794/2794/2794 2795/2795/2795 2796/2796/2796
f 2797/2797/2797 2798/2798/2798 2799/2799/2799
f 2800/2800/2800 2801/2801/2801 2802/2802/2802
f 2803/2803/2803 2804/2804/2804 2805/2805/2805
f 2806/2806/2806 2807/2807/2807 2808/2808/2808
f 2809/2809/2809 2810/2810/2810 2811/2811/2811
f 2812/2812/2812 2813/2813/2813 2814/2814/2814
f 2815/2815/2815 2816/2816/2816 2817/2817/2817
f 2818/2818/2818 2819/2819/2819 2820/2820/2820
f 2821/2821/2821 2822/2822/2822 2823/2823/2823
f 2824/2824/2824 2825/2825/2825 2826/2826/2826
f 2827/2827/2827 2828/2828/2828 2829/2829/2829
f 2830/2830/2830 2831/2831/2831 2832/2832/2832
f 2833/2833/2833 2834/2834/2834 2835/2835/2835
f 2836/2836/2836 2837/2837/2837 2838/2838/2838
f 2839/2839/2839 2840/2840/2840 2841/2841/2841
f 2842/2842/2842 2843/2843/2843 2844/2844/2844
f 2845/2845/2845 2846/2846/2846 2847/2847/2847
f 2848/2848/2848 2849/2849/2849 2850/2850/2850
f 2851/2851/2851 2852/2852/2852 2853/2853/2853
f 2854/2854/2854 2855/2855/2855 2856/2856/2856
f 2857/2857/2857 2858/2858/2858 2859/2859/2859
f 2860/2860/2860 2861/2861/2861 2862/2862/2862
f 2863/2863/2863 2864/2864/2864 2865/2865/2865
f 2866/2866/2866 2867/2867/2867 2868/2868/2868
f 2869/2869/2869 2870/2870/2870 2871/2871/2871
f 2872/2872/2872 2873/2873/2873 2874/2874/2874
f 2875/2875/2875 2876/2876/2876 2877/2877/2877
f 2878/2878/2878 2879/2879/2879 2880/2880/2880
f 2881/2881/2881 2882/2882/2882 2883/2883/2883
f 2884/2884/2884 2885/2885/2885 2886/2886/2886
f 2887/2887/2887 2888/2888/2888 2889/2889/2889
f 2890/2890/2890 2891/2891/2891 2892/2892/2892
f 2893/2893/2893 2894/2894/2894 2895/2895/2895
f 2896/2896/2896 2897/2897/2897 2898/2898/2898
f 2899/2899/2899 2900/2900/2900 2901/2901/2901
f 2902/2902/2902 2903/2903/2903 2904/2904/2904
f 2905/2905/2905 2906/2906/2906 2907/2907/2907
f 2908/2908/2908 2909/2909/2909 2910/2910/2910
f 2911/2911/2911 2912/2912/2912 2913/2913/2913
f 2914/2914/2914 2915/2915/2915 2916/2916/2916
f 2917/2917/2917 2918/2918/2918 2919/2919/2919
f 2920/2920/2920 2921/2921/2921 2922/2922/2922
f 2923/2923/2923 2924/2924/2924 2925/2925/2925
f 2926/2926/2926 2927/2927/2927 2928/2928/2928
f 2929/2929/2929 2930/2930/2930 2931/2931/2931
f 2932/2932/2932 2933/2933/2933 2934/2934/2934
f 2935/2935/2935 2936/2936/2936 2937/2937/2937
f 2938/2938/2938 2939/2939/2939 2940/2940/2940
f 2941/2941/2941 2942/2942/2942 2943/2943/2943
f 2944/2944/2944 2945/2945/2945 2946/2946/2946
f 2947/2947/2947 2948/2948/2948 2949/2949/2949
f 2950/2950/2950 2951/2951/2951 2952/2952/2952
f 2953/2953/2953 2954/2954/2954 2955/2955/2955
f 2956/2956/2956 2957/2957/2957 2958/2958/2958
f 2959/2959/2959 2960/2960/2960 2961/2961/2961
f 2962/2962/2962 2963/2963/2963 2964/2964/2964
f 2965/2965/2965 2966/2966/2966 2967/2967/2967
f 2968/2968/2968 2969/2969/2969 2970/2970/2970
f 2971/2971/2971 2972/2972/2972 2973/2973/2973
f 2974/2974/2974 2975/2975/2975 2976/2976/2976
f 2977/2977/2977 2978/2978/2978 2979/2979/2979
f 2980/2980/2980 2981/2981/2981 2982/2982/2982
f 2983/2983/2983 2984/2984/2984 2985/2985/2985
f 2986/2986/2986 2987/2987/2987 2988/2988/2988
f 2989/2989/2989 2990/2990/2990 2991/2991/2991
f 2992/2992/2992 2993/2993/2993 2994/2994/2994
f 2995/2995/2995 2996/2996/2996 2997/2997/2997
f 2998/2998/2998 2999/2999/2999 3000/3000/3000
f 3001/3001/3001 3002/3002/3002 3003/3003/3003
f 3004/3004/3004 3005/3005/3005 3006/3006/3006
f 3007/3007/3007 3008/3008/3008 3009/3009/3009
f 3010/3010/3010 3011/3011/3011 3012/3012/3012
f 3013/3013/3013 3014/3014/3014 3015/3015/3015
f 3016/3016/3016 3017/3017/3017 3018/3018/3018
f 3019/3019/3019 3020/3020/3020 3021/3021/3021
f 3022/3022/3022 3023/3023/3023 3024/3024/3024
f 3025/3025/3025 3026/3026/3026 3027/3027/3027
f 3028/3028/3028 3029/3029/3029 3030/3030/3030
f 3031/3031/3031 3032/3032/3032 3033/3033/3033
f 3034/3034/3034 3035/3035/3035 3036/3036/3036
f 3037/3037/3037 3038/3038/3038 3039/3039/3039
f 3040/3040/3040 3041/3041/3041 3042/3042/3042
f 3043/3043/3043 3044/3044/3044 3045/3045/3045
f 3046/3046/3046 3047/3047/3047 3048/3048/3048
f 3049/3049/3049 3050/3050/3050 3051/3051/3051
f 3052/3052/3052 3053/3053/3053 3054/3054/3054
f 3055/3055/3055 3056/3056/3056 3057/3057/3057
f 3058/3058/3058 3059/3059/3059 3060/3060/3060
f 3061/3061/3061 3062/3062/3062 3063/3063/3063
f 3064/3064/3064 3065/3065/3065 3066/3066/3066
f 3067/3067/3067 3068/3068/3068 3069/3069/3069
f 3070/3070/3070 3071/3071/3071 3072/3072/3072
f 3073/3073/3073 3074/3074/3074 3075/3075/3075
f 3076/3076/3076 3077/3077/3077 3078/3078/3078
f 3079/3079/3079 3080/3080/3080 3081/3081/3081
f 3082/3082/3082 3083/3083/3083 3084/3084/3084
f 3085/3085/3085 3086/3086/3086 3087/3087/3087
f 3088/3088/3088 3089/3089/3089 3090/3090/3090
f 3091/3091/3091 3092/3092/3092 3093/3093/3093
f 3094/3094/3094 3095/3095/3095 3096/3096/3096
f 3097/3097/3097 3098/3098/3098 3099/3099/3099
f 3100/3100/3100 3101/3101/3101 3102/3102/3102
f 3103/3103/3103 3104/3104/3104 3105/3105/3105
f 3106/3106/3106 3107/3107/3107 3108/3108/3108
f 3109/3109/3109 3110/3110/3110 3111/3111/3111
f 3112/3112/3112 3113/3113/3113 3114/3114/3114
f 3115/3115/3115 3116/3116/3116 3117/3117/3117
f 3118/3118/3118 3119/3119/3119 3120/3120/3120
f 3121/3121/3121 3122/3122/3122 3123/3123/3123
f 3124/3124/3124 3125/3125/3125 3126/3126/3126
f 3127/3127/3127 3128/3128/3128 3129/3129/3129
f 3130/3130/3130 3131/3131/3131 3132/3132/3132
f 3133/3133/3133 3134/3134/3134 3135/3135/3135
f 3136/3136/3136 3137/3137/3137 3138/3138/3138
f 3139/3139/3139 3140/3140/3140 3141/3141/3141
f 3142/3142/3142 3143/3143/3143 3144/3144/3144
f 3145/3145/3145 3146/3146/3146 3147/3147/3147
f 3148/3148/3148 3149/3149/3149 3150/3150/3150
f 3151/3151/3151 3152/3152/3152 3153/3153/3153
f 3154/3154/3154 3155/3155/3155 3156/3156/3156
f 3157/3157/3157 3158/3158/3158 3159/3159/3159
f 3160/3160/3160 3161/3161/3161 3162/3162/3162
f 3163/3163/3163 3164/3164/3164 3165/3165/3165
f 3166/3166/3166 3167/3167/3167 3168/3168/3168
f 3169/3169/3169 3170/3170/3170 3171/3171/3171
f 3172/3172/3172 3173/3173/3173 3174/3174/3174
f 3175/3175/3175 3176/3176/3176 3177/3177/3177
f 3178/3178/3178 3179/3179/3179 3180/3180/3180
